id,name__en,name__de,name__en_ca,name__en_gb,name__fr,name__hak,name__lzh,name__nan,name__yue,name__zh,name__zh_cn,name__zh_hk,name__zh_sg,name__zh_tw,name,wikipedia__en,gender,birth_date,given_name,original_wikiname,name__nl,name__zh_hans,name__zh_hant,name__es,wikipedia__zh_min_nan,wikipedia__zh,image,family_name,name__it,name__ru,name__pl,name__ko,name__ms,name__id,name__ja,name__vi,name__my,name__ar,name__sv,name__hi,name__th,name__fi,name__uk,name__cs,name__mr,name__km,name__da,name__nb,name__la,name__tl,name__nn,name__zh_mo,name__zh_my,name__pt,name__bn,wikipedia__ar,wikipedia__bn,wikipedia__cs,wikipedia__da,wikipedia__de,wikipedia__enwikiquote,wikipedia__es,wikipedia__fi,wikipedia__fr,wikipedia__hak,wikipedia__hi,wikipedia__id,wikipedia__it,wikipedia__ja,wikipedia__km,wikipedia__ko,wikipedia__la,wikipedia__mr,wikipedia__ms,wikipedia__my,wikipedia__no,wikipedia__pl,wikipedia__pt,wikipedia__ru,wikipedia__simple,wikipedia__sv,wikipedia__th,wikipedia__tl,wikipedia__uk,wikipedia__vi,wikipedia__zh_yue,identifier__ISNI,identifier__VIAF,identifier__GND,identifier__LCAuth,identifier__SUDOC,identifier__freebase,identifier__NTA,identifier__NNDB,identifier__Munzinger,name__nds,name__vmf,name__ta,wikipedia__ta,name__qu,name__he,name__oc,name__yo,name__lv,name__gl,name__el,name__eo,name__sr,name__tr,name__io,name__fa,name__ca,name__et,name__pt_br,name__be,name__ro,name__az,name__hu,name__hy,wikipedia__az,wikipedia__be,wikipedia__ca,wikipedia__commons,wikipedia__dewikiquote,wikipedia__el,wikipedia__enwikinews,wikipedia__eo,wikipedia__et,wikipedia__fa,wikipedia__gl,wikipedia__he,wikipedia__hy,wikipedia__io,wikipedia__lv,wikipedia__nl,wikipedia__oc,wikipedia__plwikiquote,wikipedia__qu,wikipedia__ro,wikipedia__sr,wikipedia__tr,wikipedia__yo,identifier__IMDB,name__pa,twitter,facebook,death_date,identifier__OLID,electoral_district,identifier__BNF,name__jv,wikipedia__jv,wikipedia__itwikiquote,website,name__ml,name__sh,name__diq,name__mzn,name__ur,name__ckb,name__arz,name__tg,name__azb,wikipedia__arwikiquote,wikipedia__arwikisource,wikipedia__arz,wikipedia__azb,wikipedia__azwikiquote,wikipedia__ckb,wikipedia__diq,wikipedia__enwikisource,wikipedia__fawikiquote,wikipedia__fawikisource,wikipedia__ml,wikipedia__mzn,wikipedia__sh,wikipedia__tg,wikipedia__trwikiquote,wikipedia__ur,identifier__SELIBR,name__eu,name__is,name__mk,name__be_tarask,name__ne,name__kk_arab,name__kk_cn,name__kk_tr,name__kk_kz,name__kk_cyrl,name__kk_latn,name__li,name__sa,name__war,name__bg,name__kk,name__ky,name__new,name__sco,name__si,name__mg,name__bcl,name__pnb,name__wuu,name__yi,name__ba,name__ka,name__sd,name__tt,name__vo,name__cy,name__lb,name__lo,name__mn,name__te,name__gu,wikipedia__ba,wikipedia__bcl,wikipedia__be_x_old,wikipedia__bg,wikipedia__cy,wikipedia__eu,wikipedia__gu,wikipedia__hu,wikipedia__is,wikipedia__ka,wikipedia__kk,wikipedia__ky,wikipedia__lb,wikipedia__li,wikipedia__lo,wikipedia__mg,wikipedia__mk,wikipedia__mn,wikipedia__ne,wikipedia__new,wikipedia__nn,wikipedia__nnwikiquote,wikipedia__pnb,wikipedia__ruwikinews,wikipedia__ruwikiquote,wikipedia__sa,wikipedia__sco,wikipedia__sd,wikipedia__te,wikipedia__thwikiquote,wikipedia__tt,wikipedia__vo,wikipedia__war,wikipedia__wuu,wikipedia__yi,wikipedia__zh_classical,wikipedia__zhwikiquote,identifier__NDL,identifier__CANTIC,identifier__NLA,identifier__FAST,identifier__Britannica
Q1071599,Chiam See Tong,Chiam See Tong,,,Chiam See Tong,,,Chiam Sî-tiong,,詹時中,,,,,Chiam See Tong,Chiam See Tong,male,1935-03-12,,Chiam See Tong,Chiam See Tong,,詹時中,Chiam See Tong,Chiam Sî-tiong,詹時中,https://upload.wikimedia.org/wikipedia/commons/4/4a/ChiamSeeTong-SDARally-20060502.jpg,,,,,,Chiam See Tong,Chiam See Tong,,Chiêm Thời Trung,,,,,,,,,,,,,,,,,,,,,,,,Chiam See Tong,,,,,,,Chiam See Tong,,,,,,,Chiam See Tong,,,,,,,,,,,Chiêm Thời Trung,,,,,,,/m/05cdjc,,,,,,,,,,,,,,,,,,,,,,,,,,Chiam See Tong,,,,,,,,,,,,,,,,,,,,,,,,,,,,,,,,,,,,,,,,,,,,,,,,,,,,,,,,,,,,,,,,,,,,,,,,,,,,,,,,,,,,,,,,,,,,,,,,,,,,,,,,,,,,,,,,,,,,,,,,,,,,,,,,,,,,,,,,,,,,
Q131248,Lee Kuan Yew,Lee Kuan Yew,,,Lee Kuan Yew,Lí Kông-yeu,李光耀,Lí Kong-iāu,李光耀,李光耀,李光耀,李光耀,李光耀,李光耀,Lee Kuan Yew,Lee Kuan Yew,male,1923-09-16,,Lee Kuan Yew,Lee Kuan Yew,李光耀,李光耀,Lee Kuan Yew,Lí Kong-iāu,李光耀,https://upload.wikimedia.org/wikipedia/commons/0/0f/Lee_Kuan_Yew.jpg,Li,Lee Kuan Yew,Ли Куан Ю,Lee Kuan Yew,리콴유,Lee Kuan Yew,Lee Kuan Yew,リー・クアンユー,Lý Quang Diệu,လီကွမ်းယု,لي كوان يو,Lee Kuan Yew,ली क्वान यू,ลี กวนยู,Lee Kuan Yew,Лі Куан Ю,Li Kuang-jao,ली क्वान यू,លី ក្វាន់យូ,Lee Kuan Yew,Lee Kuan Yew,Lee Kuan Yew,Lee Kuan Yew,Lee Kuan Yew,,,Lee Kuan Yew,লি কুয়ান ইউ,لي كوان يو,লি কুয়ান ইউ,Li Kuang-jao,Lee Kuan Yew,Lee Kuan Yew,Lee Kuan Yew,Lee Kuan Yew,Lee Kuan Yew,Lee Kuan Yew,Lí Kông-yeu,ली क्वान यू,Lee Kuan Yew,Lee Kuan Yew,リー・クアンユー,លី ក្វាន់យូ,리콴유,Lee Kuan Yew,ली क्वान यू,Lee Kuan Yew,လီကွမ်းယု,Lee Kuan Yew,Lee Kuan Yew,Lee Kuan Yew,Ли Куан Ю,Lee Kuan Yew,Lee Kuan Yew,ลี กวนยู,Lee Kuan Yew,Лі Куан Ю,Lý Quang Diệu,李光耀,0000 0001 1000 4273,97994136,118997734,n50039577,058754962,/m/0h9q0,,,00000007900,,,லீ குவான் யூ,லீ குவான் யூ,Lee Kuan Yew,לי קואן יו,,,Li Guanjao,Lee Kuan Yew,,Lee Kuan Yew,Ли Гуангјао,Lee Kuan Yew,Lee Kuan Yew,لی کوآن یو,Lee Kuan Yew,Lee Kuan Yew,,Лі Куан Ю,Lee Kuan Yew,Li Kuan Yu,Li Kuang-jao,Լի Կուան Յու,Li Kuan Yu,Лі Куан Ю,Lee Kuan Yew,Category:Lee Kuan Yew,Lee Kuan Yew,,,Lee Kuan Yew,Lee Kuan Yew,لی کوآن یو,,לי קואן יו,Լի Կուան Յու,Lee Kuan Yew,Li Guanjao,Lee Kuan Yew,,Lee Kuan Yew,Lee Kuan Yew,Lee Kuan Yew,Ли Гуангјао,Lee Kuan Yew,,nm2285412,,,,2015-03-22,,,136182260,Lee Kuan Yew,Lee Kuan Yew,,,ലീ ക്വാൻ യു,Lee Kuan Yew,,,لی کوان یئو,,,,,,,,,,,,,,,ലീ ക്വാൻ യു,,Lee Kuan Yew,,,لی کوان یئو,,Lee Kuan Yew,Lee Kuan Yew,Ли Куан Ју,Лі Куан Ю,ली कुआन यु,لىي كۋان يۋ,لىي كۋان يۋ,Lï Kwan YU,Ли Куан Ю,Ли Куан Ю,Lï Kwan YU,Lee Kuan Yew,ली क्वान यु,Lee Kuan Yew,Ли Куан Ю,Ли Куан Ю,Ли Куан Ю,ली क्वान यु,Lee Kuan Yew,Lee Kuan Yew,Lee Kuan Yew,Lee Kuan Yew,لی کوان یو,李光耀,לי קוואן יו,Ли Куан Ю,ლი კუან იუ,لي ڪوان يئو,Li Kuan Yu,Lee Kuan Yew,Lee Kuan Yew,Lee Kuan Yew,ລີ ກວນ ຍູ,Ли Куан Ю,లీ క్వాన్‌ యూ,લી ક્વાન યૂ,Ли Куан Ю,Lee Kuan Yew,Лі Куан Ю,Ли Куан Ю,Lee Kuan Yew,Lee Kuan Yew,લી ક્વાન યૂ,Li Kuang-jao,Lee Kuan Yew,ლი კუან იუ,Ли Куан Ю,Ли Куан Ю,Lee Kuan Yew,Lee Kuan Yew,ລີ ກວນ ຍູ,Lee Kuan Yew,Ли Куан Ју,Ли Куан Ю,ली कुआन यु,ली क्वान यु,Lee Kuan Yew,Lee Kuan Yew,لی کوان یو,Категория:Ли Куан Ю,Ли Куан Ю,ली क्वान् यू,Lee Kuan Yew,لي ڪوان يئو,లీ క్వాన్‌ యూ,ลี กวน ยู,Li Kuan Yu,Lee Kuan Yew,Lee Kuan Yew,李光耀,לי קוואן יו,李光耀,李光耀,00470266,a11341701,,13516,
Q14188985,Lim Hwee Hua,Lim Hwee Hua,,,Lim Hwee Hua,,,,,,,,,,Lim Hwee Hua,Lim Hwee Hua,female,1959-02-26,,Lim Hwee Hua,Lim Hwee Hua,,,Lim Hwee Hua,,,https://upload.wikimedia.org/wikipedia/commons/6/68/Lim_Hwee_Hua.jpg,,,,,,,,,,,,,,,,,,,,,,,,,,,,,,,,,,,,,,,,,,,,,,,,,,,,,,,,,,,,,,,,,,,,,,,,,,,,,,,,,,,,,,,,,,,Lim Hwee Hua,,,,,Category:Lim Hwee Hua,,,,,,,,,,,,,,,,,,,,,,,,,,,,,,,,,,,,,,,,,,,,,,,,,,,,,,,,,,,,,,,,,,,,,,,,,,,,,,,,,,,,,,,,,,,,,,,,,,,,,,,,,,,,,,,,,,,,,,,,,,,,,,,,,,,,,,,
Q14950534,Lee Bee Wah,Lee Bee Wah,Lee Bee Wah,Lee Bee Wah,Lee Bee Wah,Lí Mî-fâ,李美花,Lí Bí-hoa,李美花,李美花,李美花,李美花,李美花,李美花,Lee Bee Wah,Lee Bee Wah,female,1960-10-06,,Lee Bee Wah,Lee Bee Wah,,,,,,https://upload.wikimedia.org/wikipedia/commons/9/9c/Lee_Bee_Wah_Nomination_Day_GE_2011.jpg,,,,,,,,,,,,,,,,,,,,,,,,,,,,,,,,,,,,,,,,,,,,,,,,,,,,,,,,,,,,,,,,,,,,,,,,,,,,,,,,,,,,,,,,,,,,,,,,,,,,,,,,,,,,,,,,,,,,,,,,,,,,,,,,,,,,,,,,,,,,,,,,,,,,,,,,,,,,,,,,,,,,,,,,,,,,,,,,,,,,,,,,,,,,,,,,,,,,,,,,,,,,,,,,,,,,,,,,,,,,,,,,,,,,,,,
Q15082672,Cedric Foo,Cedric Foo,Cedric Foo,Cedric Foo,Cedric Foo,Fù Chṳ-kiang,符致鏡,Hû Tì-kèng,符致鏡,符致镜,符致镜,符致鏡,符致镜,符致鏡,Cedric Foo,Cedric Foo,male,1960-07-16,Cedric,Cedric Foo,Cedric Foo,,,Cedric Foo,,,,,Cedric Foo,,,,,,,,,,,,,,,,,,,,,,,,,,,,,,,,,,,,,,,,,,,,,,,,,,,,,,,,,,,,,,,,,,,,,,,,,,,,,,,,,,,,,,,,,Cedric Foo,,,,,,,,,,,,,,,,,,,,,,,,,,,,,,,,,,,,,,,,,,,,,,,,,,,,,,,,,,,,,,,,,,,,,,,,,,,,,,,,,,,,,,,,,,,,,,,,,,,,,,,,,,,,,,,,,,,,,,,,,,,,,,,,,,,,,,,,,,,,
Q15122247,Gan Thiam Poh,Gan Thiam Poh,Gan Thiam Poh,Gan Thiam Poh,Gan Thiam Poh,Ngièn Thiâm-pó,顏添寶,Gân Thiam-pó,顏添寶,颜添宝,颜添宝,顏添寶,颜添宝,顏添寶,Gan Thiam Poh,Gan Thiam Poh,male,1963-10-23,,Gan Thiam Poh,Gan Thiam Poh,,,Gan Thiam Poh,,,,,Gan Thiam Poh,,,,,,,,,,,,,,,,,,,,,,,,,,,,,,,,,,,,,,,,,,,,,,,,,,,,,,,,,,,,,,,,,,,,,,,,,,,,,,,,,,,,,,,,,Gan Thiam Poh,,,,,,,,,,,,,,,,,,,,,,,,,,,,,,,,,,,,,,,,,,,,,,,,,,,,,,,,,,,,,,,,,,,,,,,,,,,,,,,,,,,,,,,,,,,,,,,,,,,,,,,,,,,,,,,,,,,,,,,,,,,,,,,,,,,,,,,,,,,,
Q15131896,Ang Hin Kee,Ang Hin Kee,Ang Hin Kee,Ang Hin Kee,Ang Hin Kee,Fùng Tín-kî,洪鼎基,Âng Téng-ki,洪鼎基,洪鼎基,洪鼎基,洪鼎基,洪鼎基,洪鼎基,Ang Hin Kee,Ang Hin Kee,male,1965-10-22,,Ang Hin Kee,Ang Hin Kee,,,,,,,,,,,,,,,,,,,,,,,,,,,,,,,,,,,,,,,,,,,,,,,,,,,,,,,,,,,,,,,,,,,,,,,,,,,,,,,,,,,,,,,,,,,,,,,,,,,,,,,,,,,,,,,,,,,,,,,,,,,,,,,,,,,,,,,,,,,,,,,,,,,,,,,,,,,,,,,,,,,,,,,,,,,,,,,,,,,,,,,,,,,,,,,,,,,,,,,,,,,,,,,,,,,,,,,,,,,,,,,,,,,,,,,,,,,,,
Q1515536,Joscelin Yeo,Joscelin Yeo,,,Joscelin Yeo,,,,,,,,,,Joscelin Yeo,Joscelin Yeo,female,1979-05-02,,Joscelin Yeo,Joscelin Yeo,,,Joscelin Yeo,,,,,,,,,,,,,,,,,,,,,,,,Joscelin Yeo,,,,,,,,,,,,Joscelin Yeo,,,,,,,,,,,,,,,,Joscelin Yeo,,,,,,,,,,,,19409446,,,,,,,,,,,,,,,,,,,,,,,,,,,,,,,,,,,,,,,,,,,,,,,,,,,,,,,,,joscelinyeo,,,,,,,,,,,,,,,,,,,,,,,,,,,,,,,,,,,,,,,,,,,,,,,,,,,,,,,,,,,,,,,,,,,,,,,,,,,,,,,,,,,,,,,,,,,,,,,,,,,,,,,,,,,,,,,,,
Q1521378,S. Jayakumar,Shunmugam Jayakumar,,,Shunmugam Jayakumar,,,,,尚穆根·贾古玛,,,,,S. Jayakumar,S. Jayakumar,male,1939-08-12,S.,S. Jayakumar,S. Jayakumar,,,S. Jayakumar,,贾古玛,,,,,,,Shunmugam Jayakumar,Shunmugam Jayakumar,,,,,,,,,,,,,,,,,,,,,,,,,,Shunmugam Jayakumar,,,,,,,Shunmugam Jayakumar,,,,,,,Shunmugam Jayakumar,,,,,,,,,,,,,,8758296,,,180875167,/m/044snq,,,,,,சண்முகம் ஜெயக்குமார்,சண்முகம் ஜெயக்குமார்,,,,,,,,,,,,,,,,,,,S. Jayakumar,,,,,,,,,,,,,,,,,,,,,,,,,,,,,,,,,Shunmugam Jayakumar,Shunmugam Jayakumar,,,,,,,,,,,,,,,,,,,,,,,,,,,,,,,,,,,,,,,,,,,,,,,,,,,,,,,,,,,,,,,,,,,,,,,,,,,,,,,,,,,,,,,,,,,,,,,,,,,,,,,,,,
Q15410291,Ng Chee Meng,Ng Chee Meng,Ng Chee Meng,Ng Chee Meng,Ng Chee Meng,,,,,黄志明（新加坡）,,,,,Ng Chee Meng,Ng Chee Meng,male,1968-08-08,,Ng Chee Meng,,,,,,黄志明 (新加坡),"https://upload.wikimedia.org/wikipedia/commons/3/31/Maj_Gen_Ng_Chee_Meng_at_the_Shangri-La_Dialogue,_Singapore_-_20140530.jpg",,Ng Chee Meng,,,,,Ng Chee Meng,,,,,,,,,,,,,,,,,,,,,,,,,,,,,,,,,Ng Chee Meng,,,,,,,,,,,,,,,,,,,,,,,,,,,,,Ng Chee Meng,Ng Chee Meng,,,,,,,,,,,,,,,,,,,,,,,,,,Category:Ng Chee Meng,,,,,,,,,,,,,,,,,,,,,,,,,,,,,,,,,,,,,,,,,,,,,,,,,,,,,,,,,,,,,,,,,,,,,,,,,,,,,,,,,,,,,,,,,,,,,,,,,,,,,,,,,,,,,,,,,,,,,,,,,,,,,,,,,,,,,,,
Q16136702,Lina Loh,Lina Loh,,,Lina Loh,,,,,,,,,,Lina Loh,Lina Loh,female,1949-06-04,Lina,Lina Loh,,,,,,,,,Lina Loh,,,,,,,,,,,,,,,,,,,,,,,,,,,,,,,,,,,,,,,,,,,,,,,,,,,,,,,,,,,,,,,,,,,,,,,,,,,,,,,,,,,,,,,,,,,,,,,,,,,,,,,,,,,,,,,,,,,,,,,,,,,,,,,,,,,,,,,,,,,,,,,,,,,,,,,,,,,,,,,,,,,,,,,,,,,,,,,,,,,,,,,,,,,,,,,,,,,,,,,,,,,,,,,,,,,,,,,,,,,,,,,,,,,,,
Q16146711,Ang Wei Neng,Ang Wei Neng,Ang Wei Neng,Ang Wei Neng,Ang Wei Neng,Fùng Vì-nèn,洪維能,Âng Ûi-lêng,洪維能,洪维能,洪维能,洪維能,洪维能,洪維能,Ang Wei Neng,Ang Wei Neng,male,1967-03-31,,Ang Wei Neng,Ang Wei Neng,,,,,,,,,,,,,,,,,,,,,,,,,,,,,,,,,,,,,,,,,,,,,,,,,,,,,,,,,,,,,,,,,,,,,,,,,,,,,,,,,,,,,,,,,,,,,,,,,,,,,,,,,,,,,,,,,,,,,,,,,,,,,,,,,,,,,,,,,,,,,,,,,,,,,,,,,,,,,,,,,,,,,,,,,,,,,,,,,,,,,,,,,,,,,,,,,,,,,,,,,,,,,,,,,,,,,,,,,,,,,,,,,,,,,,,,,,,,,
Q16185445,Lily Neo,Lily Neo,,,Lily Neo,,,,,,,,,,Lily Neo,Lily Neo,female,1953-08-12,Lily,Lily Neo,,,,,,,,,,,,,,,,,,,,,,,,,,,,,,,,,,,,,,,,,,,,,,,,,,,,,,,,,,,,,,,,,,,,,,,,,,,,,,,,,,,,,,,,,,,,,,,,,,,,,,,,,,,,,,,,,,,,,,,,,,,,,,,,,,,,,,,,,,,,,,,,,,,,,,,,,,,,,,,,,,,,,,,,,,,,,,,,,,,,,,,,,,,,,,,,,,,,,,,,,,,,,,,,,,,,,,,,,,,,,,,,,,,,,,,,,,,,,,
Q16189029,Ellen Lee,Ellen Lee,,,Ellen Lee,,,,,,,,,,Ellen Lee,Ellen Lee,female,1957-04-13,Ellen,Ellen Lee,Ellen Lee,,,,,,,,Ellen Lee,,,,,,,,,,,,,,,,,,,,,,,,,,,,,,,,,,,,,,,,,,,,,,,,,,,,,,,,,,,,,,,,,,,,,,,,,,,,,,,,,,,,,,,,,,,,,,,,,,,,,,,,,,,,,,,,,,,,,,,,,,,,,,,,,,,,,,,,,,,,,,,,,,,,,,,,,,,,,,,,,,,,,,,,,,,,,,,,,,,,,,,,,,,,,,,,,,,,,,,,,,,,,,,,,,,,,,,,,,,,,,,,,,,,,
Q16193659,Faizah Jamal,Faizah Jamal,,,Faizah Jamal,,,,,,,,,,Faizah Jamal,Faizah Jamal,female,1960-06-27,,Faizah Jamal,,,,,,,,,,,,,,,,,,,,,,,,,,,,,,,,,,,,,,,,,,,,,,,,,,,,,,,,,,,,,,,,,,,,,,,,,,,,,,,,,,,,,,,,,,,,,,,,,,,,,,,,,,,,,,,,,,,,,,,,,,,,,,,,,,,,,,,,,,,,,,,,,,,,,,,,,,,,,,,,,,,,,,,,,,,,,,,,,,,,,,,,,,,,,,,,,,,,,,,,,,,,,,,,,,,,,,,,,,,,,,,,,,,,,,,,,,,,,,
Q16194240,David Ong,David Ong,David Ong,David Ong,David Ong,Vòng Kîm-fat,王金發,Ông Kim-hoat,王金發,王金发,王金发,王金發,王金发,王金發,David Ong,David Ong,male,1961-05-19,David,David Ong,,,,,,,https://upload.wikimedia.org/wikipedia/commons/d/d7/DO-CasualHalf-LoRes_2.jpg,,David Ong,,,,,,,,,,,,,,,,,,,,,,,,,,,,,,,,,,,,,,,,,,,,,,,,,,,,,,,,,,,,,,,,,,,,,,,,,,,,,,,,,,,,,,,,,,,,,,,,,,,,,,,,,,,,,,,,,,,,,,,,,,,,,,,,,,,,,,,,,,,,,,,,,,,,,,,,,,,,,,,,,,,,,,,,,,,,,,,,,,,,,,,,,,,,,,,,,,,,,,,,,,,,,,,,,,,,,,,,,,,,,,,,,,,,,
Q16195647,Liang Eng Hwa,Liang Eng Hwa,Liang Eng Hwa,Liang Eng Hwa,Liang Eng Hwa,Lièn Yùng-fà,連榮華,Liân Êng-hôa,連榮華,连荣华,连荣华,連榮華,连荣华,連榮華,Liang Eng Hwa,Liang Eng Hwa,male,1964-03-20,,Liang Eng Hwa,,,,,,,,,,,,,,,,,,,,,,,,,,,,,,,,,,,,,,,,,,,,,,,,,,,,,,,,,,,,,,,,,,,,,,,,,,,,,,,,,,,,,,,,,,,,,,,,,,,,,,,,,,,,,,,,,,,,,,,,,,,,,,,,,,,,,,,,,,,,,,,,,,,,,,,,,,,,,,,,,,,,,,,,,,,,,,,,,,,,,,,,,,,,,,,,,,,,,,,,,,,,,,,,,,,,,,,,,,,,,,,,,,,,,,,,,,,,,,
Q16197159,Penny Low,Penny Low,Penny Low,Penny Low,Penny Low,Liù Mung-lìm,劉𨮒琳,Lâu Bōng-lîm,劉𨮒琳,刘钅梦琳,刘钅梦琳,劉𨮒琳,刘钅梦琳,劉𨮒琳,Penny Low,Penny Low,female,1967,Penny,Penny Low,,,,,,,,,,,,,,,,,,,,,,,,,,,,,,,,,,,,,,,,,,,,,,,,,,,,,,,,,,,,,,,,,,,,,,,,,,,,,,,,,,,,,,,,,,,,,,,,,,,,,,,,,,,,,,,,,,,,,,,,,,,,,,,,,,,,,,,,,,,,,,,,,,,,,,,,,,,,,,,,,,,,,,,,,,,,,,,,,,,,,,,,,,,,,,,,,,,,,,,,,,,,,,,,,,,,,,,,,,,,,,,,,,,,,,,,,,,,,,
Q16204683,Josephine Teo,Josephine Teo,Josephine Teo,Josephine Teo,Josephine Teo,Yòng Li-mìn,楊莉明,Iûⁿ Lī-bêng,楊莉明,杨莉明,杨莉明,楊莉明,杨莉明,楊莉明,Josephine Teo,Josephine Teo,female,1968-07-08,Josephine,Josephine Teo,Josephine Teo,,,,,,,,,,,,,,,,,,,,,,,,,,,,,,,,,,,,,,,,,,,,,,,,,,,,,,,,,,,,,,,,,,,,,,,,,,,,,,,,,,,,,,,,,,,,,,,,,,,,,,,,,,,,,,,,,,,,,,,,,,,,,,,,,,,,,,,,,,,,,,,,,,,,,,,,,,,,,,,,,,,,,,,,,,,,,,,,,,,,,,,,,,,,,,,,,,,,,,,,,,,,,,,,,,,,,,,,,,,,,,,,,,,,,,,,,,,,,
Q16213804,Patrick Tay,Patrick Tay,Patrick Tay,Patrick Tay,Patrick Tay,Chhang Tet-ngièn,鄭德源,Tēⁿ Tek-goân,鄭德源,郑德源,郑德源,鄭德源,郑德源,鄭德源,Patrick Tay,Patrick Tay,male,1971-12-01,Patrick,Patrick Tay,,,,,,,,,,,,,,,,,,,,,,,,,,,,,,,,,,,,,,,,,,,,,,,,,,,,,,,,,,,,,,,,,,,,,,,,,,,,,,,,,,,,,,,,,,,,,,,,,,,,,,,,,,,,,,,,,,,,,,,,,,,,,,,,,,,,,,,,,,,,,,,,,,,,,,,,,,,,,,,,,,,,,,,,,,,,,,,,,,,,,,,,,,,,,,,,,,,,,,,,,,,,,,,,,,,,,,,,,,,,,,,,,,,,,,,,,,,,,,
Q16214961,Low Yen Ling,Low Yen Ling,Low Yen Ling,Low Yen Ling,Low Yen Ling,Liù Yen-lìn,劉燕玲,Lâu Iàn-lêng,劉燕玲,刘燕玲,刘燕玲,劉燕玲,刘燕玲,劉燕玲,Low Yen Ling,Low Yen Ling,female,1974-08-17,,Low Yen Ling,Low Yen Ling,,,,,,,,,,,,,,,,,,,,,,,,,,,,,,,,,,,,,,,,,,,,,,,,,,,,,,,,,,,,,,,,,,,,,,,,,,,,,,,,,,,,,,,,,,,,,,,,,,,,,,,,,,,,,,,,,,,,,,,,,,,,,,,,,,,,,,,,,,,,,,,,,,,,,,,,,,,,,,,,,,,,,,,,,,,,,,,,,,,,,,,,,,,,,,,,,,,,,,,,,,,,,,,,,,,,,,,,,,,,,,,,,,,,,,,,,,,,,
Q16215002,Zaqy Mohamad,Zaqy Mohamad,Zaqy Mohamad,Zaqy Mohamad,Zaqy Mohamad,,扎吉哈,,扎吉哈,扎吉哈,扎吉哈,扎吉哈,扎吉哈,扎吉哈,Zaqy Mohamad,Zaqy Mohamad,male,1974-09-15,,Zaqy Mohamad,,,,,,,,,,,,,,,,,,,,,,,,,,,,,,,,,,,,,,,,,,,,,,,,,,,,,,,,,,,,,,,,,,,,,,,,,,,,,,,,,,,,,,,,,,,,,,,,,,,,,,,,,,,,,,,,,,,,,,,,,,,,,,,,,,,,,,,,,,,,,,,,,,,,,,,,,,,,,,,,,,,,,,,,,,,,,,,,,,,,,,,,,,,,,,,,,,,,,,,,,,,,,,,,,,,,,,,,,,,,,,,,,,,,,,,,,,,,,,
Q16215442,Muhamad Faisal Manap,Muhamad Faisal Manap,Muhamad Faisal Manap,Muhamad Faisal Manap,Muhamad Faisal Manap,,莫哈默·費沙,,莫哈默·費沙,莫哈默·费沙,莫哈默·费沙,莫哈默·費沙,莫哈默·费沙,莫哈默·費沙,Muhamad Faisal Manap,Muhamad Faisal Manap,male,1975-06-06,,Muhamad Faisal Manap,,,,,,,,,Muhamad Faisal Manap,,,,Muhamad Faisal Manap,,,,,,,,,,,,,,,,,,,,,,,,,,,,,,,,,,,,,,,,,Muhamad Faisal Manap,,,,,,,,,,,,,,,,,,,,,,,,,,,,,,,,,,,,,,,,,,,,,,,,,,,,,,,,,,,,,,,,,,,,,,,,,,,,,,,,,,,,,,,,,,,,,,,,,,,,,,,,,,,,,,,,,,,,,,,,,,,,,,,,,,,,,,,,,,,,,,,,,,,,,,,,,,,,,,,,,,,,,,,,,,,,,,,,,,,,,,,,
Q16215886,Desmond Lee,,Desmond Lee,Desmond Lee,Desmond Lee,Lí Chṳ-sṳ̂n,李智陞,Lí Tì-seng,李智陞,李智陞,李智陞,李智陞,李智陞,李智陞,Desmond Lee,Desmond Lee (Singaporean politician),male,1976-07-15,Desmond,Desmond Lee (Singaporean politician),,,,,,,,Li,,,,,,,,,,,,,,,,,,,,,,,,,,,,,,,,,,,,,,,,,,,,,,,,,,,,,,,,,,,,,,,,,,,,,,,,,,,,,,,,,,,,,,,,,,,,,,,,,,,,,,,,,,,,,,,,,,,,,,,,,,,,,,,,,,,,,,,,,,,,,,,,,,,,,,,,,,,,,,,,,,,,,,,,,,,,,,,,,,,,,,,,,,,,,,,,,,,,,,,,,,,,,,,,,,,,,,,,,,,,,,,,,,,,,,
Q16221695,Alex Yam,Alex Yam,Alex Yam,Alex Yam,Alex Yam,Yim Chṳ́-mén,任梓銘,Jîm Chú-bêng,任梓銘,任梓銘,任梓銘,任梓銘,任梓銘,任梓銘,Alex Yam,Alex Yam,male,1981-06-20,Alex,Alex Yam,,,,,,,,,,,,,,,,,,,,,,,,,,,,,,,,,,,,,,,,,,,,,,,,,,,,,,,,,,,,,,,,,,,,,,,,,,,,,,,,,,,,,,,,,,,,,,,,,,,,,,,,,,,,,,,,,,,,,,,,,,,,,,,,,,,,,,,,,,,,,,,,,,,,,,,,,,,,,,,,,,,,,,,,,,,,,,,,,,,,,,,,,,,,,,,,,,,,,,,,,,,,,,,,,,,,,,,,,,,,,,,,,,,,,,,,,,,,,,
Q16730956,Janice Koh,Janice Koh,,,,,,,,,,,,,Janice Koh,Janice Koh,female,,Janice,Janice Koh,,,,,,,,,,,,,,,,,,,,,,,,,,,,,,,,,,,,,,,,,,,,,,,,,,,,,,,,,,,,,,,,,,,,,,,,,,,,,,,,,,,,,,,,,,,,,,,,,,,,,,,,,,,,,,,,,,,,,,,,,,,,,,,,,,,,,,,,,,,,,,,,,,,,,,,,,,,,,,,,,,,,,,,,,,,,,,,,,,,,,,,,,,,,,,,,,,,,,,,,,,,,,,,,,,,,,,,,,,,,,,,,,,,,,,,,,,,,,,
Q16926847,Muhammad Faishal Ibrahim,Muhammad Faishal Ibrahim,Muhammad Faishal Ibrahim,Muhammad Faishal Ibrahim,Muhammad Faishal Ibrahim,,費紹爾,,費紹爾,费绍尔,费绍尔,費紹爾,费绍尔,費紹爾,Muhammad Faishal Ibrahim,Muhammad Faishal Ibrahim,male,1968-06-16,Muhammad,Muhammad Faishal Ibrahim,,,,,,,,,Muhammad Faishal Ibrahim,,,,,,,,,,,,,,,,,,,,,,,,,,,,,,,,,,,,,,,,,,,,,,,,,,,,,,,,,,,,,,,,,,,,,,,,,,,,,,,,,,,,,,,,,,,,,,,,,,,,,,,,,,,,,,,,,,,,,,,,,,,,,,,,,,,,,,,,,,,,,,,,,,,,,,,,,,,,,,,,,,,,,,,,,,,,,,,,,,,,,,,,,,,,,,,,,,,,,,,,,,,,,,,,,,,,,,,,,,,,,,,,,,,,,
Q17152348,Zainal Sapari,Zainal Sapari,Zainal Sapari,Zainal Sapari,Zainal Sapari,,再納,,再納,再纳,再纳,再納,再纳,再納,Zainal Sapari,Zainal Sapari,male,1965-11-30,,Zainal Sapari,,,,,,,,,Zainal Sapari,,,,,,,,,,,,,,,,,,,,,,,,,,,,,,,,,,,,,,,,,,,,,,,,,,,,,,,,,,,,,,,,,,,,,,,,,,,,,,,,,,,,,,,,,,,,,,,,,,,,,,,,,,,,,,,,,,,,,,,,,,,,,,,,,,,,,,,,,,,,,,,,,,,,,,,,,,,,,,,,,,,,,,,,,,,,,,,,,,,,,,,,,,,,,,,,,,,,,,,,,,,,,,,,,,,,,,,,,,,,,,,,,,,,,
Q17722375,Masagos Zulkifli,Masagos Zulkifli,,,Masagos Zulkifli,,,,,,,,,,Masagos Zulkifli,Masagos Zulkifli,male,1963-04-16,,Masagos Zulkifli,,,,,,,"https://upload.wikimedia.org/wikipedia/commons/4/40/Masagos_Zulkifli_at_The_Pentagon,_USA_-_20061017.jpg",,,,,,Masagos Zulkifli,,,,,,,,,,,,,,,,,,,,,,,,,,,,,,,,,,,,,,,,,Masagos Zulkifli,,,,,,,,,,,,,,,,,,,,,,,,,,,,,,,,,,,,,,,,,,,,,,,,,Category:Masagos Zulkifli,,,,,,,,,,,,,,,,,,,,,,,,,,,,,,,,,,,,,,,,,,,,,,,,,,,,,,,,,,,,,,,,,,,,,,,,,,,,,,,,,,,,,,,,,,,,,,,,,,,,,,,,,,,,,,,,,,,,,,,,,,,,,,,,,,,,,,,
Q1812042,Lee Yi Shyan,Lee Yi Shyan,Lee Yi Shyan,Lee Yi Shyan,Lee Yi Shyan,Lí Yi̍t-hièn,李奕賢,Lí E̍k-hiân,李奕賢,李奕贤,李奕贤,李奕賢,李奕贤,李奕賢,Lee Yi Shyan,Lee Yi Shyan,male,1962-03-09,,Lee Yi Shyan,Lee Yi Shyan,,,Lee Yi Shyan,,,,,,,,,,,,,,,,,,,,,,,,,,,,,,,,,,,,Lee Yi Shyan,,,,,,,,,,,,,,,,,,,,,,,,,,,,,,,,,,,,,,,,,,,,,,,,,,,,,,,,,,Lee Yi Shyan,,,,,,,,,,,,,,,,,,,,,,,,,,,,,,,,,,,,,,,,,,,,,,,,,,,,,,,,,,,,,,,,,,,,,,,,,,,,,,,,,,,,,,,,,,,,,,,,,,,,,,,,,,,,,,,,,,,,,,,,,,,,,,,,,,,,,,,,,,,,
Q18687930,Intan Azura Mokhtar,,Intan Azura Mokhtar,Intan Azura Mokhtar,Intan Azura Mokhtar,,殷丹,,殷丹,殷丹,殷丹,殷丹,殷丹,殷丹,Intan Azura Mokhtar,Intan Azura Mokhtar,male,1980-08-23,,Intan Azura Mokhtar,,,,,,,,,,,,,,,,,,,,,,,,,,,,,,,,,,,,,,,,,,,,,,,,,,,,,,,,,,,,,,,,,,,,,,,,,,,,,,,,,,,,,,,,,,,,,,,,,,,,,,,,,,,,,,,,,,,,,,,,,,,,,,,,,,,,,,,,,,,,,,,,,,,,,,,,,,,,,,,,,,,,,,,,,,,,,,,,,,,,,,,,,,,,,,,,,,,,,,,,,,,,,,,,,,,,,,,,,,,,,,,,,,,,,,,,,,,,,,
Q1876076,Lui Tuck Yew,Lui Tuck Yew,Lui Tuck Yew,Lui Tuck Yew,Lui Tuck Yew,Lî Tet-yeu,呂德耀,Lū Tek-iāu,呂德耀,吕德耀,吕德耀,呂德耀,吕德耀,呂德耀,Lui Tuck Yew,Lui Tuck Yew,male,1961-08-16,,Lui Tuck Yew,Lui Tuck Yew,吕德耀,,Lui Tuck Yew,,,"https://upload.wikimedia.org/wikipedia/commons/6/62/Lui_Tuck_Yew_giving_the_Partner_of_the_Year_award_to_Paul_Daff_of_Jetstar_Asia_at_the_Changi_Airline_Awards,_Singapore_-_20120510_(version_2).jpg",,,,,,,,,,,,,,,,,,,,,,,,,,,,,,,,,Lui Tuck Yew,,,,,,,,,,,,,,,,,,,,,,,,,,,,,,,,,,,,,,,,,,,,,,,,,,,,,,,,,,Lui Tuck Yew,,,,,Category:Lui Tuck Yew,,,,,,,,,,,,,,,,,,,,,,,,,,,,,,,,,,,,,,,,,,,,,,,,,,,,,,,,,,,,,,,,,,,,,,,,,,,,,,,,,,,,,,,,,,,,,,,,,,,,,,,,,,,,,,,,,,,,,,,,,,,,,,,,,,,,,,,
Q189122,Hri Kumar Nair,Hri Kumar Nair,Hri Kumar Nair,Hri Kumar Nair,Hri Kumar Nair,,哈里古瑪,,哈里古瑪,哈里古玛,哈里古玛,哈里古瑪,哈里古玛,哈里古瑪,Hri Kumar Nair,Hri Kumar Nair,male,1966-06-16,,Hri Kumar Nair,Hri Kumar Nair,,,,,,,,,,,,,,,,,,,,,,,,,,,,,,,,,,,,,,,,,,,,,,,,,,,,,,,,,,,,,,,,,,,,,,,,,,,,,அரி குமார் நாயர்,அரி குமார் நாயர்,,,,,,,,,,,,,,,,,,,,,,,,,,,,,,,,,,,,,,,,,,,,,,,,,,,,,,,,,,,,,,,,,,,,,,,,,,,,,,,,,,,,,,,,,,,,,,,,,,,,,,,,,,,,,,,,,,,,,,,,,,,,,,,,,,,,,,,,,,,,,,,,,,,,,,,,,,,,,,,
Q1984113,Ng Eng Hen,Ng Eng Hen,Ng Eng Hen,Ng Eng Hen,Ng Eng Hen,Vòng Yún-fèn,黃永宏,N̂g Éng-hông,黃永宏,黄永宏,黄永宏,黃永宏,黄永宏,黃永宏,Ng Eng Hen,Ng Eng Hen,male,1958-12-10,,Ng Eng Hen,Ng Eng Hen,,,Ng Eng Hen,,黄永宏,https://upload.wikimedia.org/wikipedia/commons/9/9e/Ng_Eng_Hen_at_the_Pentagon_-_20120404.jpg,Huang,,,,,,,,,,,,,,,,,,,,,,,,,,,,,,,,Ng Eng Hen,,,,,,,,,,,,,,,,,,,,,,,,,,,,286593786,,,,,,,,,,,,,,,,,,,,,,,,,,,,,,Ng Eng Hen,,,,,Category:Ng Eng Hen,,,,,,,,,,,,,,,,,,,,,,,,,,,,,,,,,,,,,,,,,,,,,,,,,,,,,,,,,,,,,,,,,,,,,,,,,,,,,,,,,,,,,,,,,,,,,,,,,,,,,,,,,,,,,,,,,,,,,,,,,,,,,,,,,,,,,,,
Q20966075,Amrin Amin,,,,,,,,,安宁阿敏,,,,,Amrin Amin,Amrin Amin,male,,,Amrin Amin,,,,,,安宁阿敏,,,,,,,,,,,,,,,,,,,,,,,,,,,,,,,,,,,,,,,,,,,,,,,,,,,,,,,,,,,,,,,,,,,,,,,,,,,,,,,,,,,,,,,,,,,,,,,,,,,,,,,,,,,,,,,,,,,,,,,,,,,,,,,,,,,,,,,,,,,,,,,,,,,,,,,,,,,,,,,,,,,,,,,,,,,,,,,,,,,,,,,,,,,,,,,,,,,,,,,,,,,,,,,,,,,,,,,,,,,,,,,,,,,,,,,,
Q20979710,Darryl David,,,,Darryl David,,,,,,,,,,Darryl David,Darryl David,male,1971,Darryl,Darryl David,,,,,,,,,,Дэррил Дэвид,,,,,,,,,,,,,,,,,,,,,,,,,,,,,,,,,,,,,,,,,,,,,,,,,,,,,,,,,,,,,,,,,,,,,,,,,,,,,,,,,,,,,,,,,,,,,,,,,,,,,,,,,,,,,,,,,,,,,,,,,,,,,,,,,,,,,,,,,,,,,,,,,,,,,,,,,,,,,,,,,,,,,,,,,,,,,,,,,,,,,,,,,,,,,,,,,,,,,,,,,,,,,,,,,,,,,,,,,,,,,,,,,,,,
Q20983254,Chee Hong Tat,,,,,,,,,,,,,,Chee Hong Tat,Chee Hong Tat,male,1974,,Chee Hong Tat,,,,,,,,,,,,,,,,,,,,,,,,,,,,,,,,,,,,,,,,,,,,,,,,,,,,,,,,,,,,,,,,,,,,,,,,,,,,,,,,,,,,,,,,,,,,,,,,,,,,,,,,,,,,,,,,,,,,,,,,,,,,,,,,,,,,,,,,,,,,,,,,,,,,,,,,,,,,,,,,,,,,,,,,,,,,,,,,,,,,,,,,,,,,,,,,,,,,,,,,,,,,,,,,,,,,,,,,,,,,,,,,,,,,,,,,,,,,,,
Q20983255,Cheng Li Hui,,,,,,,,,,,,,,Cheng Li Hui,Cheng Li Hui,female,,,Cheng Li Hui,,,,,,,,,,,,,,,,,,,,,,,,,,,,,,,,,,,,,,,,,,,,,,,,,,,,,,,,,,,,,,,,,,,,,,,,,,,,,,,,,,,,,,,,,,,,,,,,,,,,,,,,,,,,,,,,,,,,,,,,,,,,,,,,,,,,,,,,,,,,,,,,,,,,,,,,,,,,,,,,,,,,,,,,,,,,,,,,,,,,,,,,,,,,,,,,,,,,,,,,,,,,,,,,,,,,,,,,,,,,,,,,,,,,,,,,,,,,,,
Q20983484,Leon Perera,,,,,,,,,,,,,,Leon Perera,Leon Perera,male,,Leon,Leon Perera,,,,,,,,,,,,,,,,,,,,,,,,,,,,,,,,,,,,,,,,,,,,,,,,,,,,,,,,,,,,,,,,,,,,,,,,,,,,,,,,,,,,,,,,,,,,,,,,,,,,,,,,,,,,,,,,,,,,,,,,,,,,,,,,,,,,,,,,,,,,,,,,,,,,,,,,,,,,,,,,,,,,,,,,,,,,,,,,,,,,,,,,,,,,,,,,,,,,,,,,,,,,,,,,,,,,,,,,,,,,,,,,,,,,,,,,,,,,,,
Q20983840,Chia Yong Yong,,,,,,,,,,,,,,Chia Yong Yong,Chia Yong Yong,female,,,Chia Yong Yong,,,,,,,,,,,,,,,,,,,,,,,,,,,,,,,,,,,,,,,,,,,,,,,,,,,,,,,,,,,,,,,,,,,,,,,,,,,,,,,,,,,,,,,,,,,,,,,,,,,,,,,,,,,,,,,,,,,,,,,,,,,,,,,,,,,,,,,,,,,,,,,,,,,,,,,,,,,,,,,,,,,,,,,,,,,,,,,,,,,,,,,,,,,,,,,,,,,,,,,,,,,,,,,,,,,,,,,,,,,,,,,,,,,,,,,,,,,,,,
Q20983937,Tan Wu Meng,,,,,,,,,,,,,,Tan Wu Meng,Tan Wu Meng,male,,,Tan Wu Meng,,,,,,,,,,,,,,,,,,,,,,,,,,,,,,,,,,,,,,,,,,,,,,,,,,,,,,,,,,,,,,,,,,,,,,,,,,,,,,,,,,,,,,,,,,,,,,,,,,,,,,,,,,,,,,,,,,,,,,,,,,,,,,,,,,,,,,,,,,,,,,,,,,,,,,,,,,,,,,,,,,,,,,,,,,,,,,,,,,,,,,,,,,,,,,,,,,,,,,,,,,,,,,,,,,,,,,,,,,,,,,,,,,,,,,,,,,,,,,
Q20990652,Fatimah Lateef,,,,,,,,,,,,,,Fatimah Lateef,Fatimah Lateef,female,1966-03-16,,Fatimah Lateef,Fatimah Lateef,,,,,,,,,,,,,,,,,,,,,,,,,,,,,,,,,,,,,,,,,,,,,,,,,,,,,,,,,,,,,,,,,,,,,,,,,,,,,,,,,,,,,,,,,,,,,,,,,,,,,,,,,,,,,,,,,,,,,,,,,,,,,,,,,,,,,,,,,,,,,,,,,,,,,,,,,,,,,,,,,,,,,,,,,,,,,,,,,,,,,,,,,,,,,,,,,,,,,,,,,,,,,,,,,,,,,,,,,,,,,,,,,,,,,,,,,,,,,
Q20990654,Rahayu Mahzam,,,,,,,,,,,,,,Rahayu Mahzam,Rahayu Mahzam,female,1980,,Rahayu Mahzam,,,,,,,,,,,,,,,,,,,,,,,,,,,,,,,,,,,,,,,,,,,,,,,,,,,,,,,,,,,,,,,,,,,,,,,,,,,,,,,,,,,,,,,,,,,,,,,,,,,,,,,,,,,,,,,,,,,,,,,,,,,,,,,,,,,,,,,,,,,,,,,,,,,,,,,,,,,,,,,,,,,,,,,,,,,,,,,,,,,,,,,,,,,,,,,,,,,,,,,,,,,,,,,,,,,,,,,,,,,,,,,,,,,,,,,,,,,,,,
Q20990655,Saktiandi Supaat,,,,,,,,,,,,,,Saktiandi Supaat,Saktiandi Supaat,male,1973-10-28,,Saktiandi Supaat,,,,,,,,,,,,,,,,,,,,,,,,,,,,,,,,,,,,,,,,,,,,,,,,,,,,,,,,,,,,,,,,,,,,,,,,,,,,,,,,,,,,,,,,,,,,,,,,,,,,,,,,,,,,,,,,,,,,,,,,,,,,,,,,,,,,,,,,,,,,,,,,,,,,,,,,,,,,,,,,,,,,,,,,,,,,,,,,,,,,,,,,,,,,,,,,,,,,,,,,,,,,,,,,,,,,,,,,,,,,,,,,,,,,,,,,,,,,,,
Q21663168,Henry Kwek,,,,,,,,,,,,,,Henry Kwek,Henry Kwek,male,1976-04-20,Henry,Henry Kwek,,,,,,,,,,,,,,,,,,,,,,,,,,,,,,,,,,,,,,,,,,,,,,,,,,,,,,,,,,,,,,,,,,,,,,,,,,,,,,,,,,,,,,,,,,,,,,,,,,,,,,,,,,,,,,,,,,,,,,,,,,,,,,,,,,,,,,,,,,,,,,,,,,,,,,,,,,,,,,,,,,,,,,,,,,,,,,,,,,,,,,,,,,,,,,,,,,,,,,,,,,,,,,,,,,,,,,,,,,,,,,,,,,,,,,,,,,,,,,
Q22003605,Cheryl Chan,,,,,,,,,,,,,,Cheryl Chan,Cheryl Chan,female,,,Cheryl Chan,,,,,,,,,,,,,,,,,,,,,,,,,,,,,,,,,,,,,,,,,,,,,,,,,,,,,,,,,,,,,,,,,,,,,,,,,,,,,,,,,,,,,,,,,,,,,,,,,,,,,,,,,,,,,,,,,,,,,,,,,,,,,,,,,,,,,,,,,,,,,,,,,,,,,,,,,,,,,,,,,,,,,,,,,,,,,,,,,,,,,,,,,,,,,,,,,,,,,,,,,,,,,,,,,,,,,,,,,,,,,,,,,,,,,,,,,,,,,,
Q22007161,Louis Ng,,,,,,,,,,,,,,Louis Ng,Louis Ng,male,1978-12-08,Louis,Louis Ng,,,,,,,,,,,,,,,,,,,,,,,,,,,,,,,,,,,,,,,,,,,,,,,,,,,,,,,,,,,,,,,,,,,,,,,,,,,,,,,,,,,,,,,,,,,,,,,,,,,,,,,,,,,,,,,,,,,,,,,,,,,,,,,,,,,,,,,,,,,,,,,,,,,,,,,,,,,,,,,,,,,,,,,,,,,,,,,,,,,,,,,,,,,,,,,,,,,,,,,,,,,,,,,,,,,,,,,,,,,,,,,,,,,,,,,,,,,,,,
Q23416672,Melvin Yong,,,,,,,,,,,,,,Melvin Yong,Melvin Yong,,,,Melvin Yong,,,,,,,,,,,,,,,,,,,,,,,,,,,,,,,,,,,,,,,,,,,,,,,,,,,,,,,,,,,,,,,,,,,,,,,,,,,,,,,,,,,,,,,,,,,,,,,,,,,,,,,,,,,,,,,,,,,,,,,,,,,,,,,,,,,,,,,,,,,,,,,,,,,,,,,,,,,,,,,,,,,,,,,,,,,,,,,,,,,,,,,,,,,,,,,,,,,,,,,,,,,,,,,,,,,,,,,,,,,,,,,,,,,,,,,,,,,,,,
Q313300,Goh Chok Tong,Goh Chok Tong,Goh Chok Tong,Goh Chok Tong,Goh Chok Tong,N̂g Chok-tùng,吳作棟,Gô͘ Chok-tòng,吳作棟,吴作栋,吴作栋,吳作棟,吴作栋,吳作棟,Goh Chok Tong,Goh Chok Tong,male,1941-05-20,,Goh Chok Tong,Goh Chok Tong,吴作栋,吳作棟,Goh Chok Tong,Gô͘ Chok-tòng,吴作栋,https://upload.wikimedia.org/wikipedia/commons/3/31/GohChokTong-WashingtonDC-20010614.jpg,Ng,Goh Chok Tong,Го Чок Тонг,Goh Chok Tong,고촉통,Goh Chok Tong,Goh Chok Tong,呉作棟,Goh Chok Tong,ဂိုချုပ်တောင်,غوه تشك تونغ,Goh Chok Tong,गोह चोक टोंग,โก๊ะ จ๊กตง,Goh Chok Tong,Го Чок Тонг,Goh Chok Tong,कोह चोक थोंग,ហ្គោស ចុកតុង,Goh Chok Tong,Goh Chok Tong,Goh Chok Tong,Goh Chok Tong,Goh Chok Tong,吳作棟,吴作栋,Goh Chok Tong,গোহ চক তং,غو تشوك تونغ,গোহ চক তং,Goh Chok Tong,Goh Chok Tong,Goh Chok Tong,Goh Chok Tong,Goh Chok Tong,Goh Chok Tong,Goh Chok Tong,N̂g Chok-tùng,गोह चोक टोंग,Goh Chok Tong,Goh Chok Tong,ゴー・チョクトン,ហ្គោស ចុកតុង,고촉통,Goh Chok Tong,कोह चोक थोंग,Goh Chok Tong,ဂိုချုပ်တောင်,Goh Chok Tong,Goh Chok Tong,Goh Chok Tong,Го Чок Тонг,Goh Chok Tong,Goh Chok Tong,โก๊ะ จ๊กตง,Goh Chok Tong,Го Чок Тонг,Goh Chok Tong,吳作棟,0000 0001 1440 4805,28663326,142927457,n89177624,145941469,/m/01q3zn,07425748X,091/000111755,00000017765,,,,,,,,,,,,,,,,,,,,,,,Goh Chok Tong,,,,,,,,,,,,,,,,,,,,,,,,,,,,,,,,,,,,,,,,,,,,,,,,,,,,,,,,,,,,,,,,,,,,,,,,,,,,,,,,,,,,,,,,,,,,,,,,,,,,,,,,,,,,,,,,,,,,,,,,,,,,,,,,,,,,,,,,,,,335637,biography/Goh-Chok-Tong
Q314978,Ali ibn al-Husayn Zayn al-'Abidin,ʿAlī ibn Husain Zain al-ʿĀbidīn,,,Ali Zayn al-Abidin,,,,,阿里·宰因·阿比丁,阿里·宰因·阿比丁,阿里·宰因·阿比丁,阿里·宰因·阿比丁,阿里·宰因·阿比丁,Ali ibn al-Husayn Zayn al-'Abidin,Ali ibn Husayn Zayn al-Abidin,male,0658-01-06,Ali,Zainul Abidin,Ali Zain al-Abidien,阿里·宰因·阿比丁,阿里·宰因·阿比丁,Ali ibn al-Husayn,,阿里·宰因·阿比丁,https://upload.wikimedia.org/wikipedia/commons/2/22/Imam_sajjad.jpg,,Ali ibn al-Husayn,Зайн аль-Абидин,Ali ibn Husajn,,,Ali bin Husain,アリー・ザイヌルアービディーン,,,علي بن الحسين السجاد,Ali Zayn al-Abidin,,,,Алі ібн Хусейн,,,,Zayn al-Abidin,,,,,,,,আলি ইবনে হুসাইন জয়নুল আবেদিন,علي بن الحسين السجاد,আলি ইবনে হুসাইন জয়নুল আবেদিন,,Zayn al-Abidin,ʿAlī ibn Husain Zain al-ʿĀbidīn,Ali Zayn al-Abidin,Ali ibn al-Husayn,,Ali Zayn al-Abidin,,,Ali bin Husain,Ali ibn al-Husayn (Zayn al-'Abidin),アリー・ザイヌルアービディーン,,,,,,,,Ali ibn Husajn,,Зейн аль-Абидин,,Ali Zayn al-Abidin,,,Алі ібн Хусейн,,,,81971228,118914006,n84007864,031650155,/m/046pzl,073548936,,,,,,,,עלי בן חוסיין,,,,,Άλι ιμπν αλ-Χουσαΐν Ζάιν αλ-Αμπιντίν,,,Zeynel Abidin,,سجاد,Alí Zayn-al-Abidín,,,,,Əli ibn Hüseyn,,,Zeynülabidin,,Alí Zayn-al-Abidín,,,,,,,سجاد,,עלי בן חוסיין,,,,Ali Zain al-Abidien,,Ali ibn Husajn,,,,Zeynel Âbidin,,,,,,0712-10-20,,,12282535z,Ali bin Husain,Ali bin Husain,,,സൈനുൽ ആബിദീൻ,Zajn al-Abidin,Zeynel Abidin,سجاد,علی ابن حسین,عەلی کوڕی حوسێن زەین ئەلعابدین,على زين العابدين,Саҷҷод,ایمام سجاد,علي بن الحسين السجاد,مؤلف:علي بن الحسين بن علي بن ابي طالب زين العابدين,على زين العابدين,ایمام سجاد (ع),İmam Səccad,عەلی کوڕی حوسێن زەین ئەلعابدین,Zeynel Abidin,Author:Ali ibn al-Husayn Zayn al-'Abidin,سجاد,پدیدآورنده:علی بن الحسین سجاد,സൈനുൽ ആബിദീൻ,سجاد,Zajn al-Abidin,Саҷҷод,Zeynel Abidin,زین العابدین,220482,,,,,,,,,,,,,,,,,,,,,,,,,,,,,,,,,,,,,,,,,,,,,,,,,,,,,,,,,,,,,,,,,,,,,,,,,,,,,,
Q3518218,Teo Chee Hean,Teo Chee Hean,Teo Chee Hean,Teo Chee Hean,Teo Chee Hean,Chông Chṳ-hièn,張志賢,Tiuⁿ Chì-hiân,張志賢,张志贤,张志贤,張志賢,张志贤,張志賢,Teo Chee Hean,Teo Chee Hean,male,1954-12-27,Teo,Teo Chee Hean,Teo Chee Hean,,,Teo Chee Hean,,张志贤,https://upload.wikimedia.org/wikipedia/commons/3/38/Teo_Chee_Hean.jpg,,,,,,,,テオチーハン,Trương Chí Hiền,,,,,,,,,,,,,,,,,,,,,,,,,,,,Teo Chee Hean,,,,,,,,,,,,,,,,,,,,,Trương Chí Hiền,,,,,,,,,,,Teo Chee Hean,Teo Chee Hean,,,,,,,,,,,,,,,,,,,,,Teo Chee Hean,,,,,Category:Teo Chee Hean,,,,,,,,,,,,,,,,,,,,,,,,,,,,,,,,,,,,,,,,,,,,,,,,,,,,,,,,,,,,,,,,,,,,,,,,,,,,,,,,,,,,,,,,,,,,,,,,,,,,,,,,,,,,,,,,,,,,,,,,,,,,,,,,,,,,,,,
Q3786667,Lee Li Lian,Lee Li Lian,Lee Li Lian,Lee Li Lian,Lee Li Lian,Lí Li-lièn,李麗連,Lí Lē-liân,李麗連,李丽连,李丽连,李麗連,李丽连,李麗連,Lee Li Lian,Lee Li Lian,female,1978-07-19,,Lee Li Lian,Lee Li Lian,李丽连,李麗連,Lee Li Lian,,李丽连,,Li,,"Лиан, Ли Ли",,,,,,,,,,,,,,,,,,,,,,,,,,,,,,,,,,,,,,,,,,,,,,,,,"Лиан, Ли Ли",,,,,,,,,,,,,,,,,,,,,,,,,,,,,,,,,,,,,,,Lee Li Lian,,,,,,,,,,,,,,,,,,,,,,,,,,,,,,,,,,,,,,,,,,,,,,,,,,,,,,,,,,,,,,,,,,,,,,,,,,,,,,,,,,,,,,,,,,,,,,,,,,,,,,,,,,,,,,,,,,,,,,,,,,,,,,,,,,,,,,,,,,,,
Q3846565,Chen Show Mao,Chen Show Mao,Chen Show Mao,Chen Show Mao,Chen Show Mao,Chhṳ̀n Sa̍k-meu,陳碩茂,Tân Se̍k-bō͘,陳碩茂,陳碩茂,陈硕茂,陳碩茂,陈硕茂,陳碩茂,Chen Show Mao,Chen Show Mao,male,1961-02-06,,Chen Show Mao,Chen Show Mao,陈硕茂,陳碩茂,Chen Show Mao,Tân Se̍k-bō͘,陳碩茂,"https://upload.wikimedia.org/wikipedia/commons/9/9d/Chen_Show_Mao_at_a_Workers'_Party_general_election_rally,_Serangoon_Stadium,_Singapore_-_20110429_(cropped).jpg",Chen,,,,,,,,,,,,,,,,,,,,,,,,,,,,,,,,,,,,,,,,,,,,,,,,,,,,,,,,,,,,,,,,,,,,,,,,,,,,,,,,,,,,,,,,,,Chen Show Mao,,,,,,,,,,,,,,,,,,,,,,,,,,,,,,,,,,,,,,,,,,,,,,,,,,,,,,,,,,,,,,,,,,,,,,,,,,,,,,,,,,,,,,,,,,,,,,,,,,,,,,,,,,,,,,,,,,,,,,,,,,,,,,,,,,,,,,,,,,,,
Q4354964,Khaw Boon Wan,Khaw Boon Wan,,,Khaw Boon Wan,,,,,许文远,,許文遠,,,Khaw Boon Wan,Khaw Boon Wan,male,1952-12-08,,Khaw Boon Wan,Khaw Boon Wan,许文远,許文遠,Khaw Boon Wan,,许文远,https://upload.wikimedia.org/wikipedia/commons/a/a6/Minister_Khaw_Boon_Wan.JPG,Xu,,,,,,,,,,,,,,Khaw Boon Wan,,,,,,,,,,,,,,,,,,,,,Khaw Boon Wan,,,,,,,,,,,,,,,,,,,,,,,,,,,,,,,,,,,,,,,,,,,,,,,,,,,,,,,Khaw Boon Wan,,,,,,,,,,,,,,,,,,,,,,,,,,,,,,,,,,,,,,,,,,,,,,,,,,,,,,,,,,,,,,,,,,,,,,,,,,,,,,,,,,,,,,,,,,,,,,,,,,,,,,,,,,,,,,,,,,,,,,,,,,,,,,,,,,,,,,,,,,,,
Q461128,Wong Kan Seng,Wong Kan Seng,Wong Kan Seng,Wong Kan Seng,Wong Kan Seng,Vòng Kîn-sṳ̀n,黃根成,N̂g Kin-sêng,黃根成,黄根成,黄根成,黃根成,黄根成,黃根成,Wong Kan Seng,Wong Kan Seng,male,1946-09-08,,Wong Kan Seng,Wong Kan Seng,黄根成,黃根成,Wong Kan Seng,,黄根成,https://upload.wikimedia.org/wikipedia/commons/2/28/WongKanSeng-20060314.jpg,,Wong Kan Seng,,,,,Wong Kan Seng,,,,,,,,,,,,,,,,,,,,,,,,,,Wong Kan Seng,,,,,,,Wong Kan Seng,,,,,,,,,,,,,,,,,,,,,,,,,/m/071b2h,,,,Wong Kan Seng,Wong Kan Seng,,,,,,,,,,,,,,,,,,,,,Wong Kan Seng,,,,,,,,,,,,,,,,,,,,,,,,,,,,,,,,,,,Wong Kan Seng,,,,,,,,,,,,,,,,,,,,,,,,,,,,,,,,,,,,,,,,,,,,,,,,,,,,,,,,,,,,,,,,,,,,,,,,,,,,,,,,,,,,,,,,,,,,,,,,,,,,,,,,,
Q4666073,Abdullah Tarmugi,Abdullah Tarmugi,,,Abdullah Tarmugi,,,,,,,,,,Abdullah Tarmugi,Abdullah Tarmugi,male,1944-08-25,Abdullah,Abdullah Tarmugi,Abdullah Tarmugi,,,Abdullah Tarmugi,,,,,,,,,,Abdullah Tarmugi,,,,,,,,,,,,,,,,,,,,,,,,,,,,,,,,,Abdullah Tarmugi,,,,,,,,,,,,,,,,,,,,,,,,,,,,,,,,,,,,,,,,,,,,,,,,,,,Abdullah Tarmugi,,,,,,,,,,,,,,,,,,,,,,,,,,,,,,,,,,,,,,,,,,,,,,,,,,,,,,,,,,,,,,,,,,,,,,,,,,,,,,,,,,,,,,,,,,,,,,,,,,,,,,,,,,,,,,,,,,,,,,,,,,,,,,,,,,,,,,,,,,,,
Q4738255,Alvin Yeo,Alvin Yeo,Alvin Yeo,Alvin Yeo,Alvin Yeo,Yòng Không-hói,楊康海,Iûⁿ Khong-hái,楊康海,杨康海,杨康海,楊康海,杨康海,楊康海,Alvin Yeo,Alvin Yeo,male,1962-03-28,Alvin,Alvin Yeo,Alvin Yeo,,,,,,,,,,,,,,,,,,,,,,,,,,,,,,,,,,,,,,,,,,,,,,,,,,,,,,,,,,,,,,,,,,,,,,,,,,,,,,,,,,,,,,,,,,,,,,,,,,,,,,,,,,,,,,,,,,,,,,,,,,,,,,,,,,,,,,,,,,,,,,,,,,,,,,,,,,,,,,,,,,,,,,,,,,,,,,,,,,,,,,,,,,,,,,,,,,,,,,,,,,,,,,,,,,,,,,,,,,,,,,,,,,,,,,,,,,,,,
Q4749263,Amy Khor,Amy Khor,Amy Khor,Amy Khor,Amy Khor,,許連碹,,許連碹,许连碹,许连碹,許連碹,许连碹,許連碹,Amy Khor,Amy Khor,female,1958-02-23,Amy,Amy Khor,Amy Khor,,,Amy Khor,,,,,,,,,,,,,,,,,,,,,,,,,,,,,,,,,,,,,,,,,,,,,,,,,,,,,,,,,,,,,,,,,,,,,,,,,,,,,,,,,,,,,,,,,,,,,,Amy Khor,,,,,,,,,,,,,,,,,,,,,,,,,,,,,,,,,,,,,,,,,,,,,,,,,,,,,,,,,,,,,,,,,,,,,,,,,,,,,,,,,,,,,,,,,,,,,,,,,,,,,,,,,,,,,,,,,,,,,,,,,,,,,,,,,,,,,,,,,,,,
Q4761856,Ang Mong Seng,Ang Mong Seng,,,Ang Mong Seng,,,,,,,,,,Ang Mong Seng,Ang Mong Seng,male,1949-09-30,,Ang Mong Seng,Ang Mong Seng,,,,,,,,Ang Mong Seng,,,,,,,,,,,,,,,,,,,,,,,,,,,,,,,,,,,,,,,,,,,,,,,,,,,,,,,,,,,,,,,,,,,,,,,,,,,,,,,,,,,,,,,,,,,,,,,,,,,,,,,,,,,,,,,,,,,,,,,,,,,,,,,,,,,,,,,,,,,,,,,,,,,,,,,,,,,,,,,,,,,,,,,,,,,,,,,,,,,,,,,,,,,,,,,,,,,,,,,,,,,,,,,,,,,,,,,,,,,,,,,,,,,,,
Q4798703,Arthur Fong,Arthur Fong,,,Arthur Fong,,,,,,,,,,Arthur Fong,Arthur Fong,male,1964-05-24,Arthur,Arthur Fong,Arthur Fong,,,,,,,,Arthur Fong,,,,,,,,,,,,,,,,,,,,,,,,,,,,,,,,,,,,,,,,,,,,,,,,,,,,,,,,,,,,,,,,,,,,,,,,,,,,,,,,,,,,,,,,,,,,,,,,,,,,,,,,,,,,,,,,,,,,,,,,,,,,,,,,,,,,,,,,,,,,,,,,,,,,,,,,,,,,,,,,,,,,,,,,,,,,,,,,,,,,,,,,,,,,,,,,,,,,,,,,,,,,,,,,,,,,,,,,,,,,,,,,,,,,,
Q4841314,Baey Yam Keng,Baey Yam Keng,,,Baey Yam Keng,,,,,,,,,,Baey Yam Keng,Baey Yam Keng,male,1970-08-31,,Baey Yam Keng,Baey Yam Keng,,,,,,https://upload.wikimedia.org/wikipedia/commons/1/15/Baey_Yam_Keng_at_a_cycling_event_in_Singapore_-_20120923.jpg,,,,,,,,,,,,,,,,,,,,,,,,,,,,,,,,,,,,,,,,,,,,,,,,,,,,,,,,,,,,,,,,,,,,,,,,,,,,,,,,,,,,,,,,,,,,,,,,Category:Baey Yam Keng,,,,,,,,,,,,,,,,,,,,,,,,,,,,,,,,,,,,,,,,,,,,,,,,,,,,,,,,,,,,,,,,,,,,,,,,,,,,,,,,,,,,,,,,,,,,,,,,,,,,,,,,,,,,,,,,,,,,,,,,,,,,,,,,,,,,,,,
Q4849852,Balaji Sadasivan,Balaji Sadasivan,,,Balaji Sadasivan,,,,,,,,,,Balaji Sadasivan,Balaji Sadasivan,male,1955-07-11,,Balaji Sadasivan,Balaji Sadasivan,,,,,,"https://upload.wikimedia.org/wikipedia/commons/b/b1/Balaji_Sadasivan_at_the_World_Economic_Forum_on_East_Asia,_Ho_Chi_Minh_City,_Vietnam_-_20100606.jpg",,,,,,,Balaji Sadasivan,,,,,,,,,,,,,,,,,,,,Balaji Sadasivan,,,,,,,,,,,,,Balaji Sadasivan,,,,,,,,,,,Balaji Sadasivan,,,,,,,,,,177722838,,,171018710,,,,,,,,,,,,,,,,,,,,,,,,,,,,,,,,,,,,,,,,,,,,,,,,,,,,,,,,2010-09-27,OL7008403A,,,,,,,,,,,,,,,,,,,,,,,,,,,,,,,,,,,,,,,,,,,,,,,,,,,,,,,,,,,,,,,,,,,,,,,,,,,,,,,,,,,,,,,,,,,,,,,,,,,,,,,,,,,,,,
Q5024354,Calvin Cheng,Calvin Cheng,,,Calvin Cheng,,,,,,,,,,Calvin Cheng,Calvin Cheng,male,,Calvin,Calvin Cheng,Calvin Cheng,,,Calvin Cheng,,,,,Calvin Cheng,,,,,,,,,,,,,,,,,,,,,,,,,,,,,,,,,,,,,,,,,,,,,,,,,,,,,,,,,,,,,,,,,,,,,,,,,,,,,,,,,,,,,,,,,,,,,,,,,,,,,,,,,,,,,,,,,,,,,,,,,,,,,,,,,,,,,,,,,,,,,,,,,,,,,,,,,,,,,,,,,,,,,,,,,,,,,,,,,,,,,,,,,,,,,,,,,,,,,,,,,,,,,,,,,,,,,,,,,,,,,,,,,,,,,
Q5070296,Chan Chun Sing,Chan Chun Sing,,,Chan Chun Sing,,,,,,,,,,Chan Chun Sing,Chan Chun Sing,male,1969,,Chan Chun Sing,Chan Chun Sing,,,Chan Chun Sing,,,https://upload.wikimedia.org/wikipedia/commons/1/14/Chan_Chun_Sing_at_the_We_Welcome_Families_Awards_Ceremony_-_20130425_(cropped_-_02).jpg,,Chan Chun Sing,,,,,,,,,,Chan Chun Sing,,,,,,,,Chan Chun Sing,Chan Chun Sing,,,Chan Chun Sing,,,,,,,,,,,,,,,,,,,,,,,,,,,,,,,,,,,,,,,,,,,,,,,,,,,,,,,,,,,,,,,,,,,Chan Chun Sing,,,,,,,,,,,,,,,,,,,,,,,,,,,,,,,,,,,,,,,,,,,,,,,,,,,,,,,,,,,,,,,,,,,,,,,,,,,,,,,,,,,,,,,,,,,,,,,,,,,,,,,,,,,,,,,,,,,,,,,,,,,,,,,,,,,,,,,,,,,,
Q5070367,Chan Soo Sen,Chan Soo Sen,,,Chan Soo Sen,,,,,,,,,,Chan Soo Sen,Chan Soo Sen,male,1956-10-01,,Chan Soo Sen,Chan Soo Sen,,,,,,,,Chan Soo Sen,,,,,,,,,,,,,,,,,,,,,,,,,,,,,,,,,,,,,,,,,,,,,,,,,,,,,,,,,,,,,,,,,,,,,,,,,,,,,,,,,,,,,,,,,,,,,,,,,,,,,,,,,,,,,,,,,,,,,,,,,,,,,,,,,,,,,,,,,,,,,,,,,,,,,,,,,,,,,,,,,,,,,,,,,,,,,,,,,,,,,,,,,,,,,,,,,,,,,,,,,,,,,,,,,,,,,,,,,,,,,,,,,,,,,
Q5076232,Charles Chong,Charles Chong,Charles Chong,Charles Chong,Charles Chong,Chông Yû-fuk,張有福,Tiuⁿ Iú-hok,張有福,张有福,张有福,張有福,张有福,張有福,Charles Chong,Charles Chong,male,1953-06-24,Charles,Charles Chong,Charles Chong,,,,,,,,Charles Chong,,,,,,,,,,,,,,,,,,,,,,,,,,,,,,,,,,,,,,,,,,,,,,,,,,,,,,,,,,,,,,,,,,,,,,,,,,,,,,,,,,,,,,,,,,,,,,,,,,,,,,,,,,,,,,,,,,,,,,,,,,,,,,,,,,,,,,,,,,,,,,,,,,,,,,,,,,,,,,,,,,,,,,,,,,,,,,,,,,,,,,,,,,,,,,,,,,,,,,,,,,,,,,,,,,,,,,,,,,,,,,,,,,,,,
Q5113490,Christopher de Souza,Christopher de Souza,Christopher de Souza,Christopher de Souza,Christopher de Souza,,迪舒沙,,迪舒沙,迪舒沙,迪舒沙,迪舒沙,迪舒沙,迪舒沙,Christopher de Souza,Christopher de Souza,male,1976-01-21,Christopher,Christopher de Souza,Christopher de Souza,,,Christopher de Souza,,,https://upload.wikimedia.org/wikipedia/commons/6/68/Chris_de_Souza.JPG,,Christopher de Souza,,,,,,,,,,,,,,,,,,,,,,,,,,,,,,,,,,,,,,,,,,,,,,,,,,,,,,,,,,,,,,,,,,,,,,,,,,,,,,,,,,,,,,,,,Christopher de Souza,,,,,,,,,,,,,,,,,,,,,,,,,,,,,,,,,,,,,,,,,,,,,,,,,,,,,,,,,,,,,,,,,,,,,,,,,,,,,,,,,,,,,,,,,,,,,,,,,,,,,,,,,,,,,,,,,,,,,,,,,,,,,,,,,,,,,,,,,,,,
Q5200144,Cynthia Phua,Cynthia Phua,,,Cynthia Phua,,,,,,,,,,Cynthia Phua,Cynthia Phua,female,1958-08-19,Cynthia,Cynthia Phua,Cynthia Phua,,,,,,,,,,,,,,,,,,,,,,,,,,,,,,,,,,,,,,,,,,,,,,,,,,,,,,,,,,,,,,,,,,,,,,,,,,,,,,,,,,,,,,,,,,,,,,,,,,,,,,,,,,,,,,,,,,,,,,,,,,,,,,,,,,,,,,,,,,,,,,,,,,,,,,,,,,,,,,,,,,,,,,,,,,,,,,,,,,,,,,,,,,,,,,,,,,,,,,,,,,,,,,,,,,,,,,,,,,,,,,,,,,,,,,,,,,,,,
Q5257739,Denise Phua,Denise Phua,Denise Phua,Denise Phua,Denise Phua,Phân Li-phìn,潘麗萍,Phoaⁿ Lē-phêng,潘麗萍,潘丽萍,潘丽萍,潘麗萍,潘丽萍,潘麗萍,Denise Phua,Denise Phua,female,1959-12-09,Denise,Denise Phua,Denise Phua,,,Denise Phua,,,,,Denise Phua,,,,,,,,,,,,,,,,,,,,,,,,,,,,,,,,,,,,,,,,,,,,,,,,,,,,,,,,,,,,,,,,,,,,,,,,,,,,,,,,,,,,,,,,,Denise Phua,,,,,,,,,,,,,,,,,,,,,,,,,,,,,,,,,,,,,,,,,,,,,,,,,,,,,,,,,,,,,,,,,,,,,,,,,,,,,,,,,,,,,,,,,,,,,,,,,,,,,,,,,,,,,,,,,,,,,,,,,,,,,,,,,,,,,,,,,,,,
Q5264684,Desmond Choo,Desmond Choo,,,Desmond Choo,,,,,,,,,,Desmond Choo,Desmond Choo,male,1977,Desmond,Desmond Choo,Desmond Choo,,,Desmond Choo,,,,,Desmond Choo,,,,,,,,,,,,,,,,,,,,,,,,,,,,,,,,,,,,,,,,,,,,,,,,,,,,,,,,,,,,,,,,,,,,,,,,,,,,,,,,,,,,,,,,,Desmond Choo,,,,,,,,,,,,,,,,,,,,,,,,,,,,,,,,,,,,,,,,,,,,,,,,,,,,,,,,,,,,,,,,,,,,,,,,,,,,,,,,,,,,,,,,,,,,,,,,,,,,,,,,,,,,,,,,,,,,,,,,,,,,,,,,,,,,,,,,,,,,
Q5346875,Edwin Tong,Edwin Tong,Edwin Tong,Edwin Tong,Edwin Tong,Thòng Chṳ́n-fî,唐振輝,Tn̂g Chín-hui,唐振輝,唐振辉,唐振辉,唐振輝,唐振辉,唐振輝,Edwin Tong,Edwin Tong,male,1970,Edwin,Edwin Tong,Edwin Tong,,,,,,https://upload.wikimedia.org/wikipedia/commons/1/1c/EdwinTong.jpg,,,,,,,,,,,,,,,,,,,,,,,,,,,,,,,,,,,,,,,,,,,,,,,,,,,,,,,,,,,,,,,,,,,,,,,,,,,,,,,,,,,,,,,,,,,,,,,,,,,,,,,,,,,,,,,,,,,,,,,,,,,,,,,,,,,,,,,,,,,,,,,,,,,,,,,,,,,,,,,,,,,,,,,,,,,,,,,,,,,,,,,,,,,,,,,,,,,,,,,,,,,,,,,,,,,,,,,,,,,,,,,,,,,,,,,
Q5407786,Eugene Tan,Eugene Tan,,,Eugene Tan,,,,,,,,,,Eugene Tan,Eugene Tan,male,1970-02-18,Eugene,Eugene Tan,Eugene Tan,陈庆文,,,,,"https://upload.wikimedia.org/wikipedia/commons/a/ac/Eugene_Tan_at_the_Mochtar_Riady_Auditorium,_Singapore_Management_University_-_20151111-02_(cropped).jpg",Chen,Eugene Tan,,,,,,,,,,,,,,,,,,,,,,,,,,,,,,,,,,,,,,,,,,,,,,,,,,,,,,,,,,,311825954,,,,,381349616,,,,,,,,,,,,,,,,,,,,,,,,,,,,,,Category:Eugene Tan,,,,,,,,,,,,,,,,,,,,,,,,,,,,,,,http://law.smu.edu.sg/faculty/profile/9597/Eugene-TAN-Kheng-Boon,,,,,,,,,,,,,,,,,,,,,,,,,,,,,,,,,,,,,,,,,,,,,,,,,,,,,,,,,,,,,,,,,,,,,,,,,,,,,,,,,,,,,,,,,,,,,,,,,,,,,,,,
Q5409769,Eunice Olsen,Eunice Olsen,,,Eunice Olsen,,,,,,,,,,Eunice Olsen,Eunice Olsen,female,1977-10-24,Eunika,Eunice Olsen,Eunice Olsen,,,Eunice Olsen,,,https://upload.wikimedia.org/wikipedia/commons/8/8b/Eunice_Olsen_MSU2011.jpg,,Eunice Olsen,,,,,,,,,,,,,,,,,,,,,,,,,,,,,,,,,,,,,,,,,,,,,,,,,,,,,,,,,,,,,,,,,,,,,,,,,,,,,,,,,,,,,,,,,Eunice Olsen,,,,,,,,,,,,,,,,,,,,,,,,,nm2642700,,,,,,,,,,,,,,,,,,,,,,,,,,,,,,,,,,,,,,,,,,,,,,,,,,,,,,,,,,,,,,,,,,,,,,,,,,,,,,,,,,,,,,,,,,,,,,,,,,,,,,,,,,,,,,,,,,,
Q5465241,Foo Mee Har,Foo Mee Har,,,Foo Mee Har,,,,,,,,,,Foo Mee Har,Foo Mee Har,female,1966-01-10,,Foo Mee Har,Foo Mee Har,,,Foo Mee Har,,,https://upload.wikimedia.org/wikipedia/commons/9/91/Foo_Mee_Har.jpg,,Foo Mee Har,,,,,,,,,,,,,,,,,,,,,,,,,,,,,,,,,,,,,,,,,,,,,,,,,,,,,,,,,,,,,,,,,,,,,,,,,,,,,,,,,,,,,,,,,Foo Mee Har,,,,,,,,,,,,,,,,,,,,,,,,,,,,,,,,,,,,,,,,,,,,,,,,,,,,,,,,,,,,,,,,,,,,,,,,,,,,,,,,,,,,,,,,,,,,,,,,,,,,,,,,,,,,,,,,,,,,,,,,,,,,,,,,,,,,,,,,,,,,
Q5520446,Gan Kim Yong,Gan Kim Yong,Gan Kim Yong,Gan Kim Yong,Gan Kim Yong,Ngièn Kîm-yúng,顏金勇,Gân Kim-ióng,顏金勇,颜金勇,颜金勇,顏金勇,颜金勇,顏金勇,Gan Kim Yong,Gan Kim Yong,male,1952-12-08,,Gan Kim Yong,Gan Kim Yong,,,Gan Kim Yong,,,https://upload.wikimedia.org/wikipedia/commons/7/72/Gan_Kim_Yong_at_a_PCF_graduation_ceremony_-_20081113_(cropped).jpg,,,,,,,,,,,,,,,,,,,,,,,,,,,,,,,,,,,,,,,,,,,,,,,,,,,,,,,,,,,,,,,,,,,,,,,,,,,,,,,,,,,,,,,,,,,Gan Kim Yong,,,,,Category:Gan Kim Yong,,,,,,,,,,,,,,,,,,,,,,,,,,,,,,,,,,,,,,,,,,,,,,,,,,,,,,,,,,,,,,,,,,,,,,,,,,,,,,,,,,,,,,,,,,,,,,,,,,,,,,,,,,,,,,,,,,,,,,,,,,,,,,,,,,,,,,,
Q5549173,Gerald Giam,Gerald Giam,,,Gerald Giam,,,,,嚴燕松,,,,,Gerald Giam,Gerald Giam,male,1977-11-22,Gerald,Gerald Giam,Gerald Giam,,,Gerald Giam,,嚴燕松,"https://upload.wikimedia.org/wikipedia/commons/8/80/Gerald_Giam_at_a_Workers'_Party_general_election_rally,_Bedok_Stadium,_Singapore_-_20110430-04.jpg",,Gerald Giam,,,,,,,,,,,,,,,,,,,,,,,,,,,,,,,,,,,,,,,,,,,,,,,,,,,,,,,,,,,129435717,,,,,,,,,,,,,,,,,,,,,,,,,,,,,,Gerald Giam,,,,,,,,,,,,,,,,,,,,,,,,,,,,,,,,,,,,,,,,,,,,,,,,,,,,,,,,,,,,,,,,,,,,,,,,,,,,,,,,,,,,,,,,,,,,,,,,,,,,,,,,,,,,,,,,,,,,,,,,,,,,,,,,,,,,,,,,,,,,
Q5591179,Grace Fu,Grace Fu,,,Grace Fu,,,,,,,,,,Grace Fu,Grace Fu,female,1964-03-29,Grace,Grace Fu,Grace Fu,,,Grace Fu,,,https://upload.wikimedia.org/wikipedia/commons/1/14/GraceFu-2010SummerYouthOlympics-20090426-02.jpg,,Grace Fu,,,,,,,,,,,,,,,,,,,,,,,,,,,,,,,,,,,,,,,,,,,,,,,,,,,,,,,,,,,,,,,,,,,,,,,,,,,,,,,,,,,,,,,,,Grace Fu,,,,,,,,,,,,,,,,,,,,,,,,,,,,,,,,,,,,,,,,,,,,,,,,,,,,,,,,,,,,,,,,,,,,,,,,,,,,,,,,,,,,,,,,,,,,,,,,,,,,,,,,,,,,,,,,,,,,,,,,,,,,,,,,,,,,,,,,,,,,
Q5642345,Halimah Yacob,Halimah Yacob,Halimah Yacob,Halimah Yacob,Halimah Yacob,,哈莉瑪,,哈莉瑪,哈莉玛,哈莉玛,哈莉瑪,哈莉玛,哈莉瑪,Halimah Yacob,Halimah Yacob,female,1954-08-23,,Halimah Yacob,Halimah Yacob,,,Halimah Yacob,,,,,,,,,Halimah Yacob,Halimah Yacob,,,,,,हलीमा याकूब,,,,,,,,,,,,,,,,,,,,,,,,,,हलीमा याकूब,Halimah Yacob,,,,,,,Halimah Yacob,,,,,,,,,,,,,,,,,,,,,,,,,,,,,,,,,,,,,,,,,,,,Halimah Yacob,,,,,,,,,,,,,,,,,,,,,,,,,,,,,,,,,,,,,,,,,,,,,,,,,,,,,,,,,,,,,,,,,,,हलीमा याकूब,,,,,,,,,,,,,,,,,,,,,,,,,,,,,,,,,,,,,,,,,,,,,,,,,,हलीमा याकूब,,,,,,,,,,,,,,,,,,,,,,,
Q5714190,Heng Chee How,Heng Chee How,Heng Chee How,Heng Chee How,Heng Chee How,,,,,,,,,,Heng Chee How,Heng Chee How,male,1961,,Heng Chee How,Heng Chee How,,,Heng Chee How,,,,,Heng Chee How,,,,,,,,,,,,,,,,,,,,,,,,,,,,,,,,,,,,,,,,,,,,,,,,,,,,,,,,,,,,,,,,,,,Heng Chee How,Heng Chee How,,,,,,,,,,,,,,,,,,,,,,,,,,,,,,,,,,,,,,,,,,,,,,,,,,,,Whampoa Single Member Constituency,,,,,,,,,,,,,,,,,,,,,,,,,,,,,,,,,,,,,,,,,,,,,,,,,,,,,,,,,,,,,,,,,,,,,,,,,,,,,,,,,,,,,,,,,,,,,,,,,,,,,,,,,,,,,
Q5714209,Heng Swee Keat,Heng Swee Keat,,,Heng Swee Keat,,,,,,,,,,Heng Swee Keat,Heng Swee Keat,male,1961,,Heng Swee Keat,Heng Swee Keat,,,Heng Swee Keat,,,"https://upload.wikimedia.org/wikipedia/commons/4/48/Heng_Swee_Keat_at_Nan_Hua_High_School,_Singapore_-_20120707.jpg",,,,,,,,,,,,,,,,,,,,,,,,,,,,,,,,,,,,,,,,,,,,,,,,,,,,,,,,,,,,,,,,,,,,,,,,,,,,,,,,,,,,,,,,,,,Heng Swee Keat,,,,,Category:Heng Swee Keat,,,,,,,,,,,,,,,,,,,,,,,,,,,,,,,,,,,,,,,,,,,,,,,,,,,,,,,,,,,,,,,,,,,,,,,,,,,,,,,,,,,,,,,,,,,,,,,,,,,,,,,,,,,,,,,,,,,,,,,,,,,,,,,,,,,,,,,
Q57643,Lee Hsien Loong,Lee Hsien Loong,Lee Hsien Loong,Lee Hsien Loong,Lee Hsien Loong,Lí Hién-liùng,李顯龍,Lí Hián-liông,李顯龍,李显龙,李显龙,李顯龍,李显龙,李顯龍,Lee Hsien Loong,Lee Hsien Loong,male,1952-02-10,,Lee Hsien Loong,Lee Hsien Loong,李显龙,李顯龍,Lee Hsien Loong,Lí Hián-liông,李显龙,https://upload.wikimedia.org/wikipedia/commons/e/e3/Lee_Hsien-Loong_-_World_Economic_Forum_Annual_Meeting_2012_cropped.jpg,Li,Lee Hsien Loong,Ли Сяньлун,Lee Hsien Loong,리셴룽,Lee Hsien Loong,Lee Hsien Loong,リー・シェンロン,Lý Hiển Long,လီရှန်လုံး,لي هسين لونغ,Lee Hsien Loong,ली सियन लूंग,ลี เซียนลุง,Lee Hsien Loong,Лі Сянь Лун,Lee Hsien Loong,ली श्येन लूंग,,Lee Hsien Loong,Lee Hsien Loong,Lee Hsien Loong,Lee Hsien Loong,Lee Hsien Loong,李顯龍,李显龙,Lee Hsien Loong,লি সিয়েন লুং,لي هسين لونغ,লি সিয়েন লুং,Lee Hsien Loong,Lee Hsien Loong,Lee Hsien Loong,Lee Hsien Loong,Lee Hsien Loong,Lee Hsien Loong,Lee Hsien Loong,Lí Hién-liùng,ली सियन लूंग,Lee Hsien Loong,Lee Hsien Loong,リー・シェンロン,,리셴룽,Lee Hsien Loong,ली श्येन लूंग,Lee Hsien Loong,လီရှန်လုံး,Lee Hsien Loong,Lee Hsien Loong,Lee Hsien Loong,Ли Сяньлун,Lee Hsien Loong,Lee Hsien Loong,ลี เซียนลุง,Lee Hsien Loong,Лі Сянь Лун,Lý Hiển Long,李顯龍,,274069438,171879163,n2002091875,,/m/01_pkq,,094/000111758,,,,லீ ஹசீன் லூங்,லீ சியன் லூங்,Lee Hsien Loong,לי הסיין לונג,Lee Hsien Loong,Lee Hsien Loong,Li Sjaņluns,Lee Hsien Loong,Λι Χσιε Λουνγκ,Lee Hsien Loong,Ли Сјенлунг,Lee Hsien Loong,Lee Hsien Loong,لی هسین لونگ,Lee Hsien Loong,Lee Hsien Loong,Lee Hsien Loong,Лі Сяньлун,Lee Hsien Loong,Li Syan Lun,Li Hszien Lung,Լի Սյանլուն,Li Syan Lun,Лі Сяньлун,Lee Hsien Loong,Lee Hsien Loong,Lee Hsien Loong,Λι Σιεν Λουνγκ,Category:Lee Hsien Loong,Lee Hsien Loong,Lee Hsien Loong,لی هسین لونگ,Lee Hsien Loong,לי הסיין לונג,Լի Սյանլուն,Lee Hsien Loong,Li Sjaņluns,Lee Hsien Loong,Lee Hsien Loong,Lee Hsien Loong,Lee Hsien Loong,Lee Hsien Loong,Ли Сјенлунг,Lee Hsien Loong,Lee Hsien Loong,nm4389676,,,,,,,,,,,,,,,,,,,,,,,,,,,,,,,,,,,,,,,,,,,,,,,,,,,,,,,,,,,,,,,,,,,,,,,,,,,,,,,,,,,,,,,,,,,,,,,,,,,,,,,,,,,,,,,,,,1573283,
Q58142,George Yeo,George Yeo,,,George Yeo,,,,,杨荣文,,,,,George Yeo,George Yeo,male,1954-09-13,George,George Yeo,George Yeo,,,George Yeo,,杨荣文,https://upload.wikimedia.org/wikipedia/commons/4/49/George_Yeo_by_Michael_Wuertenberg.jpg,Yang,,,,,,Yeo Yong-Boon George,,,,,,,,George Yeo,,,,,,,,,,,,,,,,,,George Yeo,,,George Yeo,George Yeo,,,Yeo Yong-Boon George,,,,,,,,,,,,,,,,,,,,,,,,,/m/084bv4,,,,,,,,,,George Yeo,,,,,,,,,,George Yeo,,,,,,George Yeo,,,,,,,,,,,,,,,,,,,,,,,,,,,,,,,,,,,,,,,,,,,,,,,,,,,,,,,,,,,,,,,,,,,,,,,,,,,,,,,,,,,,,,,,,,,,,,,,,,,,,,,,,,,,,,,,,,,,,,,,,,,,,,,,,,,,,,,,,,,,
Q5874044,Ho Geok Choo,Ho Geok Choo,,,Ho Geok Choo,,,,,,,,,,Ho Geok Choo,Ho Geok Choo,female,1956-04-15,,Ho Geok Choo,Ho Geok Choo,,,,,,,,,,,,,,,,,,,,,,,,,,,,,,,,,,,,,,,,,,,,,,,,,,,,,,,,,,,,,,,,,,,,,,,,,,,,,,,,,,,,,,,,,,,,,,,,,,,,,,,,,,,,,,,,,,,,,,,,,,,,,,,,,,,,,,,,,,,,,,,,,,,,,,,,,,,,,,,,,,,,,,,,,,,,,,,,,,,,,,,,,,,,,,,,,,,,,,,,,,,,,,,,,,,,,,,,,,,,,,,,,,,,,,,,,,,,,
Q5874137,Ho Peng Kee,Ho Peng Kee,,,Ho Peng Kee,,,,,,,,,,Ho Peng Kee,Ho Peng Kee,male,1954-05-09,,Ho Peng Kee,Ho Peng Kee,,,Ho Peng Kee,,,,,,,,,,,,,,,,,,,,,,,,,,,,,,,,,,,,,,,,,,,,,,,,,,,,,,,,,,,,,,,,,,,,,,,,,,,,,,,,,,,,,,,,,,,,,,Ho Peng Kee,,,,,,,,,,,,,,,,,,,,,,,,,,,,,,,,,,,,,,,,,,,,,,,,,,,,,,,,,,,,,,,,,,,,,,,,,,,,,,,,,,,,,,,,,,,,,,,,,,,,,,,,,,,,,,,,,,,,,,,,,,,,,,,,,,,,,,,,,,,,
Q6017702,Inderjit Singh,Inderjit Singh,Inderjit Singh,Inderjit Singh,Inderjit Singh,,殷吉星,,殷吉星,殷吉星,殷吉星,殷吉星,殷吉星,殷吉星,Inderjit Singh,Inderjit Singh (Singaporean politician),male,1960-06-05,,Inderjit Singh (Singaporean politician),Inderjit Singh,,殷吉星,Inderjit Singh,,,,,,,,,,,,,,,,,,,,,,,,,,,,,,,,,,,,,,,,,,,,,,,,,,,,,,,,,,,,,,,,46565994,,,,,,,,,,,,,,,,,,,,,,,,,,,,,,Inderjit Singh,,,,,,,,,,,,,,,,,,,,,,,,,,,,,,,,,,,,,,,,,,,,,,,,,,,,,,,,,,,,,,,,,,,,,,,,,,,,,,,,,,,,,,,,,,,,,,,,,,,,,,,,,,,,,,,,,,,,,,,,,,,,,,,,,,,,,,,,,,,,
Q6026908,Indranee Rajah,Indranee Rajah,,,Indranee Rajah,,,,,,,,,,Indranee Rajah,Indranee Rajah,female,1963-04-12,,Indranee Rajah,Indranee Rajah,,,Indranee Rajah,,,"https://upload.wikimedia.org/wikipedia/commons/9/98/Indranee_Rajah_in_Lecture_Theatre_B.2.17,_Block_B,_SIM_University,_Singapore_-_20150905-02_(cropped).jpg",,,,,,,,,,,,,,,,,,,,,,,,,,,,,,,,,,,,,,,,,,,,,,,,,,,,,,,,,,,,,,,,,,,,,,,,,,,,,,,,,,,,,,,,,,,Indranee Rajah,,,,,Category:Indranee Rajah,,,,,,,,,,,,,,,,,,,,,,,,,,,,,,,,,,,,,,,,,,,,,,,,,,,,,,,,,,,,,,,,,,,,,,,,,,,,,,,,,,,,,,,,,,,,,,,,,,,,,,,,,,,,,,,,,,,,,,,,,,,,,,,,,,,,,,,
Q6069175,Irene Ng,Irene Ng,,,Irene Ng,,,,,,,,,,Irene Ng,Irene Ng (politician),female,1963-12-24,Irene,Irene Ng (politician),Irene Ng,,,Irene Ng,,,,,,Айрин Нг,,,,,,,,,,,,,,,,,,,,,,,,,,,,,,,,,,,,,,,,,,,,,,,,,,,,,,,,,,165121790,,,,,,,,,,,,,,,,,,,,,,,,,,,,,,Irene Ng,,,,,,,,,,,,,,,,,,,,,,,,,,,,,,,,,,,,,,,,,,,,,,,,,,,,,,,,,,,,,,,,,,,,,,,,,,,,,,,,,,,,,,,,,,,,,,,,,,,,,,,,,,,,,,,,,,,,,,,,,,,,,,,,,,,,,,,,,,,,
Q6154464,Janil Puthucheary,Janil Puthucheary,Janil Puthucheary,Janil Puthucheary,Janil Puthucheary,,普傑立,,普傑立,普杰立,普杰立,普傑立,普杰立,普傑立,Janil Puthucheary,Janil Puthucheary,male,1973,,Janil Puthucheary,Janil Puthucheary,,,,,,,,,,,,,,,,,,,,,,,,,,,,,,,,,,,,,,,,,,,,,,,,,,,,,,,,,,,,,,,,,,,,,,,,,,,,,,,,,,,,,,,,,,,,,,,,,,,,,,,,,,,,,,,,,,,,,,,,,,,,,,,,,,,,,,,,,,,,,,,,,,,,,,,,,,,,,,,,,,,,,,,,,,,,,,,,,,,,,,,,,,,,,,,,,,,,,,,,,,,,,,,,,,,,,,,,,,,,,,,,,,,,,,,,,,,,,
Q6187512,Jessica Tan,Jessica Tan,Jessica Tan,Jessica Tan,Jessica Tan,Chhṳ̀n Sun-ngiòng,陳舜娘,Tân Sùn-niû,陳舜娘,陈舜娘,陈舜娘,陳舜娘,陈舜娘,陳舜娘,Jessica Tan,Jessica Tan,female,1966-05-28,Jessica,Jessica Tan,Jessica Tan,,,,,,https://upload.wikimedia.org/wikipedia/commons/b/b1/JessicaTan.jpg,,,,,,,,,,,,,,,,,,,,,,,,,,,,,,,,,,,,,,,,,,,,,,,,,,,,,,,,,,,,,,,,,,,,,,,,,,,,,,,,,,,,,,,,,,,,,,,,,,,,,,,,,,,,,,,,,,,,,,,,,,,,,,,,,,,,,,,,,,,,,,,,,,,,,,,,,,,,,,,,,,,,,,,,,,,,,,,,,,,,,,,,,,,,,,,,,,,,,,,,,,,,,,,,,,,,,,,,,,,,,,,,,,,,,,,
Q6324008,K. Shanmugam,,K. Shanmugam,K. Shanmugam,K. Shanmugam,,尚穆根,,尚穆根,尚穆根,尚穆根,尚穆根,尚穆根,尚穆根,K. Shanmugam,K. Shanmugam,male,1960,K.,K. Shanmugam,K. Shanmugam,,,K. Shanmugam,,尚穆根,https://upload.wikimedia.org/wikipedia/commons/2/2f/K_Shanmugam.jpg,,,,,,,,,,,,,,,,,,,,,,,,,,,,,,,,,,,,,,,,,,,,,,,,,,,,,,,,,,,,,,,,,,,,,,,கா. சண்முகம்,கா. சண்முகம்,,,,,,,,,,,,,,,,,,,K. Shanmugam,,,,,,,,,,,,,,,,,,,,,,,,,,,,,,,,,,,,,,,,,,,,,,,,,,,,,,,,,,,,,,,,,,,,,,,,,,,,,,,,,,,,,,,,,,,,,,,,,,,,,,,,,,,,,,,,,,,,,,,,,,,,,,,,,,,,,,,,,,,,
Q6425864,Koh Poh Koon,Koh Poh Koon,,,Koh Poh Koon,,,,,,,,,,Koh Poh Koon,Koh Poh Koon,male,,,Koh Poh Koon,Koh Poh Koon,,,Koh Poh Koon,,,,,Koh Poh Koon,,,,,,,,,,,,,,,,,,,,,,,,,,,,,,,,,,,,,,,,,,,,,,,,,,,,,,,,,,,,,,,,,,,,,,,,,,,,,,,,,,,,,,,,,Koh Poh Koon,,,,,,,,,,,,,,,,,,,,,,,,,,,,,,,,,,,,,,,,,,,,,,,,,,,,,,,,,,,,,,,,,,,,,,,,,,,,,,,,,,,,,,,,,,,,,,,,,,,,,,,,,,,,,,,,,,,,,,,,,,,,,,,,,,,,,,,,,,,,
Q6430492,Koo Tsai Kee,Koo Tsai Kee,,,Koo Tsai Kee,,,,,,,,,,Koo Tsai Kee,Koo Tsai Kee,male,1954-11-29,,Koo Tsai Kee,Koo Tsai Kee,,,Koo Tsai Kee,,,,,,,,,,,,,,,,,,,,,,,,,,,,,,,,,,,,,,,,,,,,,,,,,,,,,,,,,,,,,,,,,,,,,,,,,,,,,,,,,,,,,,,,,,,,,,Koo Tsai Kee,,,,,,,,,,,,,,,,,,,,,,,,,,,,,,,,,,,,,,,,,,,,,,,,,,,,,,,,,,,,,,,,,,,,,,,,,,,,,,,,,,,,,,,,,,,,,,,,,,,,,,,,,,,,,,,,,,,,,,,,,,,,,,,,,,,,,,,,,,,,
Q6480680,Lam Pin Min,Lam Pin Min,,,Lam Pin Min,,,,,,,,,,Lam Pin Min,Lam Pin Min,male,1969-09-01,,Lam Pin Min,Lam Pin Min,,,,,,,,Lam Pin Min,,,,,,,,,,,,,,,,,,,,,,,,,,,,,,,,,,,,,,,,,,,,,,,,,,,,,,,,,,,,,,,,,,,,,,,,,,,,,,,,,,,,,,,,,,,,,,,,,,,,,,,,,,,,,,,,,,,,,,,,,,,,,,,,,,,,,,,,,,,,,,,,,,,,,,,,,,,,,,,,,,,,,,,,,,,,,,,,,,,,,,,,,,,,,,,,,,,,,,,,,,,,,,,,,,,,,,,,,,,,,,,,,,,,,
Q6504758,Lawrence Wong,Lawrence Wong,,,Lawrence Wong,,,,,,,,,,Lawrence Wong,Lawrence Wong,male,1972-12-18,Lawrence,Lawrence Wong,Lawrence Wong,,,Lawrence Wong,,,https://upload.wikimedia.org/wikipedia/commons/b/b1/Lawrence_Wong.jpg,,,Лоуренс Вонг,,,,,,,,,,,,,,,,,,,,,,,,,,,,,,,,,,,,,,,,,,,,,,,,,,,,,,,,,,,,,,,,,,,,,,,,,,,,,,,,,,,,,,,,Lawrence Wong,,,,,Category:Lawrence Wong,,,,,,,,,,,,,,,,,,,,,,,,,,,,,,,,,,,,,,,,,,,,,,,,,,,,,,,,,,,,,,,,,,,,,,,,,,,,,,,,,,,,,,,,,,,,,,,,,,,,,,,,,,,,,,,,,,,,,,,,,,,,,,,,,,,,,,,
Q6513114,Lee Boon Yang,Lee Boon Yang,,,Lee Boon Yang,,,,,李文献,,,,,Lee Boon Yang,Lee Boon Yang,male,1947-10-01,,Lee Boon Yang,Lee Boon Yang,,,Lee Boon Yang,,李文献,,Li,,,,,,,,,,,,,,,,,,,,,,,,,,,,,,,,,,,,,,,,,,,,,,,,,,,,,,,,,,,,,,,,,,,,,,,,,,,,,,,,,,,لی بون یانگ,,,,,,,Lee Boon Yang,,,,,,,,,,,لی بون یانگ,,,,,,,,,,,,,,,,,,,,,,,,,,,,,,,,,,,,,,,,,,,,,,,,,,,,,,,,,,,,,,,,,,,,,,,,,,,,,,,,,,,,,,,,,,,,,,,,,,,,,,,,,,,,,,,,,,,,,,,,,,,,,,,,,
Q6548656,Lim Biow Chuan,Lim Biow Chuan,Lim Biow Chuan,Lim Biow Chuan,Lim Biow Chuan,Lìm Mèu-chhièn,林謀泉,Lîm Bô͘-choân,林謀泉,林谋泉,林谋泉,林謀泉,林谋泉,林謀泉,Lim Biow Chuan,Lim Biow Chuan,male,1963-05-22,,Lim Biow Chuan,Lim Biow Chuan,,,,,,,,,,,,,,,,,,,,,,,,,,,,,,,,,,,,,,,,,,,,,,,,,,,,,,,,,,,,,,,,,,,,,,,,,,,,,,,,,,,,,,,,,,,,,,,,,,,,,,,,,,,,,,,,,,,,,,,,,,,,,,,,,,,,,,,,,,,,,,,,,,,,,,,,,,,,,,,,,,,,,,,,,,,,,,,,,,,,,,,,,,,,,,,,,,,,,,,,,,,,,,,,,,,,,,,,,,,,,,,,,,,,,,,,,,,,,
Q6548659,Lim Boon Heng,Lim Boon Heng,,,Lim Boon Heng,,,,,林文兴,,,,,Lim Boon Heng,Lim Boon Heng,male,1947-11-18,,Lim Boon Heng,Lim Boon Heng,,,Lim Boon Heng,,林文兴,,,,,,,,,,,,,,,,,,,,,,,,,,,,,,,,,,,,,,,,,,,,,,,,,,,,,,,,,,,,,,,,,,,,,,,,,,,,,,,,,,,,,,,,,,,,Lim Boon Heng,,,,,,,,,,,,,,,,,,,,,,,,,,,,,,,,,,,,,,,,,,,,,,,,,,,,,,,,,,,,,,,,,,,,,,,,,,,,,,,,,,,,,,,,,,,,,,,,,,,,,,,,,,,,,,,,,,,,,,,,,,,,,,,,,,,,,,,,,,,,
Q6548691,Lim Hng Kiang,Lim Hng Kiang,,,Lim Hng Kiang,,,,林勛強,林勋强,林勋强,林勛強,林勋强,林勛強,Lim Hng Kiang,Lim Hng Kiang,male,1954-04-09,,Lim Hng Kiang,Lim Hng Kiang,林勋强,林勛強,Lim Hng Kiang,,林勋强,,Lin,,,,,,Lim Hng Kiang,,,,,,,,,,,,,,,,,,林勛強,林勋强,,,,,,,,,,,,,,Lim Hng Kiang,,,,,,,,,,,,,,,,,,,,,,,,,,,,,,,,,,,,,,,,,,,,,,,,,,,Lim Hng Kiang,,,,,Category:Lim Hng Kiang,,,,,,,,,,,,,,,,,,,,,,,,,,,,,,,,,,,,,,,,,,,,,,,,,,,,,,,,,,,,,,,,,,,,,,,,,,,,,,,,,,,,,,,,,,,,,,,,,,,,,,,,,,,,,,,,,,,,,,,,,,,,,,,,,,,,,,,
Q6548759,Lim Swee Say,Lim Swee Say,Lim Swee Say,Lim Swee Say,Lim Swee Say,Lìm Sui-sên,林瑞生,Lîm Sūi-seⁿ,林瑞生,林瑞生,林瑞生,林瑞生,林瑞生,林瑞生,Lim Swee Say,Lim Swee Say,male,1954-07-13,,Lim Swee Say,Lim Swee Say,,林瑞生,Lim Swee Say,,林瑞生,,,,,,,,,,,,,,,,,,,,,,,,,,,,,,,,,,,,,,,,,,,,,,,,,,,,,,,,,,,,,,,,,,,,,,,,,,,,,,,,,,,,,,,,,,,,Lim Swee Say,,,,,,,,,,,,,,,,,,,,,,,,,,,,,,,,,,,,,,,,,,,,,,,,,,,,,,,,,,,,,,,,,,,,,,,,,,,,,,,,,,,,,,,,,,,,,,,,,,,,,,,,,,,,,,,,,,,,,,,,,,,,,,,,,,,,,,,,,,,,
Q6732618,Mah Bow Tan,Mah Bow Tan,,,Mah Bow Tan,,,,,马宝山,,,,,Mah Bow Tan,Mah Bow Tan,male,1948-09-12,,Mah Bow Tan,Mah Bow Tan,,,Mah Bow Tan,,马宝山,,Ma,,,,,,,,,,,,,,,,,,,,,,,,,,,,,,,,,,,,,,,,,,,,,,,,,,,,,,,,,,,,171199131,,,,,,,,,,,,,,,,,,,,,,,,,,,,,,Mah Bow Tan,,,,,,,,,,,,,,,,,,,,,,,,,,,,,,,,,,,,,,,,,,,,,,,,,,,,,,,,,,,,,,,,,,,,,,,,,,,,,,,,,,,,,,,,,,,,,,,,,,,,,,,,,,,,,,,,,,,,,,,,,,,,,,,,,,,,,,,,,,,,
Q6743667,Maliki Osman,Maliki Osman,Maliki Osman,Maliki Osman,Maliki Osman,,孟理齊,,孟理齊,孟理齐,孟理齐,孟理齊,孟理齐,孟理齊,Maliki Osman,Maliki Osman,male,1965-07-19,,Maliki Osman,Maliki Osman,,,,,,,,,,,,,,,,,,,,,,,,,,,,,,,,,,,,,,,,,,,,,,,,,,,,,,,,,,,,,,,,,,,,,,,,,,,,,,,,,,,,,,,,,,,,,,,,,,,,,,,,,,,,,,,,,,,,,,,,,,,,,,,,,,,,,,,,,,,,,,,,,,,,,,,,,,,,,,,,,,,,,,,,,,,,,,,,,,,,,,,,,,,,,,,,,,,,,,,,,,,,,,,,,,,,,,,,,,,,,,,,,,,,,,,,,,,,,
Q6791625,Matthias Yao,Matthias Yao,,,,,,,,,,,,,Matthias Yao,Matthias Yao,male,1956-01-12,Matthias,Matthias Yao,,,,Matthias Yao,,,,,,,,,,,,,,,,,,,,,,,,,,,,,,,,,,,,,,,,,,,,,,,,,,,,,,,,,,,,,,,,,,,,,,,,,,,,,,,,,,,,,,,,,,,,,,,,,,,,,,,,,,,,,,,,,,,,,,,,,,,,,,,,,,,,,,,,,,,,,,,,,,,,,,,,,,,,,,,,,,,,,,,,,,,,,,,,,,,,,,,,,,,,,,,,,,,,,,,,,,,,,,,,,,,,,,,,,,,,,,,,,,,,,,,,,,
Q6833355,Michael Palmer,Michael Palmer,,,Michael Palmer,,,,,迈克·柏默,,,,,Michael Palmer,Michael Palmer (politician),male,1968-07-14,Michael,Michael Palmer (politician),Michael Palmer,,,Michael Palmer,,迈克·柏默,,Palmer,,Майкл Палмер,,,,,,,,,,,,,,,,,,,,,,,,,,,,,,,,,,,,,,,,,,,,,,,,,,,,,,,,,,,,,,,,,,,,மைக்கேல் பாமர்,மைக்கேல் பாமர் (அரசியல்வாதி),,,,,,,,,,,,,,,,,,,Michael Palmer,,,,,,,,,,,,,,,,,,,,,,,,,,,,,,,,,,,,,,,,,,,,,,,,,,,,,,,,,,,,,,,,,,,,,,,,,,,,,,,,,,,,,,,,,,,,,,,,,,,,,,,,,,,,,,,,,,,,,,,,,,,,,,,,,,,,,,,,,,,,
Q7093791,Ong Chit Chung,Ong Chit Chung,,,Ong Chit Chung,,,,,翁執中,,,,,Ong Chit Chung,Ong Chit Chung,male,1949-01-28,,Ong Chit Chung,Ong Chit Chung,,,,,翁執中,,,,,,,,,,,,,,,,,,,,,,,,,,,,,,,,,,,,,,,,,,,,,,,,,,,,,,,,,,,,,0000 0000 8412 6655,115720295,,,050651706,,,,,,,,,,,,,,,,,,,,,,,,,,,,,,,,,,,,,,,,,,,,,,,,,,,,,,,,2008-07-14,,,135003635,,,,,,,,,,,,,,,,,,,,,,,,,,,,,,,,,,,,,,,,,,,,,,,,,,,,,,,,,,,,,,,,,,,,,,,,,,,,,,,,,,,,,,,,,,,,,,,,,,,,,,,,,,,,
Q7093820,Ong Ye Kung,Ong Ye Kung,,,,,,,,,,,,,Ong Ye Kung,Ong Ye Kung,male,1969-11-15,,Ong Ye Kung,Ong Ye Kung,,,Ong Ye Kung,,,https://upload.wikimedia.org/wikipedia/commons/1/13/Ong_Ye_Kung_at_the_PAP_Party_Convention_-_20151206.jpg,,,,,,,,,,,,,,,,,,,,,,,,,,,,,,,,,,,,,,,,,,,,,,,,,,,,,,,,,,,,,,,,,,,,,,,,,,,,,,,,,,,,,,,,,,,Ong Ye Kung,,,,,,,,,,,,,,,,,,,,,,,,,,,,,,,,,,,,,,,,,,,,,,,,,,,,,,,,,,,,,,,,,,,,,,,,,,,,,,,,,,,,,,,,,,,,,,,,,,,,,,,,,,,,,,,,,,,,,,,,,,,,,,,,,,,,,,,,,,,,
Q713940,Low Thia Khiang,Low Thia Khiang,Low Thia Khiang,Low Thia Khiang,Low Thia Khiang,Liù Chhàng-khiòng,劉程強,Lâu Thiâⁿ-khiâng,劉程強,刘程强,刘程强,劉程強,刘程强,劉程強,Low Thia Khiang,Low Thia Khiang,male,1956-09-05,,Low Thia Khiang,Low Thia Khiang,刘程强,劉程強,Low Thia Khiang,,刘程强,https://upload.wikimedia.org/wikipedia/commons/b/bc/Low_Thia_Khiang_2011.JPG,Liu,,,,,Low Thia Khiang,Low Thia Khiang,,Lưu Trình Cường,,,,,,,,,,,,,,,,,,,,,,,,,,,,,,,Low Thia Khiang,,,,,,,Low Thia Khiang,,,,,,,,,,,Lưu Trình Cường,,,,,,,/m/05xgqj,,,,,,,,,,,,,,,,,,,,,,,,,,Low Thia Khiang,,,,,,,,,,,,,,,,,,,,,,,,,,,,,,,,,,,,,,,,,,,,,,,,,,,,,,,,,,,,,,,,,,,,,,,,,,,,,,,,,,,,,,,,,,,,,,,,,,,,,,,,,,,,,,,,,,,,,,,,,,,,,,,,,,,,,,,,,,,,
Q713945,Sylvia Lim,Sylvia Lim,Sylvia Lim,Sylvia Lim,Sylvia Lim,Lìm Sui-lièn,林瑞蓮,Lîm Sūi-liân,林瑞蓮,林瑞莲,林瑞莲,林瑞蓮,林瑞莲,林瑞蓮,Sylvia Lim,Sylvia Lim,female,1965-03-28,Sylvia,Sylvia Lim,Sylvia Lim,林瑞莲,林瑞蓮,Sylvia Lim,Lîm Sūi-liân,林瑞莲,"https://upload.wikimedia.org/wikipedia/commons/b/b7/Sylvia_Lim_at_a_Workers'_Party_general_election_rally,_Bedok_Stadium,_Singapore_-_20110430_(cropped).jpg",Lin,,,,,Sylvia Lim,Sylvia Lim,,Sylvia Lâm Thụy Liên,,,Sylvia Lim,,,,,,,,Sylvia Lim,Sylvia Lim,,,Sylvia Lim,,,,,,,,,,,,,Sylvia Lim,,,Sylvia Lim,,,,,,,Sylvia Lim,,,,,,,,,,,Sylvia Lâm Thụy Liên,,,,,,,/m/0731gm,,,,,,,,,,,,,,,,,,,,,,,,,,Sylvia Lim,,,,,,,,,,,,,,,,,,,,,,,,,,,,,,,,,,,,,,,,,,,,,,,,,,,,,,,,,,,,,,,,,,,,,,,,,,,,,,,,,,,,,,,,,,,,,,,,,,,,,,,,,,,,,,,,,,,,,,,,,,,,,,,,,,,,,,,,,,,,
Q7154917,Paulin Tay Straughan,Paulin Tay Straughan,,,,,,,,,,,,,Paulin Tay Straughan,Paulin Tay Straughan,female,,Paulin,Paulin Tay Straughan,,,,,,,,,,,,,,,,,,,,,,,,,,,,,,,,,,,,,,,,,,,,,,,,,,,,,,,,,,,,,,,,,,,,,,,,,,,,,,,,,,,,,,,,,,,,,,,,,,,,,,,,,,,,,,,,,,,,,,,,,,,,,,,,,,,,,,,,,,,,,,,,,,,,,,,,,,,,,,,,,,,,,,,,,,,,,,,,,,,,,,,,,,,,,,,,,,,,,,,,,,,,,,,,,,,,,,,,,,,,,,,,,,,,,,,,,,,,,,
Q7206019,Png Eng Huat,Png Eng Huat,Png Eng Huat,Png Eng Huat,Png Eng Huat,Fông Yùng-fat,方榮發,Png Êng-hoat,方榮發,方荣发,方荣发,方榮發,方荣发,方榮發,Png Eng Huat,Png Eng Huat,male,1961-12-09,,Png Eng Huat,Png Eng Huat,,方榮發,Png Eng Huat,,,"https://upload.wikimedia.org/wikipedia/commons/5/5b/Png_Eng_Huat_at_a_Workers'_Party_general_election_rally,_Bedok_Stadium,_Singapore_-_20110430.jpg",,Png Eng Huat,,,,,,,,,,,,,,,,,,,,,,,,,,,,,,,,,,,,,,,,,,,,,,,,,,,,,,,,,,,,,,,,,,,,,,,,,,,,,,,,,,,,,,,,,Png Eng Huat,,,,,,,,,,,,,,,,,,,,,,,,,,,,,,,,,,,,,,,,,,,,,,,,,,,,,,,,,,,,,,,,,,,,,,,,,,,,,,,,,,,,,,,,,,,,,,,,,,,,,,,,,,,,,,,,,,,,,,,,,,,,,,,,,,,,,,,,,,,,
Q7245929,Pritam Singh,Pritam Singh,Pritam Singh,Pritam Singh,Pritam Singh,,畢丹星,,畢丹星,毕丹星,毕丹星,畢丹星,毕丹星,畢丹星,Pritam Singh,Pritam Singh,male,1976-08-02,,Pritam Singh,Pritam Singh,,,Pritam Singh,,毕丹星,"https://upload.wikimedia.org/wikipedia/commons/7/78/Pritam_Singh_at_the_Workers'_Party_general_election_rally,_Serangoon_Stadium,_Singapore_-_20110505.jpg",,Pritam Singh,,,,Pritam Singh,,,,,,,,,,,,,,,,,,,,,,প্রীতম সিং,,প্রীতম সিং,,,,,,,,,,,,,,,,,Pritam Singh,,,,,,,,,,,,,,,,,,,,,,,,,,,,,,,,,,,,,,,,,,,,Pritam Singh,,,,,,,,,,,,,,,,,,,,,,,,,,ਪ੍ਰੀਤਮ ਸਿੰਘ,,,,,,,,,,,,,,,,,,,,,,,,,,,,,,,,,,,,,,,,,,,,,,,,,,,,,,,,,,,,,,,,,,,,,,,,,,,,,,,,,,,,,,,,,,,,,,,,,,,,,,,,,,,,,,,,,,
Q7298965,Raymond Lim,Raymond Lim,Raymond Lim,Raymond Lim,Raymond Lim,Lìm Sûng-kit,林雙吉,Lîm Siang-kiat,林雙吉,林双吉,林双吉,林雙吉,林双吉,林雙吉,Raymond Lim,Raymond Lim,male,1959-06-24,Raymond,Raymond Lim,Raymond Lim,,,Raymond Lim,,林双吉,,,,,,,,Lim Siang Keat Raymond,,,,,,,,,,,,,,,,,,,,,,,,,,,,,,,,,Lim Siang Keat Raymond,,,,,,,,,,,,,,,,,,,,,91510080,,,,,,,,,,,,,,,,,,,,,,,,,,,,,,Raymond Lim,,,,,,,,,,,,,,,,,,,,,,,,,,,,,,,,,,,,,,,,,,,,,,,,,,,,,,,,,,,,,,,,,,,,,,,,,,,,,,,,,,,,,,,,,,,,,,,,,,,,,,,,,,,,,,,,,,,,,,,,,,,,,,,,,,,,,,,,,,,,
Q7387540,S. Iswaran,,,,,,,,,,,,,,S. Iswaran,S. Iswaran,male,1962-06-14,S.,S. Iswaran,S. Iswaran,,,S. Iswaran,,,"https://upload.wikimedia.org/wikipedia/commons/e/e6/S_Iswaran_at_the_International_Summit_on_the_Teaching_Profession,_New_York_City,_New_York_-_20110316_(cropped).jpg",,,,,,,,,,,,,,,,,,,,,,,,,,,,,,,,,,,,,,,,,,,,,,,,,,,,,,,,,,,,,,,,,,,,,,,,,,,,,,,,,,,,,,,,,,,S. Iswaran,,,,,Category:S Iswaran,,,,,,,,,,,,,,,,,,,,,,,,,,,,,,,,,,,,,,,,,,,,,,,,,,,,,,,,,,,,,,,,,,,,,,,,,,,,,,,,,,,,,,,,,,,,,,,,,,,,,,,,,,,,,,,,,,,,,,,,,,,,,,,,,,,,,,,
Q7408232,Sam Tan,Sam Tan,Sam Tan,Sam Tan,Sam Tan,Chhṳ̀n Chṳ́n-chhièn,陳振泉,Tân Chìn-choân,陳振泉,陈振泉,陈振泉,陳振泉,陈振泉,陳振泉,Sam Tan,Sam Tan (politician),male,1958-10-13,Sam,Sam Tan (politician),Sam Tan,,,,,,https://upload.wikimedia.org/wikipedia/commons/b/b8/Sam_Tan_Chin_Siong_March_2013_(8579510065).jpg,,,,,,,,,,,,,,,,,,,,,,,,,,,,,,,,,,,,,,,,,,,,,,,,,,,,,,,,,,,,,,,,,,,,,,,,,,,,,,,,,,,,,,,,,,,,,,,,Category:Sam Tan Chin Siong,,,,,,,,,,,,,,,,,,,,,,,,,,,,,,,,,,,,,,,,,,,,,,,,,,,,,,,,,,,,,,,,,,,,,,,,,,,,,,,,,,,,,,,,,,,,,,,,,,,,,,,,,,,,,,,,,,,,,,,,,,,,,,,,,,,,,,,
Q7450519,Seng Han Thong,Seng Han Thong,Seng Han Thong,Seng Han Thong,Seng Han Thong,Sṳ̀n Hon-thûng,成漢通,Sêng Hàn-thong,成漢通,成汉通,成汉通,成漢通,成汉通,成漢通,Seng Han Thong,Seng Han Thong,male,1950-04-22,,Seng Han Thong,,,,,,,,,Seng Han Thong,,,,,,,,,,,,,,,,,,,,,,,,,,,,,,,,,,,,,,,,,,,,,,,,,,,,,,,,,,,,,,,,,,,,,,,,,,,,,,,,,,,,,,,,,,,,,,,,,,,,,,,,,,,,,,,,,,,,,,,,,,,,,,,,,,,,,,,,,,,,,,,,,,,,,,,,,,,,,,,,,,,,,,,,,,,,,,,,,,,,,,,,,,,,,,,,,,,,,,,,,,,,,,,,,,,,,,,,,,,,,,,,,,,,,
Q7463219,Yaacob Ibrahim,Yaacob Ibrahim,Yaacob Ibrahim,Yaacob Ibrahim,Yaacob Ibrahim,,雅國,,雅國,雅国,雅国,雅國,雅国,雅國,Yaacob Ibrahim,Yaacob Ibrahim,male,1955-10-03,,Yaacob Ibrahim,,,,Yaacob Ibrahim,,雅国,"https://upload.wikimedia.org/wikipedia/commons/e/ea/Yaacob_Ibrahim,_Singapore_-_20060722.jpg",,,,,,Yaacob Ibrahim,,,,,,,,,,,,,,,,,,,,,,,,,,,,,,,,,,,,,,,,,Yaacob Ibrahim,,,,,,,,,,,,,,,,,,,,,,,,,,,,,,,,,,,,,,,,,,,,Yaacob Ibrahim,,,,,Category:Yaacob Ibrahim,,,,,,,,,,,,,,,,,,,,,,,,,,,,,,,,,,,,,,,,,,,,,,,,,,,,,,,,,,,,,,,,,,,,,,,,,,,,,,,,,,,,,,,,,,,,,,,,,,,,,,,,,,,,,,,,,,,,,,,,,,,,,,,,,,,,,,,
Q7463428,Zainul Abidin,,,,Zainul Abidin,,,,,,,,,,Zainul Abidin,Zainul Abidin (politician),male,1948-03-17,,Zainul Abidin (politician),Zainul Abidin,,,,,,,,,,,,Zainul Abidin Rasheed,,,,,,,,,,,,,,,,,,,,,,,,,,,,,,,,,,,,,,,,,Zainul Abidin Rasheed,,,,,,,,,,,,,,,,,,,,,,,,,,,,,,,,,,,,,,,,,,,,,,,,,,,,,,,,,,,,,,,,,,,,,,,,,,,,,,,,,,,,,,,,,,,,,,,,,,,,,,,,,,,,,,,,,,,,,,,,,,,,,,,,,,,,,,,,,,,,,,,,,,,,,,,,,,,,,,,,,,,,,,,,,,,,,,,,,,,,,,,,
Q7517250,Sim Ann,Sim Ann,Sim Ann,Sim Ann,Sim Ann,Sṳ́m Ín,沈穎,Sím Éng,沈穎,沈颖,沈颖,沈穎,沈颖,沈穎,Sim Ann,Sim Ann,female,1975-03-12,,Sim Ann,Sim Ann,,,,,沈颖,,,,,,,,,,,,,,,,,,,,,,,,,,,,,,,,,,,,,,,,,,,,,,,,,,,,,,,,,,,,,,,,,,,,,,,,,,,,,,,,,,,,,,,,,,,,,,,,,,,,,,,,,,,,,,,,,,,,,,,,,,,,,,,,,,,,,,,,,,,,,,,,,,,,,,,,,,,,,,,,,,,,,,,,,,,,,,,,,,,,,,,,,,,,,,,,,,,,,,,,,,,,,,,,,,,,,,,,,,,,,,,,,,,,,,,,
Q7521492,Sin Boon Ann,Sin Boon Ann,,,,,,,,,,,,,Sin Boon Ann,Sin Boon Ann,male,,,Sin Boon Ann,Sin Boon Ann,,,,,,,,Sin Boon Ann,,,,,,,,,,,,,,,,,,,,,,,,,,,,,,,,,,,,,,,,,,,,,,,,,,,,,,,,,,,,,,,,,,,,,,,,,,,,,,,,,,,,,,,,,,,,,,,,,,,,,,,,,,,,,,,,,,,,,,,,,,,,,,,,,,,,,,,,,,,,,,,,,,,,,,,,,,,,,,,,,,,,,,,,,,,,,,,,,,,,,,,,,,,,,,,,,,,,,,,,,,,,,,,,,,,,,,,,,,,,,,,,,,,,,
Q7531986,Sitoh Yih Pin,Sitoh Yih Pin,Sitoh Yih Pin,Sitoh Yih Pin,Sitoh Yih Pin,Sṳ̀-thû Yì-pîn,司徒宇斌,Su-tô͘ Ú-pin,司徒宇斌,司徒宇斌,司徒宇斌,司徒宇斌,司徒宇斌,司徒宇斌,Sitoh Yih Pin,Sitoh Yih Pin,male,1963-12-02,,Sitoh Yih Pin,Sitoh Yih Pin,,,,,,,,,,,,,,,,,,,,,,,,,,,,,,,,,,,,,,,,,,,,,,,,,,,,,,,,,,,,,,,,,,,,,,,,,,,,,,,,,,,,,,,,,,,,,,,,,,,,,,,,,,,,,,,,,,,,,,,,,,,,,,,,,,,,,,,,,,,,,,,,,,,,,,,,,,,,,,,,,,,,,,,,,,,,,,,,,,,,,,,,,,,,,,,,,,,,,,,,,,,,,,,,,,,,,,,,,,,,,,,,,,,,,,,,,,,,,
Q7682037,Tan Chuan-Jin,,Tan Chuan-Jin,Tan Chuan-Jin,Tan Chuan-Jin,Chhṳ̀n Chhôn-yìn,陳川仁,Tân Chhoan-jîn,陳川仁,陈川仁,陈川仁,陳川仁,陈川仁,陳川仁,Tan Chuan-Jin,Tan Chuan-Jin,male,1969-01-10,Tan,Tan Chuan-Jin,,,,Tan Chuan-Jin,,,,,,,,,,,,,,,,,,,,,,,,,,,,,,,,,,,,,,,,,,,,,,,,,,,,,,,,,,,,,,,,,,,,,,,,,,,,,,,,,,,,,,,,,,,,,,Tan Chuan-Jin,,,,,,,,,,,,,,,,,,,,,,,,,,,,,,,,,,,,,,,,,,,,,,,,,,,,,,,,,,,,,,,,,,,,,,,,,,,,,,,,,,,,,,,,,,,,,,,,,,,,,,,,,,,,,,,,,,,,,,,,,,,,,,,,,,,,,,,,,,,,
Q7682130,Tan Tai Yong,Tan Tai Yong,,,,,,,,,,,,,Tan Tai Yong,Tan Tai Yong,male,,Tan,Tan Tai Yong,,,,,,,,,,,,,,,,,,,,,,,,,,,,,,,,,,,,,,,,,,,,,,,,,,,,,,,,,,,,,,,,,,,,,,,,,,,,,,,,,,,,,,,,,,,,,,,,,,,,,,,,,,,,,,,,,,,,,,,,,,,,,,,,,,,,,,,,,,,,,,,,,,,,,,,,,,,,,,,,,,,,,,,,,,,,,,,,,,,,,,,,,,,,,,,,,,,,,,,,,,,,,,,,,,,,,,,,,,,,,,,,,,,,,,,,,,,,,,
Q7700981,Teo Ho Pin,Teo Ho Pin,Teo Ho Pin,Teo Ho Pin,Teo Ho Pin,,張俰賓,,張俰賓,张俰宾,张俰宾,張俰賓,张俰宾,張俰賓,Teo Ho Pin,Teo Ho Pin,male,1960-01-19,Teo,Teo Ho Pin,,,,,,,,,Teo Ho Pin,,,,,,,,,,,,,,,,,,,,,,,,,,,,,,,,,,,,,,,,,,,,,,,,,,,,,,,,,,,,,,,,,,,,,,,,,,,,,,,,,,,,,,,,,,,,,,,,,,,,,,,,,,,,,,,,,,,,,,,,,,,,,,,,,,,,,,,,,,,,,,,,,,,,,,,,,,,,,,,,,,,,,,,,,,,,,,,,,,,,,,,,,,,,,,,,,,,,,,,,,,,,,,,,,,,,,,,,,,,,,,,,,,,,,
Q7700989,Teo Ser Luck,Teo Ser Luck,Teo Ser Luck,Teo Ser Luck,Teo Ser Luck,Chông Sṳ̂-lo̍k,張思樂,Tiuⁿ Su-lo̍k,張思樂,张思乐,张思乐,張思樂,张思乐,張思樂,Teo Ser Luck,Teo Ser Luck,male,1968-06-08,Teo,Teo Ser Luck,,,,Teo Ser Luck,,,"https://upload.wikimedia.org/wikipedia/commons/d/df/Teo_Ser_Luck_giving_a_speech_at_Park_View_Primary_School,_Singapore_-_20080522.jpg",,,,,,,,,,,,,,,,,,,,,,,,,,,,,,,,,,,,,,,,,,,,,,,,,,,,,,,,,,,,,,,,,,,,,,,,,,,,,,,,,,,,,,,,,,,Teo Ser Luck,,,,,,,,,,,,,,,,,,,,,,,,,,,,,,,,,,,,,,,,,,,,,,,,,,,,,,,,,,,,,,,,,,,,,,,,,,,,,,,,,,,,,,,,,,,,,,,,,,,,,,,,,,,,,,,,,,,,,,,,,,,,,,,,,,,,,,,,,,,,
Q7784643,Thio Li-ann,Li-Ann Thio,,,Li-Ann Thio,,,,,,,,,,Thio Li-ann,Thio Li-ann,female,1968-03-10,,Thio Li-ann,Li-Ann Thio,张黎衍,,Thio Li-ann,,,"https://upload.wikimedia.org/wikipedia/commons/1/16/Thio_Li-ann_at_a_Human_Rights_Day_seminar,_Conrad_Centennial_Singapore_-_20141204-02_(cropped).jpg",,,,,,,,,,,,,,,,,,,,,,,,,,,,,,,,,,,,,,,,,,,,,,,,,,,,,,,,,,,,0000 0000 8060 0858,122137183,1033765414,no2002046205,092686753,,273508857,,,,,,,,,,,,,,,,,,,,,,,,,,,,,,Category:Thio Li-ann,,,,,,,,,,,,,,,,,,,,,,,,,,,,,,,,,,,,,,,,,,,,,,,,,,,,,,,,,,,,,,,,,,,,,,,,,,,,,,,,,,,,,,,,,,,,,,,,,,,,,,,,,,,,,,,,,,,,,,,,,,,,,,,,,,,,,49286265,,
Q7807793,Tin Pei Ling,Tin Pei Ling,Tin Pei Ling,Tin Pei Ling,Tin Pei Ling,Chhṳ̀n Phi-lìn,陳佩玲,Tân Pōe-lêng,陳佩玲,陈佩玲,陈佩玲,陳佩玲,陈佩玲,陳佩玲,Tin Pei Ling,Tin Pei Ling,female,1983-07-08,,Tin Pei Ling,Tin Pei Ling,,,Tin Pei Ling,,,,,Tin Pei Ling,,,,,,,,,,,,,,,,,,,,,,,,,,,,,,,,,,,,,,,,,,,,,,,,,,,,,,,,,,,,,,,,,,,,,,,,,,,,,,,,,,,,,,,,,Tin Pei Ling,,,,,,,,,,,,,,,,,,,,,,,,,,,tinpeiling,tinpeiling.official,,,,,,,,,,,,,,,,,,,,,,,,,,,,,,,,,,,,,,,,,,,,,,,,,,,,,,,,,,,,,,,,,,,,,,,,,,,,,,,,,,,,,,,,,,,,,,,,,,,,,,,,,,,,,,,,
Q7929569,Vikram Nair,Vikram Nair,,,Vikram Nair,,,,,,,,,,Vikram Nair,Vikram Nair,male,1978-07-18,Vikram,Vikram Nair,,,,,,,,,,Викрам Нэйр,,,,,,,,,,,,,,,,,,,,,,,,,,,,,,,,,,,,,,,,,,,,,,,,,,,,,,,,,,,,,,,,,,,,,,,,,,,,,,,,,,,,,,,,,,,,,,,,,,,,,,,,,,,,,,,,,,,,,,,,,,,,,,,,,,,,,,,,,,,,,,,,,,,,,,,,,,,,,,,,,,,,,,,,,,,,,,,,,,,,,,,,,,,,,,,,,,,,,,,,,,,,,,,,,,,,,,,,,,,,,,,,,,,,
Q7936659,Viswa Sadasivan,Viswa Sadasivan,,,,,,,,,,,,,Viswa Sadasivan,Viswa Sadasivan,male,,,Viswa Sadasivan,,,,Viswa Sadasivan,,,,,,,,,,,,,,,,,,,,,,,,,,,,,,,,,,,,,,,,,,,,,,,,,,,,,,,,,,,,,,,,,,,,,,,,,,,,,,,,,,,,,,,,,,,,,,,,,,,,,,,,,,,,,,,,,,,,,,,,,,,,,,,,,,,,,,,,,,,,,,,,,,,,,,,,,,,,,,,,,,,,,,,,,,,,,,,,,,,,,,,,,,,,,,,,,,,,,,,,,,,,,,,,,,,,,,,,,,,,,,,,,,,,,,,,,,
Q7937671,Vivian Balakrishnan,Vivian Balakrishnan,Vivian Balakrishnan,Vivian Balakrishnan,Vivian Balakrishnan,,維文,,維文,维文,维文,維文,维文,維文,Vivian Balakrishnan,Vivian Balakrishnan,male,1961-01-25,Vivian,Vivian Balakrishnan,Vivian Balakrishnan,,,Vivian Balakrishnan,,維文 (新加坡),https://upload.wikimedia.org/wikipedia/commons/0/0e/Vivian_Balakrishnan_-_2010.jpg,,,,,,,,,,,,,,,,,,,,,,,,,,,,,,,,,,,,,,,,,,,,,,,,,,,,,,,,,,,,,,,,,,,,,,,,,,,,,,,,,,,,,,,,,,,Vivian Balakrishnan,,,,,Category:Vivian Balakrishnan,,,,,,,,,,,,,,,,,,,,,,,,,,,,,,,,,,,,,,,,,,,,,,,,,,,,,,,,,,,,,,,,,,,,,,,,,,,,,,,,,,,,,,,,,,,,,,,,,,,,,,,,,,,,,,,,,,,,,,,,,,,,,,,,,,,,,,,
Q7979298,Wee Siew Kim,Wee Siew Kim,,,Wee Siew Kim,,,,,黃守金,,,,,Wee Siew Kim,Wee Siew Kim,male,1960-08-19,,Wee Siew Kim,,,黃守金,Wee Siew Kim,,黃守金,,,,,,,,,,,,,,,,,,,,,,,,,,,,,,,,,,,,,,,,,,,,,,,,,,,,,,,,,,,,,,,,,,,,,,,,,,,,,,,,,,,,,,,,,,,,Wee Siew Kim,,,,,,,,,,,,,,,,,,,,,,,,,,,,,,,,,,,,,,,,,,,,,,,,,,,,,,,,,,,,,,,,,,,,,,,,,,,,,,,,,,,,,,,,,,,,,,,,,,,,,,,,,,,,,,,,,,,,,,,,,,,,,,,,,,,,,,,,,,,,
Q8051105,Yee Jenn Jong,Yee Jenn Jong,,,,,,,,,,,,,Yee Jenn Jong,Yee Jenn Jong,male,1965-03-24,,Yee Jenn Jong,,,,,,,,,,,,,,,,,,,,,,,,,,,,,,,,,,,,,,,,,,,,,,,,,,,,,,,,,,,,,,,,,,,,,,,,,,,,,,,,,,,,,,,,,,,,,,,,,,,,,,,,,,,,,,,,,,,,,,,,,,,,,,,,,,,,,,,,,,,,,,,,,,,,,,,,,,,,,,,,,,,,,,,,,,,,,,,,,,,,,,,,,,,,,,,,,,,,,,,,,,,,,,,,,,,,,,,,,,,,,,,,,,,,,,,,,,,,,,
Q8052395,Yeo Guat Kwang,Yeo Guat Kwang,Yeo Guat Kwang,Yeo Guat Kwang,Yeo Guat Kwang,Yòng Muk-kông,楊木光,Iûⁿ Bo̍k-kong,楊木光,杨木光,杨木光,楊木光,杨木光,楊木光,Yeo Guat Kwang,Yeo Guat Kwang,male,1961-01-27,,Yeo Guat Kwang,,,,Yeo Guat Kwang,,,,,,,,,,,,,,,,,,,,,,,,,,,,,,,,,,,,,,,,,,,,,,,,,,,,,,,,,,,,,,,,,,,,,,,,,,,,,,,,,,,,,,,,,,,,,,Yeo Guat Kwang,,,,,,,,,,,,,,,,,,,,,,,,,,,,,,,,,,,,,,,,,,,,,,,,,,,,,,,,,,,,,,,,,,,,,,,,,,,,,,,,,,,,,,,,,,,,,,,,,,,,,,,,,,,,,,,,,,,,,,,,,,,,,,,,,,,,,,,,,,,,
Q8052396,Yeo Cheow Tong,Yeo Cheow Tong,,,Yeo Cheow Tong,,,,,,,,,,Yeo Cheow Tong,Yeo Cheow Tong,male,1947-06-22,,Yeo Cheow Tong,Yeo Cheow Tong,,,Yeo Cheow Tong,,,,,,,,,,Yeo Cheow Tong,,,,,,,,,,,,,,,,,,,,,,,,,,,,,,,,,Yeo Cheow Tong,,,,,,,,,,,,,,,,,,,,,,,,,,,,,,,,,,,,,,,,,,,,,,,,,,,Yeo Cheow Tong,,,,,,,,,,,,,,,,,,,,,,,,,,,,,,,,,,,,,,,,,,,,,,,,,,,,,,,,,,,,,,,,,,,,,,,,,,,,,,,,,,,,,,,,,,,,,,,,,,,,,,,,,,,,,,,,,,,,,,,,,,,,,,,,,,,,,,,,,,,,
Q8059869,Yu-Foo Yee Shoon,,,,Yu-Foo Yee Shoon,,,,,,,,,,Yu-Foo Yee Shoon,Yu-Foo Yee Shoon,female,1950-02-17,,Yu-Foo Yee Shoon,Yu-Foo Yee Shoon,,,Yu-Foo Yee Shoon,,,,,,,,,,,,,,,,,,,,,,,,,,,,,,,,,,,,,,,,,,,,,,,,,,,,,,,,,,,,,,,,,,,,,,,,,,,,,,,,,,,,,,,,,,,,,,Yu-Foo Yee Shoon,,,,,,,,,,,,,,,,,,,,,,,,,,,,,,,,,,,,,,,,,,,,,,,,,,,,,,,,,,,,,,,,,,,,,,,,,,,,,,,,,,,,,,,,,,,,,,,,,,,,,,,,,,,,,,,,,,,,,,,,,,,,,,,,,,,,,,,,,,,,
Q8064862,Zainudin Nordin,Zainudin Nordin,Zainudin Nordin,Zainudin Nordin,Zainudin Nordin,,再努丁,,再努丁,再努丁,再努丁,再努丁,再努丁,再努丁,Zainudin Nordin,Zainudin Nordin,male,1963-07-03,,Zainudin Nordin,,,,,,,"https://upload.wikimedia.org/wikipedia/commons/b/b3/Zainudin_Nordin,_President_of_the_Football_Association_of_Singapore,_marking_StarHub's_appointment_as_official_broadcaster_and_principal_sponsor_of_the_LionsXII_-_2012.jpg",,,,,,,,,,,,,,,,,,,,,,,,,,,,,,,,,,,,,,,,,,,,,,,,,,,,,,,,,,,,,,,,,,,,,,,,,,,,,,,,,,,,,,,,,,,,,,,,Category:Zainudin Nordin,,,,,,,,,,,,,,,,,,,,,,,,,,,,,,,http://www.parliament.gov.sg/mp/zainudin-nordin,,,,,,,,,,,,,,,,,,,,,,,,,,,,,,,,,,,,,,,,,,,,,,,,,,,,,,,,,,,,,,,,,,,,,,,,,,,,,,,,,,,,,,,,,,,,,,,,,,,,,,,,
Q983752,Tharman Shanmugaratnam,Tharman Shanmugaratnam,Tharman Shanmugaratnam,Tharman Shanmugaratnam,Tharman Shanmugaratnam,,尚達曼,,尚達曼,尚达曼,尚达曼,尚達曼,尚达曼,尚達曼,Tharman Shanmugaratnam,Tharman Shanmugaratnam,male,1957-01-22,,Tharman Shanmugaratnam,Tharman Shanmugaratnam,尚达曼,尚達曼,Tharman Shanmugaratnam,,尚达曼,"https://upload.wikimedia.org/wikipedia/commons/c/c5/Tharman_Shanmugaratnam_at_the_official_opening_of_Yuan_Ching_Secondary_School's_new_building,_Singapore_-_20100716_(cropped).jpg",,,,,,,,,,,,,,,,,,,,,,,,,尚達曼,尚达曼,,,,,,,Tharman Shanmugaratnam,,,,Tharman Shanmugaratnam,,,,,,,,,,,,,,,,,,,,,,,,,,,,/m/0bd19b,,,,,,தர்மன் சண்முகரத்தினம்,தர்மன் சண்முகரத்தினம்,,,,,,,,,,,,,,,,,,,Tharman Shanmugaratnam,,,,,,,,,,,,,,,,,,,,,,,,,,,,,,,,,,,,,,,,,,,,,,,,,,,,,,,,,,,,,,,,,,,,,,,,,,,,,,,,,,,,,,,,,,,,,,,,,,,,,,,,,,,,,,,,,,,,,,,,,,,,,,,,,,,,,,,,,,,,
