id,name,sort_name,email,twitter,facebook,group,group_id,area_id,area,term,start_date,image,gender,wikidata,wikidata_group,wikidata_area
36685dad-c76f-4d72-806c-0dd22a92595f,Abdulhamit Gül,Abdulhamit Gül,,,,Adalet ve Kalkınma Partisi,AKP,area/gaziantep,Gaziantep,26,,,,,Q19077,
65d64a9a-492d-47e5-88ce-3bb87f37a06a,Abdulkadir Yüksel,Abdulkadir Yüksel,,,,Adalet ve Kalkınma Partisi,AKP,area/gaziantep,Gaziantep,26,,,,,Q19077,
879c72a7-fd12-44d7-9df1-4488efada273,Abdullah Ağralı,Abdullah Ağralı,,,,Adalet ve Kalkınma Partisi,AKP,area/konya,Konya,26,,,,,Q19077,
89f84350-02c2-4600-901b-8872428c98da,Abdullah Başcı,Abdullah Başcı,,,,Adalet ve Kalkınma Partisi,AKP,area/İstanbul_(iii),İstanbul (III),26,,,,,Q19077,
502256bb-32a6-452a-a4ff-85bdce4127cf,Abdullah Nejat Koçer,Abdullah Nejat Koçer,,,,Adalet ve Kalkınma Partisi,AKP,area/gaziantep,Gaziantep,26,,,male,Q19610371,Q19077,
b3d1099d-e0e3-4c97-b347-0bcb6ac272cf,Abdullah Zeydan,Abdullah Zeydan,,,,Halkların Demokratik Partisi,HDP,area/hakkâri,Hakkâri,26,,,,,Q15123187,
8f72fda8-19fe-4161-ac01-fb786688903c,Abdullah Öztürk,Abdullah Öztürk,,,,Adalet ve Kalkınma Partisi,AKP,area/kırıkkale,Kırıkkale,26,,,,,Q19077,
c9bb876d-06ae-4b4b-8357-e4f89f29a7ea,Abdurrahman Öz,Abdurrahman Öz,,,,Adalet ve Kalkınma Partisi,AKP,area/aydın,Aydın,26,,,,,Q19077,
1ee7f39d-7718-4047-a9c2-c737497cf6d4,Abdülkadir Akgül,Abdülkadir Akgül,,,,Adalet ve Kalkınma Partisi,AKP,area/yozgat,Yozgat,26,,,,,Q19077,
da0af448-b177-4db2-8072-3ba5f078fce6,Adem Geveri,Adem Geveri,,,,Halkların Demokratik Partisi,HDP,area/van,Van,26,,,,,Q15123187,
bfb18c5d-5d4c-4803-9f98-494a74b8aade,Adem Yeşildal,Adem Yeşildal,,,,Adalet ve Kalkınma Partisi,AKP,area/hatay,Hatay,26,,,male,Q23920948,Q19077,
0249b55a-6305-4310-80b3-d9f79e3e40e8,Adnan Boynukara,Adnan Boynukara,,,,Adalet ve Kalkınma Partisi,AKP,area/adıyaman,Adıyaman,26,,,male,Q20630613,Q19077,
cd05730d-d301-4afa-991d-c8f999ebd40d,Adnan Günnar,Adnan Günnar,,,,Adalet ve Kalkınma Partisi,AKP,area/trabzon,Trabzon,26,,,,,Q19077,
0bb2edb0-ecf1-4e5a-8de5-08163b355591,Ahmet Akın,Ahmet Akın,,,,Cumhuriyet Halk Partisi,CHP,area/balıkesir,Balıkesir,26,,,,,Q19079,
4c95313a-45f1-4369-920b-071334d78f2f,Ahmet Arslan,Ahmet Arslan,,,,Adalet ve Kalkınma Partisi,AKP,area/kars,Kars,26,,,,,Q19077,
3b1a7554-6c7b-48c7-926b-d5d2a0eefd72,Ahmet Aydın,Ahmet Aydın,,,,Adalet ve Kalkınma Partisi,AKP,area/adıyaman,Adıyaman,26,,,male,Q6031189,Q19077,
6aa5204c-1e39-4294-ab3a-fb4b3ad7d5ce,Ahmet Berat Çonkar,Ahmet Berat Çonkar,,,,Adalet ve Kalkınma Partisi,AKP,area/İstanbul_(i),İstanbul (I),26,,,,Q25473359,Q19077,
850865d9-a91f-4e2c-a329-4db339630fb7,Ahmet Davutoğlu,Ahmet Davutoğlu,,Ahmet_Davutoglu,A.Davutoglu,Adalet ve Kalkınma Partisi,AKP,area/konya,Konya,26,,https://upload.wikimedia.org/wikipedia/commons/3/3f/Ahmet_Davutoglu_portrait.JPG,male,Q58198,Q19077,
3d055ffb-dcc0-480b-9dc8-2b48064afe28,Ahmet Demircan,Ahmet Demircan,,,,Adalet ve Kalkınma Partisi,AKP,area/samsun,Samsun,26,,,male,Q6029399,Q19077,
8ebff008-f373-46b8-84ae-47ec6fde05b0,Ahmet Eşref Fakıbaba,Ahmet Eşref Fakıbaba,,,,Adalet ve Kalkınma Partisi,AKP,area/Şanlıurfa,Şanlıurfa,26,,,male,Q6064478,Q19077,
c2fe3533-b6e7-4f5a-8439-aea5631e7b61,Ahmet Gündoğdu,Ahmet Gündoğdu,,,,Adalet ve Kalkınma Partisi,AKP,area/ankara_(i),Ankara (I),26,,,,,Q19077,
ce4e553c-3391-440f-b5ff-19e985f7665d,Ahmet Haluk Koç,Ahmet Haluk Koç,,,,Cumhuriyet Halk Partisi,CHP,area/ankara_(ii),Ankara (II),26,,https://upload.wikimedia.org/wikipedia/commons/6/6b/Haluk_Koç.jpg,male,Q6084013,Q19079,
9dbe9be3-5caf-4a60-9d62-35c1675dac6b,Ahmet Hamdi Çamlı,Ahmet Hamdi Çamlı,,,,Adalet ve Kalkınma Partisi,AKP,area/İstanbul_(ii),İstanbul (II),26,,,,,Q19077,
926ecdf7-d4be-4062-9f0d-732803f97264,Ahmet Kenan Tanrıkulu,Ahmet Kenan Tanrıkulu,,,,Milliyetçi Hareket Partisi,MHP,area/İzmir_(ii),İzmir (II),26,,https://upload.wikimedia.org/wikipedia/commons/0/0f/Ahmetkenantanrikulu.png,male,Q6055381,Q251077,
1280223d-cc2f-4717-8727-c78f4aab3134,Ahmet Sami Ceylan,Ahmet Sami Ceylan,,,,Adalet ve Kalkınma Partisi,AKP,area/Çorum,Çorum,26,,,,,Q19077,
290739e3-49d4-4f75-aa68-36609fdb7ecf,Ahmet Selim Yurdakul,Ahmet Selim Yurdakul,,,,Milliyetçi Hareket Partisi,MHP,area/antalya,Antalya,26,,,,,Q251077,
d53b0db5-131c-40dd-8cf6-8dde15427f93,Ahmet Sorgun,Ahmet Sorgun,,,,Adalet ve Kalkınma Partisi,AKP,area/konya,Konya,26,,,,,Q19077,
9ed20685-415e-46df-a0e2-3a363fa93763,Ahmet Tan,Ahmet Tan,,,,Adalet ve Kalkınma Partisi,AKP,area/kütahya,Kütahya,26,,,male,Q6049478,Q19077,
fb2f4045-484a-40a1-aad0-ca3313eb65f6,Ahmet Uzer,Ahmet Uzer,,,,Adalet ve Kalkınma Partisi,AKP,area/gaziantep,Gaziantep,26,,,,,Q19077,
7bb1fe3b-4b98-4c21-9766-bb4925a202d1,Ahmet Yıldırım,Ahmet Yıldırım,,,,Halkların Demokratik Partisi,HDP,area/muş,Muş,26,,,male,Q676847,Q15123187,
6dab7f3a-d1f4-4e90-a73a-18981a2c4cf2,Ahmet İyimaya,Ahmet İyimaya,,,,Adalet ve Kalkınma Partisi,AKP,area/ankara_(ii),Ankara (II),26,,,male,Q6059392,Q19077,
e599629f-10fa-45b0-a954-e05a3cd09f54,Akif Ekici,Akif Ekici,,,,Cumhuriyet Halk Partisi,CHP,area/gaziantep,Gaziantep,26,,,,,Q19079,
5a4b4310-2bde-41d5-95bc-45185cbfdfc2,Akif Çağatay Kılıç,Akif Çağatay Kılıç,,,,Adalet ve Kalkınma Partisi,AKP,area/samsun,Samsun,26,,"https://upload.wikimedia.org/wikipedia/commons/0/05/AkifÇağatayKılıç,_Minister_of_Youth_and_Sports_(May_2014).JPG",male,Q418025,Q19077,
89118ec9-cfa8-415d-b9a8-6da147b3a280,Akın Üstündağ,Akın Üstündağ,,,,Cumhuriyet Halk Partisi,CHP,area/muğla,Muğla,26,,,,,Q19079,
f3798d82-d481-498d-9cde-6d22158c8b4e,Ali Akyıldız,Ali Akyıldız,,,,Cumhuriyet Halk Partisi,CHP,area/sivas,Sivas,26,,,,,Q19079,
a316c6c3-7cf1-4807-937d-a87a0886e8a5,Ali Atalan,Ali Atalan,,aliatalan68,,Halkların Demokratik Partisi,HDP,area/mardin,Mardin,26,,,male,Q124586,Q15123187,
eaed0ce3-2496-4e6f-a57e-d6d9c8b96733,Ali Aydınlıoğlu,Ali Aydınlıoğlu,,,,Adalet ve Kalkınma Partisi,AKP,area/balıkesir,Balıkesir,26,,,male,Q20476206,Q19077,
1f627461-0944-41d3-a886-a2395424d062,Ali Babacan,Ali Babacan,,,,Adalet ve Kalkınma Partisi,AKP,area/ankara_(i),Ankara (I),26,,https://upload.wikimedia.org/wikipedia/commons/a/a2/Ali_Babacan_-_World_Economic_Forum_on_the_Middle_East_2008_retouched.jpg,male,Q714518,Q19077,
8506960c-a89b-4636-8b53-a72a87d5c91c,Ali Cumhur Taşkın,Ali Cumhur Taşkın,,,,Adalet ve Kalkınma Partisi,AKP,area/mersin,Mersin,26,,,,,Q19077,
13f49420-daa2-4a7f-a333-11e925a134ef,Ali Ercoşkun,Ali Ercoşkun,,,,Adalet ve Kalkınma Partisi,AKP,area/bolu,Bolu,26,,,male,Q20476227,Q19077,
114fcc18-1576-4cdb-8b7c-313eb7a0e2e7,Ali Haydar Hakverdi,Ali Haydar Hakverdi,,,,Cumhuriyet Halk Partisi,CHP,area/ankara_(i),Ankara (I),26,,https://upload.wikimedia.org/wikipedia/commons/6/66/Ali_Haydar_Hakverdi_(cropped).jpg,male,Q22003071,Q19079,
c9ef10b3-79a8-40c1-8539-5be48860c669,Ali Yiğit,Ali Yiğit,,,,Cumhuriyet Halk Partisi,CHP,area/İzmir_(i),İzmir (I),26,,,,,Q19079,
46c45738-aba7-4e6d-a102-4dc3c9693319,Ali Özcan,Ali Özcan,,,,Cumhuriyet Halk Partisi,CHP,area/İstanbul_(i),İstanbul (I),26,,,,,Q19079,
9b96e013-1c20-4812-9846-a2e23aa55ea5,Ali Özkaya,Ali Özkaya,,,,Adalet ve Kalkınma Partisi,AKP,area/afyonkarahisar,Afyonkarahisar,26,,,male,Q20177265,Q19077,
51730dd1-050e-49dc-980b-9ccd05de300d,Ali İhsan Arslan,Ali İhsan Arslan,,,,Adalet ve Kalkınma Partisi,AKP,area/ankara_(i),Ankara (I),26,,https://upload.wikimedia.org/wikipedia/commons/b/b6/Mücahit_Arslan.jpg,male,Q21471187,Q19077,
e9548353-85bd-4ce3-a2f8-711d0376bdb2,Ali İhsan Yavuz,Ali İhsan Yavuz,,,,Adalet ve Kalkınma Partisi,AKP,area/sakarya,Sakarya,26,,https://upload.wikimedia.org/wikipedia/commons/e/ec/Ali_İhsan_Yavuz.JPG,male,Q23069880,Q19077,
90b8e26c-bd01-41f6-8a46-b93e415d4612,Ali Şeker,Ali Şeker,,,,Cumhuriyet Halk Partisi,CHP,area/İstanbul_(iii),İstanbul (III),26,,https://upload.wikimedia.org/wikipedia/commons/1/1d/Aliseker.jpg,male,Q23920840,Q19079,
87a48bd0-d4b4-44e3-8232-5573a7f1a96f,Alican Önlü,Alican Önlü,,,,Halkların Demokratik Partisi,HDP,area/tunceli,Tunceli,26,,,male,Q20476291,Q15123187,
4d635f23-3789-4d3f-bf8d-5ebd36270230,Alim Tunç,Alim Tunç,,,,Adalet ve Kalkınma Partisi,AKP,area/uşak,Uşak,26,,,,Q23920899,Q19077,
01c78ebf-3a64-46e1-b21d-00493d8832f8,Alpaslan Kavaklıoğlu,Alpaslan Kavaklıoğlu,,,,Adalet ve Kalkınma Partisi,AKP,area/niğde,Niğde,26,,,male,Q6068654,Q19077,
c9b19f25-bbff-4a2f-bdc2-40ac1b7871e0,Altan Tan,Altan Tan,,,,Halkların Demokratik Partisi,HDP,area/diyarbakır,Diyarbakır,26,,,male,Q6850856,Q15123187,
541527ba-9471-4277-8cf1-7dacf98ff0e2,Arzu Erdem,Arzu Erdem,,,,Milliyetçi Hareket Partisi,MHP,area/İstanbul_(iii),İstanbul (III),26,,,,,Q251077,
b13608d2-0ee8-479b-a33c-9534a4f556b8,Ataullah Hamidi,Ataullah Hamidi,,,,Adalet ve Kalkınma Partisi,AKP,area/batman,Batman,26,,,male,Q19610588,Q19077,
8325fdd8-c74a-4ec0-9229-4bfaa3cc9e57,Atay Uslu,Atay Uslu,,,,Adalet ve Kalkınma Partisi,AKP,area/antalya,Antalya,26,,,,Q25472642,Q19077,
f4f93782-6f36-469a-81f2-12d6e665ad42,Atila Kaya,Atila Kaya,,,,Milliyetçi Hareket Partisi,MHP,area/İstanbul_(iii),İstanbul (III),26,,,male,Q5998824,Q251077,
dfa1b4e5-68bf-4883-8ea1-cf9421f78007,Atilla Sertel,Atilla Sertel,,,,Cumhuriyet Halk Partisi,CHP,area/İzmir_(ii),İzmir (II),26,,,,,Q19079,
16151760-7863-442f-9623-bf05b5301dc7,Aycan İrmez,Aycan İrmez,,,,Halkların Demokratik Partisi,HDP,area/Şırnak,Şırnak,26,,,,,Q15123187,
0ec48fc1-7763-43c8-856a-df7b14255acb,Aydın Uslupehlivan,Aydın Uslupehlivan,,,,Cumhuriyet Halk Partisi,CHP,area/adana,Adana,26,,,,,Q19079,
76b9a187-0da6-45b5-8e6e-82641d95ebf0,Aydın Ünal,Aydın Ünal,,,,Adalet ve Kalkınma Partisi,AKP,area/ankara_(ii),Ankara (II),26,,,,,Q19077,
f3e49f03-d1b7-472f-a620-860ab6ced40f,Ayhan Bilgen,Ayhan Bilgen,,,,Halkların Demokratik Partisi,HDP,area/kars,Kars,26,,,male,Q6057405,Q15123187,
ef212073-9082-4ca1-b654-74f4cdd7e68f,Ayhan Gider,Ayhan Gider,,,,Adalet ve Kalkınma Partisi,AKP,area/Çanakkale,Çanakkale,26,,,,Q25473940,Q19077,
cea9e1b7-8673-434d-92c8-d6792833f2c9,Ayhan Sefer Üstün,Ayhan Sefer Üstün,,,,Adalet ve Kalkınma Partisi,AKP,area/sakarya,Sakarya,26,,,male,Q19610612,Q19077,
c67b729c-6cc4-49c1-bac2-306a2b70edb5,Aykut Erdoğdu,Aykut Erdoğdu,,,,Cumhuriyet Halk Partisi,CHP,area/İstanbul_(ii),İstanbul (II),26,,https://upload.wikimedia.org/wikipedia/commons/2/23/Aykut_Erdoğdu.jpg,male,Q19610617,Q19079,
d1fdbceb-29b3-4baf-aa7b-6a686056077d,Aylin Nazlıaka,Aylin Nazlıaka,,,,Cumhuriyet Halk Partisi,CHP,area/ankara_(i),Ankara (I),26,,,female,Q4831417,Q19079,
58da65a2-b90e-4cea-a414-fdb5e7f401be,Aytun Çıray,Aytun Çıray,,,,Cumhuriyet Halk Partisi,CHP,area/İzmir_(ii),İzmir (II),26,,,,Q25473692,Q19079,
c7cd9c82-e20b-42cf-af34-6bcebc350384,Aytuğ Atıcı,Aytuğ Atıcı,,,,Cumhuriyet Halk Partisi,CHP,area/mersin,Mersin,26,,https://upload.wikimedia.org/wikipedia/commons/2/29/Aytug-atici.png,male,Q23920579,Q19079,
2fb0051a-32b0-4a12-866a-fb01b5198040,Ayşe Acar Başaran,Ayşe Acar Başaran,,,,Halkların Demokratik Partisi,HDP,area/batman,Batman,26,,,,,Q15123187,
e8b133ff-47da-4673-b0af-1d2ea0fd4355,Ayşe Doğan,Ayşe Doğan,,,,Adalet ve Kalkınma Partisi,AKP,area/tekirdağ,Tekirdağ,26,,,,Q20174978,Q19077,
7b913e34-7774-4b0a-bc94-cc29cdcb4c7c,Ayşe Gülsün Bilgehan,Ayşe Gülsün Bilgehan,,gbilgehan,gulsun.bilgehan.3,Cumhuriyet Halk Partisi,CHP,area/ankara_(i),Ankara (I),26,,https://upload.wikimedia.org/wikipedia/commons/a/af/Gülsün_Bilgehan.jpg,female,Q6061291,Q19079,
5f8ea3fa-f6ce-45c1-82f1-327bc8ed2c8e,Ayşe Keşir,Ayşe Keşir,,,,Adalet ve Kalkınma Partisi,AKP,area/düzce,Düzce,26,,,,,Q19077,
a0b4696f-b059-41d7-9206-838ed084bd8e,Ayşe Nur Bahçekapılı,Ayşe Nur Bahçekapılı,,,,Adalet ve Kalkınma Partisi,AKP,area/İstanbul_(ii),İstanbul (II),26,,,female,Q15731899,Q19077,
cd494a2c-9070-467a-89d8-8691337d730e,Ayşe Sula Köseoğlu,Ayşe Sula Köseoğlu,,Aysesula,aysesula61,Adalet ve Kalkınma Partisi,AKP,area/trabzon,Trabzon,26,,,female,Q20471212,Q19077,
6f7ad524-1090-4ed2-bbab-67fe284296de,Aziz Babuşcu,Aziz Babuşcu,,,,Adalet ve Kalkınma Partisi,AKP,area/İstanbul_(ii),İstanbul (II),26,,,,,Q19077,
48d81c0a-7aca-4a5b-86a0-c20f4f6eccf1,Azmi Ekinci,Azmi Ekinci,,,,Adalet ve Kalkınma Partisi,AKP,area/İstanbul_(i),İstanbul (I),26,,,,,Q19077,
5bac3d58-4558-4b84-a02d-c64e6521c7a5,Baki Şimşek,Baki Şimşek,,,,Milliyetçi Hareket Partisi,MHP,area/mersin,Mersin,26,,,,,Q251077,
6602dc75-7d42-4734-918d-ddd6334a843d,Barış Karadeniz,Barış Karadeniz,,,,Cumhuriyet Halk Partisi,CHP,area/sinop,Sinop,26,,,,,Q19079,
78e3cc8d-c4c8-443e-b2f0-29c7b40116ed,Barış Yarkadaş,Barış Yarkadaş,,,,Cumhuriyet Halk Partisi,CHP,area/İstanbul_(i),İstanbul (I),26,,https://upload.wikimedia.org/wikipedia/commons/f/f0/BarışYarkadaş.png,male,Q20471738,Q19079,
f92c5bf9-e6c4-4be6-9b50-a8e7970e45ca,Bayram Özçelik,Bayram Özçelik,,,,Adalet ve Kalkınma Partisi,AKP,area/burdur,Burdur,26,,,male,Q6041040,Q19077,
d286a99b-6aa1-48df-9a45-9fc873d812c5,Bedia Özgökçe Ertan,Bedia Özgökçe Ertan,,,,Halkların Demokratik Partisi,HDP,area/van,Van,26,,,,,Q15123187,
9eb5e504-7e4c-4d29-ab0e-4c12cd46fd94,Behçet Yıldırım,Behçet Yıldırım,,,,Halkların Demokratik Partisi,HDP,area/adıyaman,Adıyaman,26,,,,,Q15123187,
90fcee66-dd4d-4d1f-a6b2-24360c96fb89,Bekir Bozdağ,Bekir Bozdağ,,,,Adalet ve Kalkınma Partisi,AKP,area/yozgat,Yozgat,26,,https://upload.wikimedia.org/wikipedia/commons/4/4c/Bekir_Bozdağ_(cropped).jpg,male,Q4881622,Q19077,
731e5a14-6c06-4142-b373-d45153fead92,Bennur Karaburun,Bennur Karaburun,,,,Adalet ve Kalkınma Partisi,AKP,area/bursa,Bursa,26,,,,,Q19077,
e15a2267-c8f3-4249-ab87-932e25ab147e,Berat Albayrak,Berat Albayrak,,beratalbayrak,,Adalet ve Kalkınma Partisi,AKP,area/İstanbul_(i),İstanbul (I),26,,https://upload.wikimedia.org/wikipedia/commons/f/fe/Erdoganinidamadi.png,male,Q6052158,Q19077,
d9e02992-280d-41fc-b2dd-9adf640d371c,Berdan Öztürk,Berdan Öztürk,,,,Halkların Demokratik Partisi,HDP,area/ağrı,Ağrı,26,,,male,Q20983467,Q15123187,
d91d5d44-ad5e-49f4-a2ce-c64177e66b87,Besime Konca,Besime Konca,,,,Halkların Demokratik Partisi,HDP,area/siirt,Siirt,26,,,,Q25476170,Q15123187,
8054b008-fe6f-45f8-84ae-52249810ee8d,Beşir Atalay,Beşir Atalay,,,,Adalet ve Kalkınma Partisi,AKP,area/van,Van,26,,https://upload.wikimedia.org/wikipedia/commons/4/4c/Beşir_Atalay_(cropped).jpg,male,Q854641,Q19077,
a68aaec1-191d-4593-97d5-e3d1845afbc4,Bihlun Tamaylıgil,Bihlun Tamaylıgil,,,,Cumhuriyet Halk Partisi,CHP,area/İstanbul_(iii),İstanbul (III),26,,,female,Q6077045,Q19079,
bfec1a4e-26c7-4ab9-8832-7e07c46d9f69,Binali Yıldırım,Binali Yıldırım,,,,Adalet ve Kalkınma Partisi,AKP,area/İzmir_(i),İzmir (I),26,,https://upload.wikimedia.org/wikipedia/commons/2/27/Binali_Yıldırım.jpg,male,Q863496,Q19077,
09059c0d-30db-46d9-af6c-9390114de64f,Birol Ertem,Birol Ertem,,,,Cumhuriyet Halk Partisi,CHP,area/hatay,Hatay,26,,,,,Q19079,
c8101b36-2712-4766-8a91-accf289553d6,Burcu Kayıkcı,Burcu Kayıkcı,,,,Cumhuriyet Halk Partisi,CHP,area/afyonkarahisar,Afyonkarahisar,26,,,,,Q19079,
2fccc55b-f91f-4e89-8d51-48f22e99ee69,Burcu Çelik Özkan,Burcu Çelik Özkan,,,,Halkların Demokratik Partisi,HDP,area/muş,Muş,26,,,,,Q15123187,
0b191235-0844-4d6d-be34-b343676f205a,Burhan Kayatürk,Burhan Kayatürk,,,,Adalet ve Kalkınma Partisi,AKP,area/van,Van,26,,,male,Q19610855,Q19077,
563b4c44-57dd-448b-9e35-d73f1205c1c3,Burhan Kuzu,Burhan Kuzu,,,,Adalet ve Kalkınma Partisi,AKP,area/İstanbul_(ii),İstanbul (II),26,,https://upload.wikimedia.org/wikipedia/commons/a/a5/Burhankuzu.png,male,Q12808962,Q19077,
71e679bd-d0f8-4939-945c-42220fc10a19,Burhanettin Uysal,Burhanettin Uysal,,,,Adalet ve Kalkınma Partisi,AKP,area/karabük,Karabük,26,,,,Q6097749,Q19077,
6852d50a-e20f-4130-b3dc-bd4ab64d2070,Bülent Kuşoğlu,Bülent Kuşoğlu,,,,Cumhuriyet Halk Partisi,CHP,area/ankara_(i),Ankara (I),26,,,male,Q6040892,Q19079,
4c51b9eb-d1bc-447c-9f85-5daf21a45bb6,Bülent Tezcan,Bülent Tezcan,,,,Cumhuriyet Halk Partisi,CHP,area/aydın,Aydın,26,,https://upload.wikimedia.org/wikipedia/commons/e/e5/Bülent_Tezcan.jpg,male,Q12808986,Q19079,
e73b617c-272a-4b0a-b33f-20d707d35035,Bülent Turan,Bülent Turan,,,,Adalet ve Kalkınma Partisi,AKP,area/Çanakkale,Çanakkale,26,,,male,Q20473769,Q19077,
bbc0545d-9845-487a-9f32-8a5c6dcf8ace,Bülent Tüfenkci,Bülent Tüfenkci,,,,Adalet ve Kalkınma Partisi,AKP,area/malatya,Malatya,26,,https://upload.wikimedia.org/wikipedia/commons/1/10/Bulenttufenkci2.png,male,Q21541504,Q19077,
66c97bbf-b443-4ba7-b212-46f3467a1fdf,Bülent Yener Bektaşoğlu,Bülent Yener Bektaşoğlu,,,,Cumhuriyet Halk Partisi,CHP,area/giresun,Giresun,26,,,,,Q19079,
a14f64e4-ff37-4a21-8a7a-a99a8ac6af7f,Bülent Öz,Bülent Öz,,,,Cumhuriyet Halk Partisi,CHP,area/Çanakkale,Çanakkale,26,,,,,Q19079,
9e6679b2-849a-4272-919e-b0c0571ec928,Cahit Özkan,Cahit Özkan,,,,Adalet ve Kalkınma Partisi,AKP,area/denizli,Denizli,26,,,,,Q19077,
9ecfbe9d-57aa-4e9e-bb5c-c26c07a6d823,Canan Candemir Çelik,Canan Candemir Çelik,,,,Adalet ve Kalkınma Partisi,AKP,area/gaziantep,Gaziantep,26,,,female,Q23920919,Q19077,
a2d7b845-1c96-461d-8e4b-5167ab45fa99,Candan Yüceer,Candan Yüceer,,,,Cumhuriyet Halk Partisi,CHP,area/tekirdağ,Tekirdağ,26,,,,,Q19079,
79a13dba-8111-4d84-b40e-6422c7dc3014,Celal Adan,Celal Adan,,,,Milliyetçi Hareket Partisi,MHP,area/İstanbul_(ii),İstanbul (II),26,,,male,Q6045164,Q251077,
57afce7e-44f1-4f66-a779-0aa19799ff99,Celal Doğan,Celal Doğan,,,,Halkların Demokratik Partisi,HDP,area/İstanbul_(ii),İstanbul (II),26,,,male,Q1052749,Q15123187,
f6dd9424-2606-4a2a-8b29-4938e00fb7d8,Celalettin Güvenç,Celalettin Güvenç,,,,Adalet ve Kalkınma Partisi,AKP,area/kahramanmaraş,Kahramanmaraş,26,,,male,Q6034254,Q19077,
4bfb8e6a-70e8-4dcb-92b8-4f09f7b1bce2,Celil Göçer,Celil Göçer,,,,Adalet ve Kalkınma Partisi,AKP,area/tokat,Tokat,26,,https://upload.wikimedia.org/wikipedia/commons/a/ab/Celil_Göçer_-_October_2016_(cropped).jpg,male,Q20474013,Q19077,
4ec08d79-1211-4e7d-a309-ed5a0ad2587c,Cemal Okan Yüksel,Cemal Okan Yüksel,,,,Cumhuriyet Halk Partisi,CHP,area/eskişehir,Eskişehir,26,,,,,Q19079,
d608feb9-369c-45cc-a7bb-0720025cbcc8,Cemal Öztürk,Cemal Öztürk,,,,Adalet ve Kalkınma Partisi,AKP,area/giresun,Giresun,26,,,,,Q19077,
d7060087-e9c4-423c-a089-423313a100b0,Cemalettin Kani Torun,Cemalettin Kani Torun,,,,Adalet ve Kalkınma Partisi,AKP,area/bursa,Bursa,26,,,male,Q25474923,Q19077,
217c2104-7510-47c8-9182-d51b7a6d34aa,Cemil Yaman,Cemil Yaman,,,,Adalet ve Kalkınma Partisi,AKP,area/kocaeli,Kocaeli,26,,,,,Q19077,
abe19024-a773-46d4-949c-d109126b7361,Cemil Çiçek,Cemil Çiçek,,,,Adalet ve Kalkınma Partisi,AKP,area/ankara_(ii),Ankara (II),26,,https://upload.wikimedia.org/wikipedia/commons/3/3c/Cemil_Cicek.jpg,male,Q202971,Q19077,
42aad643-87de-45ca-9a68-636b670ed108,Cengiz Aydoğdu,Cengiz Aydoğdu,,,,Adalet ve Kalkınma Partisi,AKP,area/aksaray,Aksaray,26,,,male,Q6030810,Q19077,
4cc367b2-a561-4003-ad6e-e9989a59abae,Cesim Gökçe,Cesim Gökçe,,,,Adalet ve Kalkınma Partisi,AKP,area/ağrı,Ağrı,26,,,male,Q26234880,Q19077,
2e18c3e7-6cd8-435d-b3a1-6593e0615dcd,Cevdet Yılmaz,Cevdet Yılmaz,,,,Adalet ve Kalkınma Partisi,AKP,area/bingöl,Bingöl,26,,,male,Q2947184,Q19077,
0b677a0a-9247-48d1-909e-25afd7386eeb,Ceyda Bölünmez Çankırı,Ceyda Bölünmez Çankırı,,,,Adalet ve Kalkınma Partisi,AKP,area/mardin,Mardin,26,,,,,Q19077,
170d4b55-4162-4952-8a4e-5b4a07c65d29,Ceyhun İrgil,Ceyhun İrgil,,,,Cumhuriyet Halk Partisi,CHP,area/bursa,Bursa,26,,,,,Q19079,
0f8fe444-dc1a-4d96-bea8-8f2b2d0bf0d1,Cihan Pektaş,Cihan Pektaş,,,,Adalet ve Kalkınma Partisi,AKP,area/gümüşhane,Gümüşhane,26,,,,,Q19077,
7149309f-7096-4e0a-b516-487dd507eb82,Coşkun Çakır,Coşkun Çakır,,,,Adalet ve Kalkınma Partisi,AKP,area/tokat,Tokat,26,,,male,Q20474252,Q19077,
7b1c53f9-357a-4d61-9cc1-2e348b032154,Dengir Mir Mehmet Fırat,Dengir Mir Mehmet Fırat,,,,Halkların Demokratik Partisi,HDP,area/mersin,Mersin,26,,https://upload.wikimedia.org/wikipedia/commons/f/f2/Dengir_Mir_Mehmet_Fırat_2015-March_(cropped).jpg,male,Q611851,Q15123187,
64644586-aaec-42b2-8a12-ca82928feeda,Deniz Baykal,Deniz Baykal,,,,Cumhuriyet Halk Partisi,CHP,area/antalya,Antalya,26,,https://upload.wikimedia.org/wikipedia/commons/d/d5/Deniz_Baykal2.jpg,male,Q381297,Q19079,
b2ca2009-b7da-4792-b1f1-30ddd987abce,Deniz Depboylu,Deniz Depboylu,,,,Milliyetçi Hareket Partisi,MHP,area/aydın,Aydın,26,,,,,Q251077,
e0c3d800-3dc6-477f-8b78-18d8a8760bf6,Devlet Bahçeli,Devlet Bahçeli,,dbdevletbahceli,,Milliyetçi Hareket Partisi,MHP,area/osmaniye,Osmaniye,26,,https://upload.wikimedia.org/wikipedia/commons/e/e1/Devlet_Bahçeli_VOA_2015_(cropped).jpg,male,Q1206951,Q251077,
2380a920-c0e4-4234-b6fd-f3b35e7a7c18,Devrim Kök,Devrim Kök,,,,Cumhuriyet Halk Partisi,CHP,area/antalya,Antalya,26,,,,,Q19079,
ab204988-4f94-4f88-a3fd-c55a456ee0b5,Didem Engin,Didem Engin,,,,Cumhuriyet Halk Partisi,CHP,area/İstanbul_(ii),İstanbul (II),26,,,,,Q19079,
bf9beec5-33c9-4ccd-9948-d05e97a91249,Dilek Öcalan,Dilek Öcalan,,,,Halkların Demokratik Partisi,HDP,area/Şanlıurfa,Şanlıurfa,26,,,female,Q20640548,Q15123187,
526d9e52-72fa-41cd-b727-ab11b528e9e5,Dirayet Taşdemir,Dirayet Taşdemir,,,,Halkların Demokratik Partisi,HDP,area/ağrı,Ağrı,26,,,female,Q20988525,Q15123187,
54846200-2900-4938-9aed-4b43869c2490,Durmuş Ali Sarıkaya,Durmuş Ali Sarıkaya,,,,Adalet ve Kalkınma Partisi,AKP,area/İstanbul_(ii),İstanbul (II),26,,,,,Q19077,
8295839d-402f-4f0d-9348-6d57043b3724,Dursun Çiçek,Dursun Çiçek,,,,Cumhuriyet Halk Partisi,CHP,area/İstanbul_(ii),İstanbul (II),26,,,male,Q1267531,Q19079,
7e22d1da-de6e-42a7-8a66-0c5f3ce97a94,Ebubekir Bal,Ebubekir Bal,,,,Adalet ve Kalkınma Partisi,AKP,area/diyarbakır,Diyarbakır,26,,,,,Q19077,
18fbb26d-3176-40c7-bf2c-2308822e80e1,Ebubekir Gizligider,Ebubekir Gizligider,,,,Adalet ve Kalkınma Partisi,AKP,area/nevşehir,Nevşehir,26,,,,,Q19077,
146dfd7f-1f1d-470b-a2ff-b7cf51196735,Edip Semih Yalçın,Edip Semih Yalçın,,,,Milliyetçi Hareket Partisi,MHP,area/İstanbul_(i),İstanbul (I),26,,,,Q25473363,Q251077,
0727fe65-bd29-4a66-b5cb-3eef6bdce5ca,Efkan Ala,Efkan Ala,,,,Adalet ve Kalkınma Partisi,AKP,area/bursa,Bursa,26,,https://upload.wikimedia.org/wikipedia/commons/5/55/EfkanAla.png,male,Q6034078,Q19077,
2dcefa3e-960b-44ab-a280-310ed2a91549,Ejder Açıkkapı,Ejder Açıkkapı,,,,Adalet ve Kalkınma Partisi,AKP,area/elazığ,Elazığ,26,,,,,Q19077,
308158bf-f96a-4142-8568-75cb295f9a77,Ekmeleddin İhsanoğlu,Ekmeleddin İhsanoğlu,,profdrihsanoglu,ekmelihsanoglu,Milliyetçi Hareket Partisi,MHP,area/İstanbul_(ii),İstanbul (II),26,,https://upload.wikimedia.org/wikipedia/commons/0/01/Ekmeleddin_Ihsanoglu_retouched.jpg,male,Q331707,Q251077,
668feb4a-73b2-4098-9a44-9d114d1c23c7,Ekrem Erdem,Ekrem Erdem,,,,Adalet ve Kalkınma Partisi,AKP,area/İstanbul_(ii),İstanbul (II),26,,,,Q23921000,Q19077,
371d0e86-e478-40cb-a844-aae6a42c556e,Elif Doğan Türkmen,Elif Doğan Türkmen,,,,Cumhuriyet Halk Partisi,CHP,area/adana,Adana,26,,,,,Q19079,
35db100c-1cc8-4cf8-ac8e-21f6d4eff6b9,Emin Haluk Ayhan,Emin Haluk Ayhan,,,,Milliyetçi Hareket Partisi,MHP,area/denizli,Denizli,26,,,male,Q1337661,Q251077,
ebd60d47-72f2-488a-8621-5044842467f8,Emine Nur Günay,Emine Nur Günay,,,,Adalet ve Kalkınma Partisi,AKP,area/eskişehir,Eskişehir,26,,,,Q25474934,Q19077,
2534bf0d-d9a9-41ff-8163-e56171dbc1bb,Emine Yavuz Gözgeç,Emine Yavuz Gözgeç,,,,Adalet ve Kalkınma Partisi,AKP,area/bursa,Bursa,26,,,,,Q19077,
ba337d47-fcfb-4d72-8296-925960be7ed3,Emre Köprülü,Emre Köprülü,,,,Cumhuriyet Halk Partisi,CHP,area/tekirdağ,Tekirdağ,26,,,male,Q25477569,Q19079,
773c7d27-d171-4de3-b92c-c9512f60000f,Emrullah İşler,Emrullah İşler,,,,Adalet ve Kalkınma Partisi,AKP,area/ankara_(ii),Ankara (II),26,,https://upload.wikimedia.org/wikipedia/commons/e/ec/EmrullahİşlerAnkara.png,male,Q6084915,Q19077,
83166b8c-78f5-4500-b259-96e919711eb3,Engin Altay,Engin Altay,,,,Cumhuriyet Halk Partisi,CHP,area/İstanbul_(iii),İstanbul (III),26,,https://upload.wikimedia.org/wikipedia/commons/d/db/Engin_Altay_cropped.jpg,male,Q18922617,Q19079,
4b0b27e8-8d25-45cd-be06-333127ecd6eb,Engin Özkoç,Engin Özkoç,,,,Cumhuriyet Halk Partisi,CHP,area/sakarya,Sakarya,26,,,,Q26234881,Q19079,
c94dab9d-e920-4b49-aeae-c0fe5718e988,Enver Fehmioğlu,Enver Fehmioğlu,,,,Adalet ve Kalkınma Partisi,AKP,area/bingöl,Bingöl,26,,,,,Q19077,
e08981af-c9c9-43fa-9565-4125acee0298,Erdal Ataş,Erdal Ataş,,,,Halkların Demokratik Partisi,HDP,area/İstanbul_(iii),İstanbul (III),26,,,,,Q15123187,
046ede72-5819-4008-9bb7-91167ac8487c,Erdin Bircan,Erdin Bircan,,,,Cumhuriyet Halk Partisi,CHP,area/edirne,Edirne,26,,,,,Q19079,
17603451-08e5-4d35-92e0-0a3f15bcd63c,Erdoğan Toprak,Erdoğan Toprak,,,,Cumhuriyet Halk Partisi,CHP,area/İstanbul_(iii),İstanbul (III),26,,https://upload.wikimedia.org/wikipedia/commons/a/a5/Erdoğan_Toprak.jpg,male,Q6047566,Q19079,
58d9eda3-2865-4957-a8d8-34adbf21d0d5,Erdoğan Özegen,Erdoğan Özegen,,,,Adalet ve Kalkınma Partisi,AKP,area/niğde,Niğde,26,,,,Q17045610,Q19077,
4d83ee14-bf13-4026-acf0-f5bbe8f6292d,Eren Erdem,Eren Erdem,,,,Cumhuriyet Halk Partisi,CHP,area/İstanbul_(iii),İstanbul (III),26,,https://upload.wikimedia.org/wikipedia/commons/e/e5/Eren_Erdem.jpg,male,Q20790440,Q19079,
c11424f5-343e-4493-934e-df44ab99029d,Ergün Taşcı,Ergün Taşcı,,,,Adalet ve Kalkınma Partisi,AKP,area/ordu,Ordu,26,,,,,Q19077,
0202dafa-2f49-42fd-8046-27c2cb3ff9d7,Erhan Usta,Erhan Usta,,,,Milliyetçi Hareket Partisi,MHP,area/samsun,Samsun,26,,,,,Q251077,
81c893b1-86cc-4061-8731-c2105fe19f3c,Erkan Akçay,Erkan Akçay,,,,Milliyetçi Hareket Partisi,MHP,area/manisa,Manisa,26,,,male,Q23920974,Q251077,
3e26663b-d7c3-4643-8b56-3c042eff3be8,Erkan Aydın,Erkan Aydın,,,,Cumhuriyet Halk Partisi,CHP,area/bursa,Bursa,26,,,,,Q19079,
bed85035-bda5-43b8-b16b-4ee9a910644c,Erkan Haberal,Erkan Haberal,,,,Milliyetçi Hareket Partisi,MHP,area/ankara_(i),Ankara (I),26,,,male,Q23921024,Q251077,
cd3cdae7-3fc4-41ab-a741-50dc2f5400d5,Erkan Kandemir,Erkan Kandemir,,,,Adalet ve Kalkınma Partisi,AKP,area/İstanbul_(iii),İstanbul (III),26,,https://upload.wikimedia.org/wikipedia/commons/2/27/Erkan_Kandemir.jpg,male,Q20471298,Q19077,
167e6a53-be89-4493-a4f0-3059988ee195,Erol Dora,Erol Dora,,eroldora,,Halkların Demokratik Partisi,HDP,area/mardin,Mardin,26,,,male,Q521980,Q15123187,
26798ca8-c7c2-4a76-9ce1-c6fb0173fb09,Erol Kaya,Erol Kaya,,,,Adalet ve Kalkınma Partisi,AKP,area/İstanbul_(i),İstanbul (I),26,,,male,Q6069535,Q19077,
b8acb9ef-9d51-4b1f-921f-cf42617e5dcb,Ertan Aydın,Ertan Aydın,,,,Adalet ve Kalkınma Partisi,AKP,area/ankara_(i),Ankara (I),26,,,,,Q19077,
f7106039-0e0d-4afd-b485-bad843711301,Ertuğrul Kürkçü,Ertuğrul Kürkçü,,,,Halkların Demokratik Partisi,HDP,area/İzmir_(i),İzmir (I),26,,,male,Q1362522,Q15123187,
cd6175d5-4cf2-416d-a827-3e331c0933c9,Ertuğrul Soysal,Ertuğrul Soysal,,,,Adalet ve Kalkınma Partisi,AKP,area/yozgat,Yozgat,26,,,,Q21525092,Q19077,
e07a4ea5-bfaa-4d15-88aa-a80584dba62c,Fahrettin Oğuz Tor,Fahrettin Oğuz Tor,,,,Milliyetçi Hareket Partisi,MHP,area/kahramanmaraş,Kahramanmaraş,26,,,,,Q251077,
0a48c470-8f8e-4a1d-85ca-057932f60010,Faik Öztrak,Faik Öztrak,,faikoztrak,,Cumhuriyet Halk Partisi,CHP,area/tekirdağ,Tekirdağ,26,,https://upload.wikimedia.org/wikipedia/commons/c/ca/Faik_Öztrak.jpg,male,Q12809515,Q19079,
6f761d9a-007f-4194-89dc-0dfaf36b5820,Faruk Çaturoğlu,Faruk Çaturoğlu,,,,Adalet ve Kalkınma Partisi,AKP,area/zonguldak,Zonguldak,26,,,,,Q19077,
be45c5c7-bae9-48eb-b335-22cf4572e890,Faruk Çelik,Faruk Çelik,,,,Adalet ve Kalkınma Partisi,AKP,area/Şanlıurfa,Şanlıurfa,26,,https://upload.wikimedia.org/wikipedia/commons/e/e1/Faruk-Çelik-2009.jpg,male,Q381715,Q19077,
864f6d0e-1e29-4537-a164-22e733c266fc,Faruk Özlü,Faruk Özlü,,,,Adalet ve Kalkınma Partisi,AKP,area/düzce,Düzce,26,,https://upload.wikimedia.org/wikipedia/commons/c/c5/Farukozlu.png,male,Q24263657,Q19077,
9215f218-8f06-4355-b744-eeb1437c93be,Fatih Şahin,Fatih Şahin,,,,Adalet ve Kalkınma Partisi,AKP,area/ankara_(i),Ankara (I),26,,,male,Q6025274,Q19077,
301015a7-4fe3-43e3-b139-a7abc210e53a,Fatma Benli,Fatma Benli,,,,Adalet ve Kalkınma Partisi,AKP,area/İstanbul_(ii),İstanbul (II),26,,,,,Q19077,
05a888c7-2afc-4149-af4d-6ef2091b16de,Fatma Betül Sayan Kaya,Fatma Betül Sayan Kaya,,drbetulsayan,,Adalet ve Kalkınma Partisi,AKP,area/İstanbul_(ii),İstanbul (II),26,,,female,Q24230049,Q19077,
1ecbbb84-b2fc-4c38-b621-4ac03843e6d5,Fatma Güldemet Sarı,Fatma Güldemet Sarı,,,,Adalet ve Kalkınma Partisi,AKP,area/adana,Adana,26,,https://upload.wikimedia.org/wikipedia/commons/f/f4/Fatma_Güldemet_Sarı_(cropped).jpg,female,Q20090683,Q19077,
8c11bdc3-4467-4741-9e92-a5f287fadccd,Fatma Kaplan Hürriyet,Fatma Kaplan Hürriyet,,,,Cumhuriyet Halk Partisi,CHP,area/kocaeli,Kocaeli,26,,,,,Q19079,
36b92f61-6eb1-4a16-9d00-ce23b8712e53,Fatma Seniha Nükhet Hotar,Fatma Seniha Nükhet Hotar,,,,Adalet ve Kalkınma Partisi,AKP,area/İzmir_(ii),İzmir (II),26,,,female,Q19611225,Q19077,
be77af6c-ea0c-46e2-9dd9-e845f3890061,Faysal Sarıyıldız,Faysal Sarıyıldız,,,,Halkların Demokratik Partisi,HDP,area/Şırnak,Şırnak,26,,,male,Q6044734,Q15123187,
ca295d05-d72f-48a0-af15-f2dbc57864de,Fehmi Küpçü,Fehmi Küpçü,,,,Adalet ve Kalkınma Partisi,AKP,area/bolu,Bolu,26,,,,Q23920912,Q19077,
e60d8517-4183-44e9-8cf3-49f4966f8d59,Feleknas Uca,Feleknas Uca,,Feleknasuca,,Halkların Demokratik Partisi,HDP,area/diyarbakır,Diyarbakır,26,,https://upload.wikimedia.org/wikipedia/commons/7/77/Feleknas_Uca.jpg,female,Q77240,Q15123187,
50360e56-9909-4a6e-9e80-c2eb1236bb23,Ferhat Encu,Ferhat Encu,,,,Halkların Demokratik Partisi,HDP,area/Şırnak,Şırnak,26,,,,,Q15123187,
97449241-5881-4a82-9515-1cca8c04c18e,Fevai Arslan,Fevai Arslan,,,,Adalet ve Kalkınma Partisi,AKP,area/düzce,Düzce,26,,,,Q20472485,Q19077,
3190a5da-046d-43b9-8bad-c9b7c6f49a10,Fevzi Şanverdi,Fevzi Şanverdi,,,,Adalet ve Kalkınma Partisi,AKP,area/hatay,Hatay,26,,,,,Q19077,
5f43f175-2108-413c-9c76-d4a0e913c6e7,Feyzullah Kıyıklık,Feyzullah Kıyıklık,,,,Adalet ve Kalkınma Partisi,AKP,area/İstanbul_(iii),İstanbul (III),26,,,male,Q21526051,Q19077,
708682e6-4529-4011-bdcd-8b442618d72b,Figen Yüksekdağ,Figen Yüksekdağ,,,,Halkların Demokratik Partisi,HDP,area/van,Van,26,,https://upload.wikimedia.org/wikipedia/commons/4/4e/Figen_Yuksekdag_VOA.jpg,female,Q17430708,Q15123187,
242aaa8a-8168-4f9d-b9b4-ee8906ddeda2,Fikri Demirel,Fikri Demirel,,,,Adalet ve Kalkınma Partisi,AKP,area/yalova,Yalova,26,,https://upload.wikimedia.org/wikipedia/commons/d/d1/Firkidemirel.png,male,Q26270750,Q19077,
d876144a-c64a-45da-b0ac-d87a290e1b3f,Fikri Işık,Fikri Işık,,,,Adalet ve Kalkınma Partisi,AKP,area/kocaeli,Kocaeli,26,,https://upload.wikimedia.org/wikipedia/commons/8/87/Fikri_Işık.jpg,male,Q15431339,Q19077,
461a83e6-1b7e-47d8-913f-61ec3275af71,Fikri Sağlar,Fikri Sağlar,,,,Cumhuriyet Halk Partisi,CHP,area/mersin,Mersin,26,,,,,Q19079,
d32e8509-39a2-424c-9bef-c08eb37b0ec3,Filiz Kerestecioğlu,Filiz Kerestecioğlu,,,,Halkların Demokratik Partisi,HDP,area/İstanbul_(ii),İstanbul (II),26,,,,Q25474949,Q15123187,
313a8d83-dbbd-47de-89dd-f835a0f13bb8,Fuat Köktaş,Fuat Köktaş,,fuatkoktas55,fuatkoktas,Adalet ve Kalkınma Partisi,AKP,area/samsun,Samsun,26,,,male,Q21526078,Q19077,
cc8cc7bb-7915-48b3-906c-d02ffde99e10,Gamze Akkuş İlgezdi,Gamze Akkuş İlgezdi,,,,Cumhuriyet Halk Partisi,CHP,area/İstanbul_(i),İstanbul (I),26,,,,,Q19079,
40f13165-f8bb-48c7-bcb6-32c592397177,Garo Paylan,Garo Paylan,,GaroPaylan,,Halkların Demokratik Partisi,HDP,area/İstanbul_(iii),İstanbul (III),26,,https://upload.wikimedia.org/wikipedia/commons/7/7c/Garo_paylan_interview.jpg,male,Q20164837,Q15123187,
8ed9cebc-d3d9-491e-afcb-4c8fbfac7af9,Gökcen Özdoğan Enç,Gökcen Özdoğan Enç,,,,Adalet ve Kalkınma Partisi,AKP,area/antalya,Antalya,26,,,female,Q23920611,Q19077,
ef3191e2-c6ac-4f9f-b39e-e334825e408e,Gülay Yedekci,Gülay Yedekci,,,,Cumhuriyet Halk Partisi,CHP,area/İstanbul_(ii),İstanbul (II),26,,,,,Q19079,
7cf626ad-32e9-4993-a7b8-9bae3e137450,Gülser Yıldırım,Gülser Yıldırım,,,,Halkların Demokratik Partisi,HDP,area/mardin,Mardin,26,,,female,Q17045708,Q15123187,
bb72050c-174a-4dee-8b27-80e62ef89b9b,Gürsel Erol,Gürsel Erol,,,,Cumhuriyet Halk Partisi,CHP,area/tunceli,Tunceli,26,,,,,Q19079,
75c51c1a-f157-4bce-9056-12647916d67e,Gürsel Tekin,Gürsel Tekin,,,,Cumhuriyet Halk Partisi,CHP,area/İstanbul_(i),İstanbul (I),26,,https://upload.wikimedia.org/wikipedia/commons/1/1a/Gürsel_Tekin_(cropped).jpg,male,Q5627146,Q19079,
e3c42975-d2bb-4b40-8375-bb410bf85b75,Habip Soluk,Habip Soluk,,,,Adalet ve Kalkınma Partisi,AKP,area/sivas,Sivas,26,,,male,Q6043378,Q19077,
2148f21c-0754-40cf-8dfd-030c2053a327,Hacı Ahmet Özdemir,Hacı Ahmet Özdemir,,,,Adalet ve Kalkınma Partisi,AKP,area/konya,Konya,26,,,,,Q19077,
27691907-c054-4ed7-a679-fa3a24c0999c,Hacı Bayram Türkoğlu,Hacı Bayram Türkoğlu,,,,Adalet ve Kalkınma Partisi,AKP,area/hatay,Hatay,26,,,,Q23920951,Q19077,
3f76f20a-9de4-43f2-b316-26f171277f26,Hacı Osman Akgül,Hacı Osman Akgül,,,,Adalet ve Kalkınma Partisi,AKP,area/gümüşhane,Gümüşhane,26,,,,,Q19077,
102ec113-4f84-47d1-a81e-3f317e0621fc,Hacı Özkan,Hacı Özkan,,,,Adalet ve Kalkınma Partisi,AKP,area/mersin,Mersin,26,,,,,Q19077,
9f628a82-920b-4fce-9a05-77e5997b230e,Hakan Çavuşoğlu,Hakan Çavuşoğlu,,,,Adalet ve Kalkınma Partisi,AKP,area/bursa,Bursa,26,,,male,Q21526183,Q19077,
0ed05ff0-7c31-4348-8d87-a6f0350c9fe1,Hakkı Köylü,Hakkı Köylü,,,,Adalet ve Kalkınma Partisi,AKP,area/kastamonu,Kastamonu,26,,,male,Q17045732,Q19077,
958a82df-2c53-411a-bac5-cb2366a46ce3,Halil Erdemir,Halil Erdemir,,,,Adalet ve Kalkınma Partisi,AKP,area/bilecik,Bilecik,26,,,,,Q19077,
ceda2e4a-8533-4493-b3e2-11d5c0c711fd,Halil Etyemez,Halil Etyemez,,,,Adalet ve Kalkınma Partisi,AKP,area/konya,Konya,26,,,,,Q19077,
6ac6d6d2-0fb3-498e-a305-84afb9abcd20,Halil Özcan,Halil Özcan,,,,Adalet ve Kalkınma Partisi,AKP,area/Şanlıurfa,Şanlıurfa,26,,,,,Q19077,
e3cba6b9-6ec9-4de5-9f51-c0b619da72c9,Halis Dalkılıç,Halis Dalkılıç,,,,Adalet ve Kalkınma Partisi,AKP,area/İstanbul_(iii),İstanbul (III),26,,,,,Q19077,
4000f184-8995-4052-9953-584a47d66d26,Haluk Pekşen,Haluk Pekşen,,,,Cumhuriyet Halk Partisi,CHP,area/trabzon,Trabzon,26,,,,,Q19079,
e7ba745b-1463-447b-a62b-1a86e6cdd0b3,Haluk İpek,Haluk İpek,,,,Adalet ve Kalkınma Partisi,AKP,area/amasya,Amasya,26,,,male,Q6046865,Q19077,
1993867f-d991-4d95-959a-96eed8206b27,Hamza Dağ,Hamza Dağ,,,,Adalet ve Kalkınma Partisi,AKP,area/İzmir_(ii),İzmir (II),26,,,male,Q23920890,Q19077,
db27ece6-8758-483b-9077-7218e11d0463,Harun Karaca,Harun Karaca,,,,Adalet ve Kalkınma Partisi,AKP,area/İstanbul_(iii),İstanbul (III),26,,,,,Q19077,
6aa0a86d-2ca5-4f8b-8f16-d31bff15f2f1,Harun Karacan,Harun Karacan,,,,Adalet ve Kalkınma Partisi,AKP,area/eskişehir,Eskişehir,26,,,,Q25477064,Q19077,
baeca325-3e0e-42de-b791-7e8dc79b72a6,Hasan Basri Kurt,Hasan Basri Kurt,,,,Adalet ve Kalkınma Partisi,AKP,area/samsun,Samsun,26,,,,Q25475954,Q19077,
153fd2a9-5945-4f08-9c1b-c20dae188e2d,Hasan Karal,Hasan Karal,,,,Adalet ve Kalkınma Partisi,AKP,area/rize,Rize,26,,,,Q20474533,Q19077,
ecc82692-c257-4038-8cbe-d18f0bc0546f,Hasan Sert,Hasan Sert,,,,Adalet ve Kalkınma Partisi,AKP,area/İstanbul_(i),İstanbul (I),26,,,,,Q19077,
6512f7b7-7710-4c21-ac9c-22b2e83db3cd,Hasan Turan,Hasan Turan,,,,Adalet ve Kalkınma Partisi,AKP,area/İstanbul_(i),İstanbul (I),26,,,,,Q19077,
f780901d-a73b-414e-8d54-f58d589bb1fe,Hasan Özyer,Hasan Özyer,,,,Adalet ve Kalkınma Partisi,AKP,area/muğla,Muğla,26,,,male,Q6024441,Q19077,
a22dd5c9-b7c7-43ed-9498-9e0aec78ee31,Hatice Dudu Özkal,Hatice Dudu Özkal,,,,Adalet ve Kalkınma Partisi,AKP,area/afyonkarahisar,Afyonkarahisar,26,,,female,Q26433370,Q19077,
79b8faff-df48-4863-8cdc-9602a1062926,Hayati Tekin,Hayati Tekin,,,,Cumhuriyet Halk Partisi,CHP,area/samsun,Samsun,26,,,,,Q19079,
96d9d53f-83d2-4f65-a4ab-539a8c472273,Hayati Yazıcı,Hayati Yazıcı,,,,Adalet ve Kalkınma Partisi,AKP,area/İstanbul_(ii),İstanbul (II),26,,,male,Q371432,Q19077,
7d1fe39e-428f-454a-b947-8659b83673e6,Haydar Akar,Haydar Akar,,haydarakar,,Cumhuriyet Halk Partisi,CHP,area/kocaeli,Kocaeli,26,,,,Q20474732,Q19079,
d3fe2a40-358b-4b27-a8d6-39d884a4865e,Haydar Ali Yıldız,Haydar Ali Yıldız,,,,Adalet ve Kalkınma Partisi,AKP,area/İstanbul_(ii),İstanbul (II),26,,,,,Q19077,
092fb2f7-a534-4388-b3da-68326eb1885c,Hikmet Ayar,Hikmet Ayar,,,,Adalet ve Kalkınma Partisi,AKP,area/rize,Rize,26,,,,,Q19077,
0080cbfa-de32-489c-883e-67d300e00596,Hilmi Bilgin,Hilmi Bilgin,,,,Adalet ve Kalkınma Partisi,AKP,area/sivas,Sivas,26,,,,,Q19077,
081fd93d-36ad-4f4c-bf16-a4dcc65db233,Hilmi Yarayıcı,Hilmi Yarayıcı,,,,Cumhuriyet Halk Partisi,CHP,area/hatay,Hatay,26,,,male,Q1618885,Q19079,
1a20c466-543e-483c-adda-0d57f8248284,Hişyar Özsoy,Hişyar Özsoy,,,,Halkların Demokratik Partisi,HDP,area/bingöl,Bingöl,26,,,,,Q15123187,
1c19fb21-ac5e-41ec-8619-77b787f0e177,Hulusi Şentürk,Hulusi Şentürk,,,,Adalet ve Kalkınma Partisi,AKP,area/İstanbul_(i),İstanbul (I),26,,,,,Q19077,
8368e849-16c1-476e-9608-f32e2562e5e6,Hurşit Yıldırım,Hurşit Yıldırım,,,,Adalet ve Kalkınma Partisi,AKP,area/İstanbul_(i),İstanbul (I),26,,,,,Q19077,
09837bcc-438f-480e-a795-28ade1a5c632,Hüda Kaya,Hüda Kaya,,,,Halkların Demokratik Partisi,HDP,area/İstanbul_(i),İstanbul (I),26,,,female,Q20470615,Q15123187,
9f89198c-c688-42e2-9fe2-ca6d6e29aa2b,Hülya Nergis,Hülya Nergis,,,,Adalet ve Kalkınma Partisi,AKP,area/kayseri,Kayseri,26,,,,,Q19077,
3d3ad062-1f5a-41be-b905-6b6bf6fa6e13,Hüseyin Bürge,Hüseyin Bürge,,,,Adalet ve Kalkınma Partisi,AKP,area/İstanbul_(ii),İstanbul (II),26,,,,,Q19077,
6d0af26a-0212-4d12-8ed1-95849ef1c898,Hüseyin Filiz,Hüseyin Filiz,,,,Adalet ve Kalkınma Partisi,AKP,area/Çankırı,Çankırı,26,,,male,Q20470689,Q19077,
4157919d-73e4-4912-882a-e4d94a234fd7,Hüseyin Kocabıyık,Hüseyin Kocabıyık,,,,Adalet ve Kalkınma Partisi,AKP,area/İzmir_(i),İzmir (I),26,,,,,Q19077,
8642a149-d9b6-42d6-856f-3d3c41ca2fa2,Hüseyin Samani,Hüseyin Samani,,,,Adalet ve Kalkınma Partisi,AKP,area/antalya,Antalya,26,,,male,Q21526263,Q19077,
aeb9a6b6-8cd1-4a69-ad3c-61855615fd25,Hüseyin Yıldız,Hüseyin Yıldız,,,,Cumhuriyet Halk Partisi,CHP,area/aydın,Aydın,26,,,,,Q19079,
4c5a0ea6-706f-4d6c-844b-193052c1799c,Hüseyin Çamak,Hüseyin Çamak,,,,Cumhuriyet Halk Partisi,CHP,area/mersin,Mersin,26,,,,,Q19079,
d1fd08a6-fbc2-495b-a007-4a7f52a12ab6,Hüseyin Özbakır,Hüseyin Özbakır,,,,Adalet ve Kalkınma Partisi,AKP,area/zonguldak,Zonguldak,26,,,,,Q19077,
726a96be-5f46-4635-a84c-ffcd5a9b073d,Hüseyin Şahin,Hüseyin Şahin,,,,Adalet ve Kalkınma Partisi,AKP,area/bursa,Bursa,26,,,,,Q19077,
74f776b3-d8c6-49b5-a286-d53b3c8a9803,Hüsnüye Erdoğan,Hüsnüye Erdoğan,,,,Adalet ve Kalkınma Partisi,AKP,area/konya,Konya,26,,,female,Q23920740,Q19077,
5de79163-5745-4a29-9541-792a8a640943,Jülide Sarıeroğlu,Jülide Sarıeroğlu,,,,Adalet ve Kalkınma Partisi,AKP,area/ankara_(i),Ankara (I),26,,,,,Q19077,
b2f78a8a-79b7-44c0-9ef5-9e2af4300ad1,Kadim Durmaz,Kadim Durmaz,,,,Cumhuriyet Halk Partisi,CHP,area/tokat,Tokat,26,,,,,Q19079,
f3050f34-d5b1-469d-9788-61e1e6d495f4,Kadir Koçdemir,Kadir Koçdemir,,,,Milliyetçi Hareket Partisi,MHP,area/bursa,Bursa,26,,,male,Q6043618,Q251077,
a16644b5-a633-4b9e-97f8-3ecaf631a80b,Kadri Enis Berberoğlu,Kadri Enis Berberoğlu,,,,Cumhuriyet Halk Partisi,CHP,area/İstanbul_(ii),İstanbul (II),26,,https://upload.wikimedia.org/wikipedia/commons/1/15/Enis_Berberoğlu_(cropped).jpg,male,Q12809410,Q19079,
02373766-415e-4cea-a53a-7a48e5acca48,Kadri Yıldırım,Kadri Yıldırım,,,,Halkların Demokratik Partisi,HDP,area/siirt,Siirt,26,,,,,Q15123187,
f8519821-d5cf-45b6-bb63-d61ff7c5e3e6,Kamil Aydın,Kamil Aydın,,,,Milliyetçi Hareket Partisi,MHP,area/erzurum,Erzurum,26,,,male,Q25479311,Q251077,
ed32ef7a-cd6f-4d29-83d3-9fb7e9d41825,Kamil Okyay Sındır,Kamil Okyay Sındır,,,,Cumhuriyet Halk Partisi,CHP,area/İzmir_(ii),İzmir (II),26,,,male,Q23415694,Q19079,
fc0665b3-57fe-4d71-8208-62f24feec77e,Kasım Bostan,Kasım Bostan,,,,Adalet ve Kalkınma Partisi,AKP,area/balıkesir,Balıkesir,26,,,,,Q19077,
3c693e53-3586-4210-8d16-3acff3b2770b,Kazım Arslan,Kazım Arslan,,,,Cumhuriyet Halk Partisi,CHP,area/denizli,Denizli,26,,,male,Q25478860,Q19079,
86bb007b-cd15-418a-94d2-9324ce7ad822,Kemal Kılıçdaroğlu,Kemal Kılıçdaroğlu,,,K.Kilicdaroglu,Cumhuriyet Halk Partisi,CHP,area/İzmir_(ii),İzmir (II),26,,https://upload.wikimedia.org/wikipedia/commons/1/18/Kemal_Kilicdaroglu.png,male,Q44332,Q19079,
8c31f49c-e006-4f7b-87a7-60ab34feaad2,Kemal Zeybek,Kemal Zeybek,,,,Cumhuriyet Halk Partisi,CHP,area/samsun,Samsun,26,,,,,Q19079,
52ee1e88-1f12-404f-979c-7cf63c4da8c4,Kemalettin Yılmaztekin,Kemalettin Yılmaztekin,,,,Adalet ve Kalkınma Partisi,AKP,area/Şanlıurfa,Şanlıurfa,26,,,,,Q19077,
5fb8b0d4-f38a-4190-8096-8327528dd4c1,Kerem Ali Sürekli,Kerem Ali Sürekli,,,,Adalet ve Kalkınma Partisi,AKP,area/İzmir_(ii),İzmir (II),26,,,,,Q19077,
f0ee26e0-9d35-4c6e-a374-f2cb3fdcd127,Lale Karabıyık,Lale Karabıyık,,lalekarabiyik,,Cumhuriyet Halk Partisi,CHP,area/bursa,Bursa,26,,,female,Q21526508,Q19079,
213ec0d7-40a2-4ed6-810d-ca4c3e23c9ed,Levent Gök,Levent Gök,,,,Cumhuriyet Halk Partisi,CHP,area/ankara_(i),Ankara (I),26,,https://upload.wikimedia.org/wikipedia/commons/a/a5/Levent_Gök.jpg,male,Q6027977,Q19079,
2079952a-65cf-4ee2-b700-39833e6e0057,Leyla Birlik,Leyla Birlik,,,,Halkların Demokratik Partisi,HDP,area/Şırnak,Şırnak,26,,,,,Q15123187,
d7da69f3-5fcd-430f-b0ab-114499477061,Leyla Zana,Leyla Zana,,,,Halkların Demokratik Partisi,HDP,area/ağrı,Ağrı,26,,https://upload.wikimedia.org/wikipedia/commons/c/c3/Zana_(cropped).jpg,female,Q464689,Q15123187,
5567ce98-e787-4ca1-966b-5f7100cf8393,Leyla Şahin Usta,Leyla Şahin Usta,,,,Adalet ve Kalkınma Partisi,AKP,area/konya,Konya,26,,,,,Q19077,
d7d0150b-a4f5-43e9-a312-fa4aa0ffb33e,Lezgin Botan,Lezgin Botan,,,,Halkların Demokratik Partisi,HDP,area/van,Van,26,,,,,Q15123187,
00110218-2555-47b2-a2b8-a4ae16c75ef2,Lütfi Elvan,Lütfi Elvan,,,,Adalet ve Kalkınma Partisi,AKP,area/mersin,Mersin,26,,,male,Q6031129,Q19077,
4ac232fb-04cb-4cce-bbf4-000dc2620f35,Lütfiye Selva Çam,Lütfiye Selva Çam,,,,Adalet ve Kalkınma Partisi,AKP,area/ankara_(ii),Ankara (II),26,,,,,Q19077,
649a271a-22bd-4e4a-851c-bbf88053cf21,Lütfiye İlksen Ceritoğlu Kurt,Lütfiye İlksen Ceritoğlu Kurt,,,,Adalet ve Kalkınma Partisi,AKP,area/Çorum,Çorum,26,,,,,Q19077,
89bb020f-edd9-4f52-bc97-38e68bdc82fb,Mahir Ünal,Mahir Ünal,,,,Adalet ve Kalkınma Partisi,AKP,area/kahramanmaraş,Kahramanmaraş,26,,https://upload.wikimedia.org/wikipedia/commons/1/1d/Mahir_Ünal.jpg,male,Q20471206,Q19077,
2a41e03c-7253-4242-ac63-ce289f432024,Mahmut Atilla Kaya,Mahmut Atilla Kaya,,,,Adalet ve Kalkınma Partisi,AKP,area/İzmir_(i),İzmir (I),26,,,,,Q19077,
536f1274-4be7-4860-b1f8-0a34970ce806,Mahmut Celadet Gaydalı,Mahmut Celadet Gaydalı,,,,Halkların Demokratik Partisi,HDP,area/bitlis,Bitlis,26,,,,,Q15123187,
e886dbe4-c3e4-49f6-a008-1f95802dac70,Mahmut Kaçar,Mahmut Kaçar,,,,Adalet ve Kalkınma Partisi,AKP,area/Şanlıurfa,Şanlıurfa,26,,,,,Q19077,
c41bc21f-270b-4d5e-8e76-c0ce6680376e,Mahmut Poyrazlı,Mahmut Poyrazlı,,,,Adalet ve Kalkınma Partisi,AKP,area/balıkesir,Balıkesir,26,,,,,Q19077,
2ded6f00-263b-44a4-a9c4-94d6f02e531b,Mahmut Tanal,Mahmut Tanal,,,,Cumhuriyet Halk Partisi,CHP,area/İstanbul_(i),İstanbul (I),26,,https://upload.wikimedia.org/wikipedia/commons/f/f1/Mahmuttanal.png,male,Q15833364,Q19079,
9174451e-8304-4499-a4f2-a401abf75acd,Mahmut Toğrul,Mahmut Toğrul,,,,Halkların Demokratik Partisi,HDP,area/gaziantep,Gaziantep,26,,,,,Q15123187,
b592531a-c9dc-4070-9fae-0a5106f36b10,Markar Eseyan,Markar Eseyan,,,,Adalet ve Kalkınma Partisi,AKP,area/İstanbul_(ii),İstanbul (II),26,,,male,Q6034902,Q19077,
cd37ebe7-6109-497a-b83d-82d18ad16fce,Mazlum Nurlu,Mazlum Nurlu,,,,Cumhuriyet Halk Partisi,CHP,area/manisa,Manisa,26,,,,,Q19079,
835f265a-0529-4b66-b8d2-93499bda9967,Mehmet Akif Hamzaçebi,Mehmet Akif Hamzaçebi,,,,Cumhuriyet Halk Partisi,CHP,area/İstanbul_(i),İstanbul (I),26,,,,,Q19079,
99765200-967a-439f-b414-600ea03f094a,Mehmet Akif Yılmaz,Mehmet Akif Yılmaz,,,,Adalet ve Kalkınma Partisi,AKP,area/kocaeli,Kocaeli,26,,,,,Q19077,
ce3576bc-4fca-4fec-a975-2a57a163c6fc,Mehmet Akyürek,Mehmet Akyürek,,,,Adalet ve Kalkınma Partisi,AKP,area/Şanlıurfa,Şanlıurfa,26,,,,,Q19077,
00f3d2fe-5b92-475b-9a15-eabad6f1a509,Mehmet Ali Aslan,Mehmet Ali Aslan,,,,Halkların Demokratik Partisi,HDP,area/batman,Batman,26,,,,,Q15123187,
35dcb890-d5f1-4834-afe9-9db395be16a3,Mehmet Ali Cevheri,Mehmet Ali Cevheri,,,,Adalet ve Kalkınma Partisi,AKP,area/Şanlıurfa,Şanlıurfa,26,,,,,Q19077,
c30c93ca-e9b9-4a68-996c-d5a8cfffd994,Mehmet Ali Pulcu,Mehmet Ali Pulcu,,,,Adalet ve Kalkınma Partisi,AKP,area/İstanbul_(i),İstanbul (I),26,,,,,Q19077,
07db8d85-b95b-49a4-9db7-6c89481ca0b2,Mehmet Ali Şahin,Mehmet Ali Şahin,,,,Adalet ve Kalkınma Partisi,AKP,area/karabük,Karabük,26,,https://upload.wikimedia.org/wikipedia/commons/4/48/Mehmet_Ali_Sahin.jpg,male,Q1396517,Q19077,
81a1e981-4e6b-4139-ba96-59d8b5cad623,Mehmet Altay,Mehmet Altay,,,,Adalet ve Kalkınma Partisi,AKP,area/uşak,Uşak,26,,,male,Q23920905,Q19077,
39986f73-f7f1-4ad8-95a5-062ab844c9c4,Mehmet Babaoğlu,Mehmet Babaoğlu,,,,Adalet ve Kalkınma Partisi,AKP,area/konya,Konya,26,,,,,Q19077,
01caf8e9-6005-49cc-80a9-4bf3aa5f929e,Mehmet Bekaroğlu,Mehmet Bekaroğlu,,,,Cumhuriyet Halk Partisi,CHP,area/İstanbul_(iii),İstanbul (III),26,,https://upload.wikimedia.org/wikipedia/commons/c/c0/Mehmet_Bekaroglu.jpg,male,Q6809589,Q19079,
c918f654-1788-4f4f-993b-d24445b4313c,Mehmet Demir,Mehmet Demir,,,,Adalet ve Kalkınma Partisi,AKP,area/kırıkkale,Kırıkkale,26,,,,,Q19077,
71061ecc-5c1c-4207-b48c-e5c168f8dca1,Mehmet Doğan Kubat,Mehmet Doğan Kubat,,,,Adalet ve Kalkınma Partisi,AKP,area/İstanbul_(iii),İstanbul (III),26,,,,,Q19077,
5e624777-174c-44d8-b115-c645f8c54eae,Mehmet Emin Adıyaman,Mehmet Emin Adıyaman,,,,Halkların Demokratik Partisi,HDP,area/iğdır,Iğdır,26,,,,,Q15123187,
64b5f4e3-9f40-4459-ab47-3e04cec2922d,Mehmet Emin Şimşek,Mehmet Emin Şimşek,,,,Adalet ve Kalkınma Partisi,AKP,area/muş,Muş,26,,,,,Q19077,
236dc123-f1de-4ab1-80db-c794cb783378,Mehmet Erdem,Mehmet Erdem,,,,Adalet ve Kalkınma Partisi,AKP,area/aydın,Aydın,26,,,,,Q19077,
f71c01c6-e869-4ef0-bcc6-6963ceb440fc,Mehmet Erdoğan,Mehmet Erdoğan,,,,Adalet ve Kalkınma Partisi,AKP,area/gaziantep,Gaziantep,26,,,,,Q19077,
f71c01c6-e869-4ef0-bcc6-6963ceb440fc,Mehmet Erdoğan,Mehmet Erdoğan,,,,Milliyetçi Hareket Partisi,MHP,area/muğla,Muğla,26,,,,,Q251077,
b232a5c2-f12c-401a-b437-e37feced6ddb,Mehmet Galip Ensarioğlu,Mehmet Galip Ensarioğlu,,,,Adalet ve Kalkınma Partisi,AKP,area/diyarbakır,Diyarbakır,26,,,male,Q17045987,Q19077,
f2088aa8-53e5-4bb8-8e62-0a9924969feb,Mehmet Gökdağ,Mehmet Gökdağ,,,,Cumhuriyet Halk Partisi,CHP,area/gaziantep,Gaziantep,26,,,,,Q19079,
5efa37ca-613e-4b60-9cba-8282e09e9612,Mehmet Göker,Mehmet Göker,,,,Cumhuriyet Halk Partisi,CHP,area/burdur,Burdur,26,,,,,Q19079,
4f1d9d55-22be-4883-9d78-ccbfe1fa38c9,Mehmet Günal,Mehmet Günal,,,,Milliyetçi Hareket Partisi,MHP,area/antalya,Antalya,26,,,male,Q6079419,Q251077,
0989df97-0aa0-4546-b231-b3bd42b6c0f3,Mehmet Kasım Gülpınar,Mehmet Kasım Gülpınar,,,,Adalet ve Kalkınma Partisi,AKP,area/Şanlıurfa,Şanlıurfa,26,,,,,Q19077,
aea2f99a-3d32-4a85-9138-9bb4964c7aac,Mehmet Mehdi Eker,Mehmet Mehdi Eker,,,,Adalet ve Kalkınma Partisi,AKP,area/İstanbul_(iii),İstanbul (III),26,,https://upload.wikimedia.org/wikipedia/commons/a/a4/Mehdi_Eker.jpg,male,Q690972,Q19077,
e2b6f571-3eae-4aff-ab4c-029411bc7743,Mehmet Metiner,Mehmet Metiner,,,,Adalet ve Kalkınma Partisi,AKP,area/İstanbul_(iii),İstanbul (III),26,,https://upload.wikimedia.org/wikipedia/commons/f/f6/Mehmet_Metiner_Üsküdar_Üniversitesinde.jpg,male,Q6050733,Q19077,
8c8193f6-e42e-4708-9431-14108511233d,Mehmet Muş,Mehmet Muş,,,,Adalet ve Kalkınma Partisi,AKP,area/İstanbul_(iii),İstanbul (III),26,,,,Q25477012,Q19077,
df1d069a-e900-4fc8-8d8c-c76ec5d80901,Mehmet Müezzinoğlu,Mehmet Müezzinoğlu,,,,Adalet ve Kalkınma Partisi,AKP,area/bursa,Bursa,26,,https://upload.wikimedia.org/wikipedia/commons/b/b6/Mehmet_Müezzinoğlu.png,male,Q3739370,Q19077,
1a209741-8eb3-408c-9abc-95677434f3cc,Mehmet Necmettin Ahrazoğlu,Mehmet Necmettin Ahrazoğlu,,,,Milliyetçi Hareket Partisi,MHP,area/hatay,Hatay,26,,,,,Q251077,
9a1303c3-1b9b-4e90-914a-50560db6de67,Mehmet Parsak,Mehmet Parsak,,,,Milliyetçi Hareket Partisi,MHP,area/afyonkarahisar,Afyonkarahisar,26,,https://upload.wikimedia.org/wikipedia/commons/1/11/MehmetParsak_(cropped).jpg,male,Q20983475,Q251077,
3aa89b45-dfd2-4ca9-97ab-6eb2ef9f3f3b,Mehmet Tüm,Mehmet Tüm,,,,Cumhuriyet Halk Partisi,CHP,area/balıkesir,Balıkesir,26,,,,,Q19079,
d519a2c7-95c1-457a-986a-e1e28cfa0b20,Mehmet Uğur Dilipak,Mehmet Uğur Dilipak,,,,Adalet ve Kalkınma Partisi,AKP,area/kahramanmaraş,Kahramanmaraş,26,,,,,Q19077,
5855aef1-615e-4ceb-9c9e-e2f75506ed71,Mehmet Öntürk,Mehmet Öntürk,,,,Adalet ve Kalkınma Partisi,AKP,area/hatay,Hatay,26,,,male,Q23920946,Q19077,
ea544751-b632-4f7c-a3e0-4fb6262028de,Mehmet Özhaseki,Mehmet Özhaseki,,,,Adalet ve Kalkınma Partisi,AKP,area/kayseri,Kayseri,26,,https://upload.wikimedia.org/wikipedia/commons/8/80/Özhaseki.png,male,Q1917380,Q19077,
392939f1-5ae9-4680-ab63-cfe8d8a18aa6,Mehmet İlker Çitil,Mehmet İlker Çitil,,,,Adalet ve Kalkınma Partisi,AKP,area/kahramanmaraş,Kahramanmaraş,26,,,,,Q19077,
f2c90f9f-1701-447a-b849-4a4640af1017,Mehmet Şimşek,Mehmet Şimşek,,,,Adalet ve Kalkınma Partisi,AKP,area/gaziantep,Gaziantep,26,,"https://upload.wikimedia.org/wikipedia/commons/f/f9/Mehmet_Şimşek,_October_2008.jpg",male,Q945364,Q19077,
84937154-2a85-431b-8cfd-205b5c34d752,Mehmet Şükrü Erdinç,Mehmet Şükrü Erdinç,,,,Adalet ve Kalkınma Partisi,AKP,area/adana,Adana,26,,,male,Q6052528,Q19077,
d516c691-277f-4ac9-8dee-075531c82ca6,Melike Basmacı,Melike Basmacı,,,,Cumhuriyet Halk Partisi,CHP,area/denizli,Denizli,26,,https://upload.wikimedia.org/wikipedia/commons/a/a2/Basmaci.jpg,female,Q23920488,Q19079,
4e4210fc-b79d-45d9-ae7a-4c447847ca78,Meral Danış Beştaş,Meral Danış Beştaş,,,,Halkların Demokratik Partisi,HDP,area/adana,Adana,26,,,female,Q20988504,Q15123187,
5c6b6f9c-7a22-4229-a7d4-c208f7c52da5,Metin Akgün,Metin Akgün,,,,Adalet ve Kalkınma Partisi,AKP,area/tekirdağ,Tekirdağ,26,,,,,Q19077,
5e91b3db-45fe-4528-ac99-10768717bf8e,Metin Bulut,Metin Bulut,,,,Adalet ve Kalkınma Partisi,AKP,area/elazığ,Elazığ,26,,,,,Q19077,
72ae045f-3f3f-4a61-ad5f-723deacea6c9,Metin Gündoğdu,Metin Gündoğdu,,,,Adalet ve Kalkınma Partisi,AKP,area/ordu,Ordu,26,,,,,Q19077,
72e917f1-51ac-49ff-a44d-f2b7dc08efb6,Metin Külünk,Metin Külünk,,,,Adalet ve Kalkınma Partisi,AKP,area/İstanbul_(i),İstanbul (I),26,,https://upload.wikimedia.org/wikipedia/commons/3/31/Metin_Külünk_Fotoğraf.jpg,male,Q23921013,Q19077,
040a85fb-55bb-444f-9a8f-82d0f73ffbdd,Metin Lütfi Baydar,Metin Lütfi Baydar,,,,Cumhuriyet Halk Partisi,CHP,area/aydın,Aydın,26,,,male,Q6824095,Q19079,
b44cd877-2f44-445a-9c16-4717f419eb5f,Metin Çelik,Metin Çelik,,,,Adalet ve Kalkınma Partisi,AKP,area/kastamonu,Kastamonu,26,,,,,Q19077,
ea19408f-e916-403b-8263-2f72d881a0ef,Mevlüt Dudu,Mevlüt Dudu,,,,Cumhuriyet Halk Partisi,CHP,area/hatay,Hatay,26,,,,Q23920954,Q19079,
ae32719b-c030-4090-980a-2b75fa957ede,Mevlüt Karakaya,Mevlüt Karakaya,,,,Milliyetçi Hareket Partisi,MHP,area/adana,Adana,26,,,male,Q20983364,Q251077,
0f7eb6e1-ca85-43e8-b7d1-f52bb54e56b9,Mevlüt Çavuşoğlu,Mevlüt Çavuşoğlu,,MevlutCavusoglu,,Adalet ve Kalkınma Partisi,AKP,area/antalya,Antalya,26,,https://upload.wikimedia.org/wikipedia/commons/f/f6/Mevlüt_Çavuşoğlu_(cropped).jpg,male,Q249206,Q19077,
862ec18c-8421-4009-9b9c-989ec5fa81b1,Mihrimah Belma Satır,Mihrimah Belma Satır,,,,Adalet ve Kalkınma Partisi,AKP,area/İstanbul_(i),İstanbul (I),26,,,female,Q20472424,Q19077,
ecd5e64b-436b-4737-b905-9981f57ed489,Mikail Arslan,Mikail Arslan,,,,Adalet ve Kalkınma Partisi,AKP,area/kırşehir,Kırşehir,26,,https://upload.wikimedia.org/wikipedia/commons/3/38/MRLL0017.jpg,male,Q6033645,Q19077,
e0114e80-799f-45be-abd4-bad2bf81f57a,Mithat Sancar,Mithat Sancar,,mithatsancarr,,Halkların Demokratik Partisi,HDP,area/mardin,Mardin,26,,https://upload.wikimedia.org/wikipedia/commons/9/96/Mithat_Sancar_2015_(portrait).jpg,male,Q20472571,Q15123187,
e957db51-d1a5-4f00-9e3f-6e62dbc7d48f,Mizgin Irgat,Mizgin Irgat,,,,Halkların Demokratik Partisi,HDP,area/bitlis,Bitlis,26,,,,,Q15123187,
2747bfef-0870-40b5-b1b5-ce085036ca0d,Muhammet Balta,Muhammet Balta,,,,Adalet ve Kalkınma Partisi,AKP,area/trabzon,Trabzon,26,,,,,Q19077,
6c453c55-7a0d-427d-ae99-6023872732b3,Muhammet Emin Akbaşoğlu,Muhammet Emin Akbaşoğlu,,,,Adalet ve Kalkınma Partisi,AKP,area/Çankırı,Çankırı,26,,,male,Q20472744,Q19077,
2ff2641d-44fd-4171-a69d-3a8079da0eae,Muhammet Müfit Aydın,Muhammet Müfit Aydın,,,,Adalet ve Kalkınma Partisi,AKP,area/bursa,Bursa,26,,,,,Q19077,
9f26af5f-3578-4801-a9e6-838db7e69c76,Muhammet Rıza Yalçınkaya,Muhammet Rıza Yalçınkaya,,,,Cumhuriyet Halk Partisi,CHP,area/bartın,Bartın,26,,,,,Q19079,
d7e67604-e82a-4ba0-b768-502fb2df3fe6,Muhammet Uğur Kaleli,Muhammet Uğur Kaleli,,,,Adalet ve Kalkınma Partisi,AKP,area/konya,Konya,26,,,,,Q19077,
21643053-17ae-40ae-b2ef-5e8fff55c6d0,Muharrem Erkek,Muharrem Erkek,,,,Cumhuriyet Halk Partisi,CHP,area/Çanakkale,Çanakkale,26,,,,,Q19079,
9b0895da-9137-4ca0-bbe5-2847a9ca4ae2,Muharrem Varlı,Muharrem Varlı,,,,Milliyetçi Hareket Partisi,MHP,area/adana,Adana,26,,,male,Q6020385,Q251077,
ab80c65f-a73e-4c2c-8f7e-decd37207fae,Muharrem İnce,Muharrem İnce,,,,Cumhuriyet Halk Partisi,CHP,area/yalova,Yalova,26,,https://upload.wikimedia.org/wikipedia/commons/b/bd/Muharrem_İnce.jpg,male,Q6080205,Q19079,
c1158b1b-a0df-4718-b5fd-7b0022877b58,Murat Alparslan,Murat Alparslan,,,,Adalet ve Kalkınma Partisi,AKP,area/ankara_(i),Ankara (I),26,,,,,Q19077,
7c39aa19-16c2-4316-926c-ef628946336b,Murat Bakan,Murat Bakan,,,,Cumhuriyet Halk Partisi,CHP,area/İzmir_(i),İzmir (I),26,,https://upload.wikimedia.org/wikipedia/commons/6/6c/Muratbakan_(cropped).jpg,male,Q23920837,Q19079,
acf53a89-8633-4888-b7af-34a4016661c7,Murat Baybatur,Murat Baybatur,,,,Adalet ve Kalkınma Partisi,AKP,area/manisa,Manisa,26,,,,,Q19077,
5cf4abf5-7663-4c0b-a4ed-31a6b8057c6b,Murat Demir,Murat Demir,,,,Adalet ve Kalkınma Partisi,AKP,area/kastamonu,Kastamonu,26,,https://upload.wikimedia.org/wikipedia/commons/1/13/Murat_Demir.JPG,male,Q17430599,Q19077,
fe1734e2-1260-48d0-a6eb-e88dc297abeb,Murat Emir,Murat Emir,,,,Cumhuriyet Halk Partisi,CHP,area/ankara_(ii),Ankara (II),26,,,,,Q19079,
16e2d664-aa7e-4948-aba6-a93c4f97ff4e,Murat Göktürk,Murat Göktürk,,,,Adalet ve Kalkınma Partisi,AKP,area/nevşehir,Nevşehir,26,,,male,Q20472796,Q19077,
2c8d8304-2ca8-4224-bd6b-10f1a171d760,Musa Çam,Musa Çam,,,,Cumhuriyet Halk Partisi,CHP,area/İzmir_(i),İzmir (I),26,,,male,Q23920997,Q19079,
8435d941-02be-4d91-8b84-d25a82831eea,Mustafa Akaydın,Mustafa Akaydın,,,,Cumhuriyet Halk Partisi,CHP,area/antalya,Antalya,26,,https://upload.wikimedia.org/wikipedia/commons/2/2e/Prof-_Dr-_Mustafa_Akaydın_2014-04-08_17-51.jpeg,male,Q6943220,Q19079,
366aa779-0185-4688-bdc9-edc159110e69,Mustafa Ataş,Mustafa Ataş,,,,Adalet ve Kalkınma Partisi,AKP,area/İstanbul_(i),İstanbul (I),26,,https://upload.wikimedia.org/wikipedia/commons/9/90/Mustafa_ATAŞ.jpg,male,Q23921004,Q19077,
ab20270d-cf5d-4218-8a53-37c581331ef4,Mustafa Açıkgöz,Mustafa Açıkgöz,,,,Adalet ve Kalkınma Partisi,AKP,area/nevşehir,Nevşehir,26,,,,,Q19077,
9f766444-bccc-4728-a979-3ade4bbe4d64,Mustafa Balbay,Mustafa Balbay,,,,Cumhuriyet Halk Partisi,CHP,area/İzmir_(ii),İzmir (II),26,,https://upload.wikimedia.org/wikipedia/commons/b/b9/Mustafa_Balbay.png,male,Q3671598,Q19079,
20c58174-86ac-4143-89cc-ed68cb2419a8,Mustafa Baloğlu,Mustafa Baloğlu,,,,Adalet ve Kalkınma Partisi,AKP,area/konya,Konya,26,,,male,Q20472848,Q19077,
35dacd61-d773-45f7-8421-ccacb30ba13e,Mustafa Elitaş,Mustafa Elitaş,,,,Adalet ve Kalkınma Partisi,AKP,area/kayseri,Kayseri,26,,https://upload.wikimedia.org/wikipedia/commons/2/25/Mustafa_Elitaş.jpg,male,Q17046122,Q19077,
99d6168b-7a7d-4d5e-b635-a6d4a72efd85,Mustafa Hilmi Dülger,Mustafa Hilmi Dülger,,,,Adalet ve Kalkınma Partisi,AKP,area/kilis,Kilis,26,,,,,Q19077,
643d2140-6bdf-4bee-95fe-2c13ffe028bd,Mustafa Hüsnü Bozkurt,Mustafa Hüsnü Bozkurt,,,,Cumhuriyet Halk Partisi,CHP,area/konya,Konya,26,,,,,Q19079,
d350774d-7a1d-4940-a4b3-f5a9c64b0b20,Mustafa Ilıcalı,Mustafa Ilıcalı,,,,Adalet ve Kalkınma Partisi,AKP,area/erzurum,Erzurum,26,,,male,Q12810983,Q19077,
0021cf04-06fd-4b43-8177-21113da5c4c3,Mustafa Kalaycı,Mustafa Kalaycı,,,,Milliyetçi Hareket Partisi,MHP,area/konya,Konya,26,,,male,Q6036068,Q251077,
a220440d-41a6-488b-b3e1-e170d6b3356f,Mustafa Köse,Mustafa Köse,,,,Adalet ve Kalkınma Partisi,AKP,area/antalya,Antalya,26,,,,,Q19077,
4075c7c8-9062-4df9-9225-c4bd979453cc,Mustafa Mit,Mustafa Mit,,,,Milliyetçi Hareket Partisi,MHP,area/ankara_(ii),Ankara (II),26,,,male,Q26234901,Q251077,
ed51ba77-42e5-49fb-9fff-010ad151804e,Mustafa Savaş,Mustafa Savaş,,,,Adalet ve Kalkınma Partisi,AKP,area/aydın,Aydın,26,,,,Q25477030,Q19077,
d7abd75c-5968-4a8b-b563-51a38929d47b,Mustafa Serdengeçti,Mustafa Serdengeçti,,,,Adalet ve Kalkınma Partisi,AKP,area/aksaray,Aksaray,26,,,,,Q19077,
36df5bbc-0c97-4ac0-92b9-3eff4b0a0106,Mustafa Sezgin Tanrıkulu,Mustafa Sezgin Tanrıkulu,,,,Cumhuriyet Halk Partisi,CHP,area/İstanbul_(ii),İstanbul (II),26,,https://upload.wikimedia.org/wikipedia/commons/a/a4/Sezgin_Tanrıkulu_(cropped).jpg,male,Q12811826,Q19079,
d8466ceb-11d8-4e25-8fa4-bbedd636c378,Mustafa Tuncer,Mustafa Tuncer,,,,Cumhuriyet Halk Partisi,CHP,area/amasya,Amasya,26,,,male,Q26806302,Q19079,
95d8402e-61a5-4937-ac53-ba8e4f2eb319,Mustafa Yel,Mustafa Yel,,,,Adalet ve Kalkınma Partisi,AKP,area/tekirdağ,Tekirdağ,26,,,,,Q19077,
65beb0cc-469c-4ff7-a0ca-42184d3212c4,Mustafa Yeneroğlu,Mustafa Yeneroğlu,,,,Adalet ve Kalkınma Partisi,AKP,area/İstanbul_(iii),İstanbul (III),26,,,,,Q19077,
f6079dc8-c74e-49be-b17f-1b6789b041c4,Mustafa İsen,Mustafa İsen,,,,Adalet ve Kalkınma Partisi,AKP,area/sakarya,Sakarya,26,,,male,Q6093151,Q19077,
2767f33a-369b-448e-8dd3-dc1718295f0a,Mustafa Şahin,Mustafa Şahin,,,,Adalet ve Kalkınma Partisi,AKP,area/malatya,Malatya,26,,,,,Q19077,
ec7c2bca-14d6-4b84-99a7-be069f12b0f5,Mustafa Şentop,Mustafa Şentop,,,,Adalet ve Kalkınma Partisi,AKP,area/İstanbul_(iii),İstanbul (III),26,,,male,Q21044620,Q19077,
1f500e18-41a3-476c-ad6f-dc3a7e96926b,Mustafa Şükrü Nazlı,Mustafa Şükrü Nazlı,,,,Adalet ve Kalkınma Partisi,AKP,area/kütahya,Kütahya,26,,,,,Q19077,
bf92e736-c816-461f-ba48-47776d685198,Mücahit Durmuşoğlu,Mücahit Durmuşoğlu,,,,Adalet ve Kalkınma Partisi,AKP,area/osmaniye,Osmaniye,26,,,,,Q19077,
b46ccc21-bf30-4628-9248-8989ddf3d2ec,Mürteza Zengin,Mürteza Zengin,,,,Adalet ve Kalkınma Partisi,AKP,area/İstanbul_(iii),İstanbul (III),26,,,,,Q19077,
5902f039-1fd8-4406-86de-2d1a1d433669,Müslüm Doğan,Müslüm Doğan,,muslumdogan1959,,Halkların Demokratik Partisi,HDP,area/İzmir_(ii),İzmir (II),26,,https://upload.wikimedia.org/wikipedia/commons/5/57/Müslüm_Doğan.png,male,Q20890342,Q15123187,
a18d5e39-4f1d-42a6-9fcf-cb405bac46af,Nabi Avcı,Nabi Avcı,,,,Adalet ve Kalkınma Partisi,AKP,area/eskişehir,Eskişehir,26,,https://upload.wikimedia.org/wikipedia/commons/3/30/NabiAvcı2013.png,male,Q12811068,Q19077,
37dbc8c3-f7fe-4a67-9782-07035d96a0eb,Naci Ağbal,Naci Ağbal,,,,Adalet ve Kalkınma Partisi,AKP,area/bayburt,Bayburt,26,,,male,Q6032746,Q19077,
78ce37eb-6180-4e66-86e4-d6618c34d2ec,Naci Bostancı,Naci Bostancı,,,,Adalet ve Kalkınma Partisi,AKP,area/amasya,Amasya,26,,,male,Q6092505,Q19077,
b864182b-b487-4fb9-a49a-de3f34e468ed,Nadir Yıldırım,Nadir Yıldırım,,,,Halkların Demokratik Partisi,HDP,area/van,Van,26,,,,,Q15123187,
b4a12ad0-440a-4db0-8d43-701c5e979336,Namık Havutça,Namık Havutça,,,,Cumhuriyet Halk Partisi,CHP,area/balıkesir,Balıkesir,26,,https://upload.wikimedia.org/wikipedia/commons/0/0b/Namık_Havutça_(cropped).jpg,male,Q20473360,Q19079,
d801a1e9-bde0-4963-bae9-7ba0003addce,Nazım Maviş,Nazım Maviş,,,,Adalet ve Kalkınma Partisi,AKP,area/sinop,Sinop,26,,,,,Q19077,
a2dcf23f-f227-49eb-bc7d-d1aef8c2a04b,Necati Yılmaz,Necati Yılmaz,,,,Cumhuriyet Halk Partisi,CHP,area/ankara_(i),Ankara (I),26,,,male,Q1726855,Q19079,
b93d8e18-6972-48c1-9579-3eb32fa46499,Necdet Ünüvar,Necdet Ünüvar,,,,Adalet ve Kalkınma Partisi,AKP,area/adana,Adana,26,,,male,Q1973627,Q19077,
814cc07e-7443-4936-bc98-b7aa4394bff3,Necip Kalkan,Necip Kalkan,,,,Adalet ve Kalkınma Partisi,AKP,area/İzmir_(i),İzmir (I),26,,,,,Q19077,
ac835f57-2cba-4f10-940c-d72518ca963a,Nevin Gaye Usluer,Nevin Gaye Usluer,,,,Cumhuriyet Halk Partisi,CHP,area/eskişehir,Eskişehir,26,,,,,Q19079,
d69d779c-d30d-4eac-be6c-9da62789a72a,Nevzat Ceylan,Nevzat Ceylan,,,,Adalet ve Kalkınma Partisi,AKP,area/ankara_(ii),Ankara (II),26,,,,,Q19077,
d8521f9f-f377-45c3-a595-6bb142eb5278,Nihat Akdoğan,Nihat Akdoğan,,,,Halkların Demokratik Partisi,HDP,area/hakkâri,Hakkâri,26,,,,,Q15123187,
13b80bd2-e5fe-4637-92a1-af1260dd6aab,Nihat Yeşil,Nihat Yeşil,,,,Cumhuriyet Halk Partisi,CHP,area/ankara_(ii),Ankara (II),26,,,,,Q19079,
e3a732c8-489f-4df8-8339-a9062ee7f06a,Nihat Zeybekci,Nihat Zeybekci,,,,Adalet ve Kalkınma Partisi,AKP,area/denizli,Denizli,26,,,,,Q19077,
d07ac8bc-0312-4373-8ad7-2c4d4acf3dde,Nihat Öztürk,Nihat Öztürk,,,,Adalet ve Kalkınma Partisi,AKP,area/muğla,Muğla,26,,,,,Q19077,
889d4428-be43-4803-b76d-6b6fd6dc60ff,Nimetullah Erdoğmuş,Nimetullah Erdoğmuş,,,,Halkların Demokratik Partisi,HDP,area/diyarbakır,Diyarbakır,26,,,,,Q15123187,
9f691069-0c57-4573-988f-eed487a94ed3,Niyazi Nefi Kara,Niyazi Nefi Kara,,,,Cumhuriyet Halk Partisi,CHP,area/antalya,Antalya,26,,,,Q20473779,Q19079,
1b8b4ab8-406d-4c12-a4fb-cf68b88691b0,Numan Kurtulmuş,Numan Kurtulmuş,,,,Adalet ve Kalkınma Partisi,AKP,area/ordu,Ordu,26,,,male,Q982397,Q19077,
86ee1b1f-f86b-4868-bc77-10c0629a9234,Nureddin Nebati,Nureddin Nebati,,,,Adalet ve Kalkınma Partisi,AKP,area/İstanbul_(iii),İstanbul (III),26,,,,,Q19077,
b0f93ef0-ea2c-4e81-ac5a-9c82c0399ca2,Nurettin Aras,Nurettin Aras,,,,Adalet ve Kalkınma Partisi,AKP,area/iğdır,Iğdır,26,,,male,Q6028228,Q19077,
fdcff6d8-8365-4868-a919-896bf36be2bf,Nurettin Canikli,Nurettin Canikli,,,,Adalet ve Kalkınma Partisi,AKP,area/giresun,Giresun,26,,https://upload.wikimedia.org/wikipedia/commons/c/c6/Nurettincanikli6.png,male,Q6046409,Q19077,
87a9db7e-80c4-423d-98d9-ee4525f2e57f,Nurettin Demir,Nurettin Demir,,,,Cumhuriyet Halk Partisi,CHP,area/muğla,Muğla,26,,,male,Q23920896,Q19079,
b0fdc8fc-96ab-4226-b1af-4d17600b3fe2,Nurettin Yaşar,Nurettin Yaşar,,,,Adalet ve Kalkınma Partisi,AKP,area/malatya,Malatya,26,,,male,Q26133297,Q19077,
628c5992-7566-4f15-8361-ef47370c2da3,Nurhayat Altaca Kayışoğlu,Nurhayat Altaca Kayışoğlu,,,,Cumhuriyet Halk Partisi,CHP,area/bursa,Bursa,26,,,,,Q19079,
be4f4140-5d8e-4fe9-b96c-1b5b44584b15,Nuri Okutan,Nuri Okutan,,,,Milliyetçi Hareket Partisi,MHP,area/isparta,Isparta,26,,,male,Q6068117,Q251077,
2cdd6bc2-9bb1-480d-9379-d0b5e5b9cc96,Nursel Aydoğan,Nursel Aydoğan,,,,Halkların Demokratik Partisi,HDP,area/diyarbakır,Diyarbakır,26,,,female,Q7070215,Q15123187,
e5769ed0-3f66-4334-a029-aac5a4da67ff,Nursel Reyhanoğlu,Nursel Reyhanoğlu,,,,Adalet ve Kalkınma Partisi,AKP,area/kahramanmaraş,Kahramanmaraş,26,,,,,Q19077,
85752fd6-c50d-4867-a21b-b71cb65b72e0,Okan Gaytancıoğlu,Okan Gaytancıoğlu,,,,Cumhuriyet Halk Partisi,CHP,area/edirne,Edirne,26,,,,,Q19079,
0848e1fc-16bc-443f-a8b8-2aff2e46a1cd,Oktay Vural,Oktay Vural,,,,Milliyetçi Hareket Partisi,MHP,area/İzmir_(i),İzmir (I),26,,https://upload.wikimedia.org/wikipedia/commons/5/58/Oktay_Vural.jpg,male,Q6582991,Q251077,
bc3b1bc5-cbd6-4dd9-b344-65bb15b935b4,Oktay Çanak,Oktay Çanak,,,,Adalet ve Kalkınma Partisi,AKP,area/ordu,Ordu,26,,,,,Q19077,
6f366f5d-06b0-4fc7-906c-9f955aa3da34,Oktay Öztürk,Oktay Öztürk,,,,Milliyetçi Hareket Partisi,MHP,area/mersin,Mersin,26,,https://upload.wikimedia.org/wikipedia/commons/5/56/Oktay_Öztürk.jpg,male,Q6046372,Q251077,
54b53954-1bee-41d6-a79b-f2f41248efb5,Onursal Adıgüzel,Onursal Adıgüzel,,,,Cumhuriyet Halk Partisi,CHP,area/İstanbul_(i),İstanbul (I),26,,,,,Q19079,
2e7f1292-b6c7-4d5c-8afd-273f5a99d2ee,Orhan Atalay,Orhan Atalay,,,,Adalet ve Kalkınma Partisi,AKP,area/ardahan,Ardahan,26,,,male,Q20474223,Q19077,
5d165806-b774-44a5-84d7-402ab4bc4284,Orhan Deligöz,Orhan Deligöz,,,,Adalet ve Kalkınma Partisi,AKP,area/erzurum,Erzurum,26,,,,,Q19077,
4b042883-f3d0-48bd-83ba-cc49377059b4,Orhan Karasayar,Orhan Karasayar,,,,Adalet ve Kalkınma Partisi,AKP,area/hatay,Hatay,26,,,male,Q19612200,Q19077,
bb072387-7645-4ee4-adf9-789be1a0fe78,Orhan Kırcalı,Orhan Kırcalı,,,,Adalet ve Kalkınma Partisi,AKP,area/samsun,Samsun,26,,,,,Q19077,
d8482b83-713a-46ae-9ec7-24907394ca1b,Orhan Miroğlu,Orhan Miroğlu,,,,Adalet ve Kalkınma Partisi,AKP,area/mardin,Mardin,26,,,male,Q379868,Q19077,
d784344d-cde7-49e5-ab79-02b63046a0b8,Orhan Sarıbal,Orhan Sarıbal,,,,Cumhuriyet Halk Partisi,CHP,area/bursa,Bursa,26,,,,,Q19079,
665beb65-e554-44d9-b1d2-53250976a10f,Osman Aşkın Bak,Osman Aşkın Bak,,,,Adalet ve Kalkınma Partisi,AKP,area/rize,Rize,26,,,,,Q19077,
00851ff7-21e3-4848-9d36-a80c5e635a16,Osman Baydemir,Osman Baydemir,,,,Halkların Demokratik Partisi,HDP,area/Şanlıurfa,Şanlıurfa,26,,https://upload.wikimedia.org/wikipedia/commons/5/52/Mélenchon_Oct_2015.jpg,male,Q735674,Q15123187,
b51c64c3-b677-496a-b064-48df14b8c5c5,Osman Boyraz,Osman Boyraz,,,,Adalet ve Kalkınma Partisi,AKP,area/İstanbul_(i),İstanbul (I),26,,,,,Q19077,
f4ea02b0-10fb-49a8-97f3-b8b0cec4120d,Osman Mesten,Osman Mesten,,,,Adalet ve Kalkınma Partisi,AKP,area/bursa,Bursa,26,,,,,Q19077,
71167f3e-7018-49ec-af28-8d118f8e8f3e,Oğuz Kaan Salıcı,Oğuz Kaan Salıcı,,,,Cumhuriyet Halk Partisi,CHP,area/İstanbul_(i),İstanbul (I),26,,,,,Q19079,
09582ef1-18fb-4567-b3ab-ddd47f5b1bf5,Pervin Buldan,Pervin Buldan,,pervinbuldan,pervin.buldan.761,Halkların Demokratik Partisi,HDP,area/İstanbul_(iii),İstanbul (III),26,,https://upload.wikimedia.org/wikipedia/commons/1/14/Pervin_Buldan_(cropped).jpg,female,Q458740,Q15123187,
b2fc1c56-bea2-4e3a-a75e-df7148ba956e,Radiye Sezer Katırcıoğlu,Radiye Sezer Katırcıoğlu,,,,Adalet ve Kalkınma Partisi,AKP,area/kocaeli,Kocaeli,26,,,,,Q19077,
5ca5ec6c-30d7-491d-a3bf-a9c5c1484b13,Rafet Sezen,Rafet Sezen,,,,Adalet ve Kalkınma Partisi,AKP,area/edirne,Edirne,26,,,,,Q19077,
d2441d23-85f3-4017-bffd-02dbda75e018,Ramazan Can,Ramazan Can,,,,Adalet ve Kalkınma Partisi,AKP,area/kırıkkale,Kırıkkale,26,,,male,Q19612311,Q19077,
5f9765c6-b2a8-4113-bc90-3e6b4905727f,Ravza Kavakçı Kan,Ravza Kavakçı Kan,,,,Adalet ve Kalkınma Partisi,AKP,area/İstanbul_(i),İstanbul (I),26,,https://upload.wikimedia.org/wikipedia/commons/1/11/Ravza_Kavakçı_Kan.jpg,female,Q21540262,Q19077,
98f112c5-e229-49e1-816e-69cce9a71bab,Recai Berber,Recai Berber,,,,Adalet ve Kalkınma Partisi,AKP,area/manisa,Manisa,26,,,male,Q20474917,Q19077,
4d11f24c-b61c-491c-ba73-5db808d76627,Recep Akdağ,Recep Akdağ,,,,Adalet ve Kalkınma Partisi,AKP,area/erzurum,Erzurum,26,,https://upload.wikimedia.org/wikipedia/commons/7/7a/RecepAkdağ2011.png,male,Q713551,Q19077,
09475ab9-3170-4cb9-a988-421f2382a341,Recep Konuk,Recep Konuk,,,,Adalet ve Kalkınma Partisi,AKP,area/karaman,Karaman,26,,,male,Q12811497,Q19077,
2c7bd4df-4be0-425b-885e-fb23501bc34e,Recep Uncuoğlu,Recep Uncuoğlu,,,,Adalet ve Kalkınma Partisi,AKP,area/sakarya,Sakarya,26,,,,,Q19077,
b1607bc8-e55e-44c6-a51d-f83bd99588bb,Recep Şeker,Recep Şeker,,,,Adalet ve Kalkınma Partisi,AKP,area/karaman,Karaman,26,,,male,Q26234870,Q19077,
75c33bcb-15db-462b-bce0-136397032ae9,Reşat Petek,Reşat Petek,,,,Adalet ve Kalkınma Partisi,AKP,area/burdur,Burdur,26,,,,Q25474924,Q19077,
9931f2a1-b7b9-4c3c-9f7d-01a39935cbb8,Reşit Polat,Reşit Polat,,,,Adalet ve Kalkınma Partisi,AKP,area/kilis,Kilis,26,,,,,Q19077,
2f3b30a3-514a-4c33-85c5-5c133281456c,Ruhi Ersoy,Ruhi Ersoy,,,,Milliyetçi Hareket Partisi,MHP,area/osmaniye,Osmaniye,26,,,,,Q251077,
7949fb5f-196f-4c19-b069-163a25219a6b,Saadet Becerekli,Saadet Becerekli,,,,Halkların Demokratik Partisi,HDP,area/batman,Batman,26,,,,,Q15123187,
1b4e6b60-3b1d-49d6-afe2-278ec2a8befd,Sabri Öztürk,Sabri Öztürk,,,,Adalet ve Kalkınma Partisi,AKP,area/giresun,Giresun,26,,,,,Q19077,
7c42ced8-5873-46ae-92f0-567d1274bd75,Saffet Sancaklı,Saffet Sancaklı,,,,Milliyetçi Hareket Partisi,MHP,area/kocaeli,Kocaeli,26,,,male,Q1383571,Q251077,
355c2d4a-90b9-44e5-aeaa-94010414e05b,Sait Yüce,Sait Yüce,,,,Adalet ve Kalkınma Partisi,AKP,area/isparta,Isparta,26,,,,,Q19077,
44b3994b-0e1c-47dc-8c4e-40bd8b4cf98b,Salih Cora,Salih Cora,,,,Adalet ve Kalkınma Partisi,AKP,area/trabzon,Trabzon,26,,,,,Q19077,
ddb73d0e-70d2-42d3-87ed-252cd214c8bb,Salih Fırat,Salih Fırat,,,,Adalet ve Kalkınma Partisi,AKP,area/adıyaman,Adıyaman,26,,,male,Q6032840,Q19077,
b7371b55-034f-477c-a2a4-41749ccb2875,Salih Çetinkaya,Salih Çetinkaya,,,,Adalet ve Kalkınma Partisi,AKP,area/kırşehir,Kırşehir,26,,,,,Q19077,
0d706b03-cad7-4da4-b119-4763b6fd5292,Salim Uslu,Salim Uslu,,,,Adalet ve Kalkınma Partisi,AKP,area/Çorum,Çorum,26,,,male,Q20476409,Q19077,
3052cdfc-fc56-4bd0-acee-010561106596,Sami Dedeoğlu,Sami Dedeoğlu,,,,Adalet ve Kalkınma Partisi,AKP,area/kayseri,Kayseri,26,,,,,Q19077,
f12acc7f-249f-4dee-b6ff-c66c9e57a180,Sami Çakır,Sami Çakır,,,,Adalet ve Kalkınma Partisi,AKP,area/kocaeli,Kocaeli,26,,,,,Q19077,
7ab478c5-e89d-4e74-a9a0-08476e0b486e,Sebahattin Karakelle,Sebahattin Karakelle,,,,Adalet ve Kalkınma Partisi,AKP,area/erzincan,Erzincan,26,,,male,Q6033158,Q19077,
a6db1e42-3a69-48e6-981a-8b512d0f1376,Selahattin Demirtaş,Selahattin Demirtaş,,,,Halkların Demokratik Partisi,HDP,area/İstanbul_(i),İstanbul (I),26,,https://upload.wikimedia.org/wikipedia/commons/5/56/Selahattin_Demirtaş.png,male,Q1395724,Q15123187,
a4779eea-1510-44f6-8be8-bf3210d0e270,Selahattin Minsolmaz,Selahattin Minsolmaz,,,,Adalet ve Kalkınma Partisi,AKP,area/kırklareli,Kırklareli,26,,,,,Q19077,
75ea2490-7631-4f20-9596-db907c623bc0,Selim Dursun,Selim Dursun,,,,Adalet ve Kalkınma Partisi,AKP,area/sivas,Sivas,26,,,,,Q19077,
48ad175e-c7cb-43ec-b05d-82c639a264cc,Selin Sayek Böke,Selin Sayek Böke,,selinsayekboke,selinsayekboke,Cumhuriyet Halk Partisi,CHP,area/İzmir_(i),İzmir (I),26,,https://upload.wikimedia.org/wikipedia/commons/0/05/Selin_Sayek_Böke.jpg,female,Q21044822,Q19079,
408bbd88-f4d3-4057-a011-db349c38a588,Selina Doğan,Selina Doğan,,,,Cumhuriyet Halk Partisi,CHP,area/İstanbul_(ii),İstanbul (II),26,,,female,Q20672043,Q19079,
c166f239-cdff-445f-bff4-565e7d9ae86e,Selma Irmak,Selma Irmak,,selmairmakhdp,,Halkların Demokratik Partisi,HDP,area/hakkâri,Hakkâri,26,,https://upload.wikimedia.org/wikipedia/commons/a/a1/Selma_Irmak_(cropped).jpg,female,Q6041196,Q15123187,
c3ae1c34-b7b5-4a1d-95d4-6ae1e077d8bd,Selçuk Özdağ,Selçuk Özdağ,,,,Adalet ve Kalkınma Partisi,AKP,area/manisa,Manisa,26,,https://upload.wikimedia.org/wikipedia/commons/5/5f/MMR_1537_(cropped).jpg,male,Q21526935,Q19077,
a855f969-c951-4f16-9e6e-af8be0308487,Sema Kırcı,Sema Kırcı,,,,Adalet ve Kalkınma Partisi,AKP,area/balıkesir,Balıkesir,26,,,,,Q19077,
04851ba2-c147-4952-aabf-d964bdc3d9d3,Sema Ramazanoğlu,Sema Ramazanoğlu,,,,Adalet ve Kalkınma Partisi,AKP,area/denizli,Denizli,26,,https://upload.wikimedia.org/wikipedia/commons/a/ac/847C2697(1).JPG_cropped_(Sema_Ramazanoglu).png,female,Q21541529,Q19077,
3e8648f0-2f12-4466-992e-c68bb82e1e1e,Sena Nur Çelik,Sena Nur Çelik,,,,Adalet ve Kalkınma Partisi,AKP,area/antalya,Antalya,26,,,,,Q19077,
f83e4248-44fe-43f1-a4c1-671a4c5fed41,Serap Yaşar,Serap Yaşar,,,,Adalet ve Kalkınma Partisi,AKP,area/İstanbul_(iii),İstanbul (III),26,,,,,Q19077,
75774015-ed19-48ef-94fd-59940dbbbade,Serdal Kuyucuoğlu,Serdal Kuyucuoğlu,,,,Cumhuriyet Halk Partisi,CHP,area/mersin,Mersin,26,,,,,Q19079,
70443378-ea75-48b2-a635-36de3270068e,Serkan Bayram,Serkan Bayram,,,,Adalet ve Kalkınma Partisi,AKP,area/erzincan,Erzincan,26,,,,,Q19077,
10d321a2-371c-4dd2-a2d9-7f1c6bf82fbd,Serkan Topal,Serkan Topal,,,,Cumhuriyet Halk Partisi,CHP,area/hatay,Hatay,26,,,,,Q19079,
1c33c004-444d-4227-8c84-b7aa8bb99b55,Seyfettin Yılmaz,Seyfettin Yılmaz,,,,Milliyetçi Hareket Partisi,MHP,area/adana,Adana,26,,,male,Q6024793,Q251077,
f97bed84-d876-4491-a867-b1a8f3cf3c9d,Seyit Torun,Seyit Torun,,,,Cumhuriyet Halk Partisi,CHP,area/ordu,Ordu,26,,,male,Q6081122,Q19079,
d4723419-4f88-4d22-917f-9d2f7c328ad7,Sibel Yiğitalp,Sibel Yiğitalp,,,,Halkların Demokratik Partisi,HDP,area/diyarbakır,Diyarbakır,26,,,,,Q15123187,
565b53eb-dc72-4ef5-a730-61ff6452226a,Sibel Özdemir,Sibel Özdemir,,,,Cumhuriyet Halk Partisi,CHP,area/İstanbul_(iii),İstanbul (III),26,,,,,Q19079,
43102685-dfaa-4104-8e6c-12f135313359,Suat Önal,Suat Önal,,,,Adalet ve Kalkınma Partisi,AKP,area/osmaniye,Osmaniye,26,,,female,Q23920967,Q19077,
7c53b41e-6c7e-4752-ab77-9a1e07251c24,Süleyman Sencer Ayata,Süleyman Sencer Ayata,,,,Cumhuriyet Halk Partisi,CHP,area/İstanbul_(ii),İstanbul (II),26,,,,Q6075183,Q19079,
fef7ad7d-fa0d-4c56-aa08-41497bf5d404,Süleyman Soylu,Süleyman Soylu,,,suleymansoylu,Adalet ve Kalkınma Partisi,AKP,area/trabzon,Trabzon,26,,https://upload.wikimedia.org/wikipedia/commons/b/bc/Süleyman_Soylu.png,male,Q6098459,Q19077,
f154e843-71ac-46bd-b512-453a0de2bd04,Süreyya Sadi Bilgiç,Süreyya Sadi Bilgiç,,,,Adalet ve Kalkınma Partisi,AKP,area/isparta,Isparta,26,,,male,Q6042485,Q19077,
97ba9028-57f0-4a39-8550-c0d8798b8536,Sırrı Süreyya Önder,Sırrı Süreyya Önder,,sirsureyya,sirri.sureyya.1,Halkların Demokratik Partisi,HDP,area/ankara_(i),Ankara (I),26,,https://upload.wikimedia.org/wikipedia/commons/9/9c/Sırrı_Süreyya_Önder.jpg,male,Q982389,Q15123187,
b4496a60-367d-4f5b-b318-0f42113f6c53,Tacettin Bayır,Tacettin Bayır,,,,Cumhuriyet Halk Partisi,CHP,area/İzmir_(i),İzmir (I),26,,https://upload.wikimedia.org/wikipedia/commons/5/56/Tacettin_Bayir.jpg,male,Q6044313,Q19079,
72b2a3e5-0f82-4fb1-a2e1-dd0ee3d924b2,Taha Özhan,Taha Özhan,,,,Adalet ve Kalkınma Partisi,AKP,area/malatya,Malatya,26,,,,,Q19077,
e44d591d-78ce-46d1-9ee4-0f5d04fc02bb,Tahir Öztürk,Tahir Öztürk,,,,Adalet ve Kalkınma Partisi,AKP,area/elazığ,Elazığ,26,,,,,Q19077,
0771ea58-ea90-439e-8754-4598ead23a4b,Tahsin Tarhan,Tahsin Tarhan,,,,Cumhuriyet Halk Partisi,CHP,area/kocaeli,Kocaeli,26,,,,,Q19079,
b9588b2c-3e2c-45a3-9c83-38804e782f95,Talip Küçükcan,Talip Küçükcan,,,,Adalet ve Kalkınma Partisi,AKP,area/adana,Adana,26,,https://upload.wikimedia.org/wikipedia/commons/e/e0/Talip_Küçükcan.jpg,male,Q20988523,Q19077,
314458df-b9a3-453c-a9e2-b1575db8fdd3,Tamer Dağlı,Tamer Dağlı,,,,Adalet ve Kalkınma Partisi,AKP,area/adana,Adana,26,,,male,Q25477558,Q19077,
66e27ae1-66c5-433b-bc63-edbda2e00051,Taner Yıldız,Taner Yıldız,,,,Adalet ve Kalkınma Partisi,AKP,area/kayseri,Kayseri,26,,"https://upload.wikimedia.org/wikipedia/commons/0/02/Taner_Yildiz_-_World_Economic_Forum_on_the_Middle_East,_North_Africa_and_Eurasia_2012_crop.jpg",male,Q7682560,Q19077,
f1ef876c-72d2-4c56-9320-9c579680aa00,Tanju Özcan,Tanju Özcan,,,,Cumhuriyet Halk Partisi,CHP,area/bolu,Bolu,26,,,,Q23920916,Q19079,
26eb8a03-476f-4eeb-8325-937b6fd7ea1d,Tekin Bingöl,Tekin Bingöl,,,,Cumhuriyet Halk Partisi,CHP,area/ankara_(i),Ankara (I),26,,https://upload.wikimedia.org/wikipedia/commons/8/81/Tekin_Bingöl.jpg,male,Q6027967,Q19079,
4f222190-a98d-46a0-8b40-8aef96c5513d,Tufan Köse,Tufan Köse,,,,Cumhuriyet Halk Partisi,CHP,area/Çorum,Çorum,26,,,,Q23920925,Q19079,
4feab6a2-5bb3-4e89-87e7-423d86569c04,Tuncay Özkan,Tuncay Özkan,,,,Cumhuriyet Halk Partisi,CHP,area/İzmir_(i),İzmir (I),26,,,,,Q19079,
7e6f0d69-698c-461a-8c8e-dfb049cb0af8,Tur Yıldız Biçer,Tur Yıldız Biçer,,,,Cumhuriyet Halk Partisi,CHP,area/manisa,Manisa,26,,,,,Q19079,
9bb2ccd0-a64a-4898-88af-3545bf74503a,Tuğba Hezer Öztürk,Tuğba Hezer Öztürk,,,,Halkların Demokratik Partisi,HDP,area/van,Van,26,,,,,Q15123187,
0a3345bc-3024-4cf9-a978-cf80eb2160f7,Tülay Kaynarca,Tülay Kaynarca,,,,Adalet ve Kalkınma Partisi,AKP,area/İstanbul_(iii),İstanbul (III),26,,,,,Q19077,
17ef1500-bcb6-4005-aa91-793cb9cf5ea2,Türabi Kayan,Türabi Kayan,,,,Cumhuriyet Halk Partisi,CHP,area/kırklareli,Kırklareli,26,,,,,Q19079,
d4679c0e-4e2e-432b-abaf-606eaf2e1105,Utku Çakırözer,Utku Çakırözer,,,,Cumhuriyet Halk Partisi,CHP,area/eskişehir,Eskişehir,26,,,,,Q19079,
1afea367-b244-4011-a475-d9c6f405f807,Uğur Aydemir,Uğur Aydemir,,,,Adalet ve Kalkınma Partisi,AKP,area/manisa,Manisa,26,,,male,Q23920971,Q19077,
f4c78955-f920-42a8-bac6-ee066c822cb3,Uğur Bayraktutan,Uğur Bayraktutan,,,,Cumhuriyet Halk Partisi,CHP,area/artvin,Artvin,26,,,male,Q21527259,Q19079,
51183d8e-7b09-4710-9ebf-4f2548e73577,Vecdi Gündoğdu,Vecdi Gündoğdu,,,,Cumhuriyet Halk Partisi,CHP,area/kırklareli,Kırklareli,26,,,,,Q19079,
02adddd1-8f59-48fa-98ab-739329ba9670,Vedat Bilgin,Vedat Bilgin,,,,Adalet ve Kalkınma Partisi,AKP,area/ankara_(ii),Ankara (II),26,,https://upload.wikimedia.org/wikipedia/commons/3/36/Vedat_Bilgin.jpg,male,Q6102989,Q19077,
caf45876-d535-46b4-bdd6-56b8d8a062ee,Vedat Demiröz,Vedat Demiröz,,,,Adalet ve Kalkınma Partisi,AKP,area/bitlis,Bitlis,26,,,male,Q20474671,Q19077,
6e32acab-f4ba-4195-8726-51a7d280ff8e,Veli Ağbaba,Veli Ağbaba,,,,Cumhuriyet Halk Partisi,CHP,area/malatya,Malatya,26,,https://upload.wikimedia.org/wikipedia/commons/3/38/Veli_Ağbaba.jpg,male,Q17448625,Q19079,
572b4c71-ea40-46dd-8cf1-3db19cc707df,Veysel Eroğlu,Veysel Eroğlu,,VeyselEroglu,,Adalet ve Kalkınma Partisi,AKP,area/afyonkarahisar,Afyonkarahisar,26,,https://upload.wikimedia.org/wikipedia/commons/a/ab/Veysel_Eroğlu_cropped.jpg,male,Q1465755,Q19077,
70b1d8d7-eb7b-4413-8eae-ecbd6c2f485b,Veysi Kaynak,Veysi Kaynak,,,,Adalet ve Kalkınma Partisi,AKP,area/kahramanmaraş,Kahramanmaraş,26,,https://upload.wikimedia.org/wikipedia/commons/3/38/VeysiKaynak.png,male,Q6040561,Q19077,
ee69b32f-3839-4568-bdff-cf6afa3b753b,Volkan Bozkır,Volkan Bozkır,,,,Adalet ve Kalkınma Partisi,AKP,area/İstanbul_(ii),İstanbul (II),26,,https://upload.wikimedia.org/wikipedia/commons/9/93/Volkan_Bozkır_April_2016_(26358127551)_(cropped).jpg,male,Q7940222,Q19077,
ba332b05-1a1d-4f9b-ad42-860945e3f8c5,Vural Kavuncu,Vural Kavuncu,,,,Adalet ve Kalkınma Partisi,AKP,area/kütahya,Kütahya,26,,,male,Q20474790,Q19077,
3035584a-ad15-4418-b04f-52f4df408f0b,Yakup Akkaya,Yakup Akkaya,,,,Cumhuriyet Halk Partisi,CHP,area/İstanbul_(i),İstanbul (I),26,,,male,Q28064793,Q19079,
0f45a96e-b114-446f-a2aa-cd62ba3636ac,Yalçın Akdoğan,Yalçın Akdoğan,,y_akdogan,,Adalet ve Kalkınma Partisi,AKP,area/ankara_(i),Ankara (I),26,,https://upload.wikimedia.org/wikipedia/commons/f/f2/YalçınAkdoğan.jpg,male,Q6026854,Q19077,
dfaa2a55-8796-41fd-94b3-bc0b223faf60,Yasin Aktay,Yasin Aktay,,,,Adalet ve Kalkınma Partisi,AKP,area/siirt,Siirt,26,,,male,Q6094980,Q19077,
fb3cba51-8d48-4305-b8ec-ca758c0f6cfa,Yaşar Tüzün,Yaşar Tüzün,,,,Cumhuriyet Halk Partisi,CHP,area/bilecik,Bilecik,26,,,,Q6030490,Q19079,
2d5fa110-ae73-4ea9-8574-2f5a4d4b7735,Yusuf Başer,Yusuf Başer,,,,Adalet ve Kalkınma Partisi,AKP,area/yozgat,Yozgat,26,,,male,Q19737965,Q19077,
f68947c0-549c-4a59-ac7a-6ff24b8cb8c2,Yusuf Beyazıt,Yusuf Beyazıt,,,,Adalet ve Kalkınma Partisi,AKP,area/tokat,Tokat,26,,,,,Q19077,
e3b4e884-f3be-47cc-9091-4fd87605402e,Yusuf Halaçoğlu,Yusuf Halaçoğlu,,,,Milliyetçi Hareket Partisi,MHP,area/kayseri,Kayseri,26,,https://upload.wikimedia.org/wikipedia/commons/4/49/Yusuf_Halaçoğlu.jpg,male,Q1415765,Q251077,
cf3bee0c-67ef-447e-9ec2-5dc74528dbfa,Yusuf Selahattin Beyribey,Yusuf Selahattin Beyribey,,,,Adalet ve Kalkınma Partisi,AKP,area/kars,Kars,26,,,male,Q19613204,Q19077,
9d0d8eda-9b01-4a59-821f-bd24959b774e,Yıldırım Tuğrul Türkeş,Yıldırım Tuğrul Türkeş,,,,Adalet ve Kalkınma Partisi,AKP,area/ankara_(ii),Ankara (II),26,,https://upload.wikimedia.org/wikipedia/commons/6/6b/Tugrul_Turkes.jpg,male,Q2602515,Q19077,
87405519-a92f-468f-b1c6-bd1cf7081b70,Yıldız Seferinoğlu,Yıldız Seferinoğlu,,,,Adalet ve Kalkınma Partisi,AKP,area/İstanbul_(iii),İstanbul (III),26,,,,,Q19077,
9b718827-6d77-49bf-98f6-5c23ab1bab70,Yılmaz Tezcan,Yılmaz Tezcan,,,,Adalet ve Kalkınma Partisi,AKP,area/mersin,Mersin,26,,,,,Q19077,
1a1f4201-7962-48bb-870e-d45e3cb085d8,Yılmaz Tunç,Yılmaz Tunç,,,,Adalet ve Kalkınma Partisi,AKP,area/bartın,Bartın,26,,,male,Q17046592,Q19077,
493d6815-1c59-40a9-9110-6379ddc8bbbf,Zehra Taşkesenlioğlu,Zehra Taşkesenlioğlu,,,,Adalet ve Kalkınma Partisi,AKP,area/erzurum,Erzurum,26,,,,,Q19077,
776bad2c-3156-4a9a-81f5-9cb87e89bda2,Zekeriya Birkan,Zekeriya Birkan,,,,Adalet ve Kalkınma Partisi,AKP,area/bursa,Bursa,26,,,,,Q19077,
ceed6cc8-8848-462b-950f-b721557dc2a4,Zekeriya Temizel,Zekeriya Temizel,,,,Cumhuriyet Halk Partisi,CHP,area/İzmir_(ii),İzmir (II),26,,,male,Q6089344,Q19079,
64271d43-2bf9-45ab-abaf-125da347b841,Zeki Aygün,Zeki Aygün,,,,Adalet ve Kalkınma Partisi,AKP,area/kocaeli,Kocaeli,26,,,,Q23920986,Q19077,
41cab79e-52a0-460d-8f27-bfc404e94b89,Zeyid Aslan,Zeyid Aslan,,,,Adalet ve Kalkınma Partisi,AKP,area/tokat,Tokat,26,,,male,Q6049982,Q19077,
96d48900-01b4-47e7-81aa-bd6cdf31c400,Zeynel Emre,Zeynel Emre,,,,Cumhuriyet Halk Partisi,CHP,area/İstanbul_(iii),İstanbul (III),26,,,,,Q19079,
af1ebbda-6c79-456d-b3bc-83edf81adc38,Zeynep Altıok,Zeynep Altıok,,,,Cumhuriyet Halk Partisi,CHP,area/İzmir_(ii),İzmir (II),26,,,,,Q19079,
72e9d65b-5e48-44de-94e5-f5019b4bb3f0,Zihni Açba,Zihni Açba,,,,Milliyetçi Hareket Partisi,MHP,area/sakarya,Sakarya,26,,,,Q25477874,Q251077,
d3ec333c-f479-40ad-9ec9-441ac0937e80,Ziya Altunyaldız,Ziya Altunyaldız,,,,Adalet ve Kalkınma Partisi,AKP,area/konya,Konya,26,,,,,Q19077,
0b00e301-f9be-47a8-a6b0-abc05b7c3fa4,Ziya Pir,Ziya Pir,,,,Halkların Demokratik Partisi,HDP,area/diyarbakır,Diyarbakır,26,,,,,Q15123187,
e9858714-9237-4298-ba45-bfb2fde2671c,Zühal Topcu,Zühal Topcu,,,,Milliyetçi Hareket Partisi,MHP,area/ankara_(i),Ankara (I),26,,,,,Q251077,
8883688d-6e5a-45a2-a744-aa22a1cdb657,Zülfikar İnönü Tümer,Zülfikar İnönü Tümer,,,,Cumhuriyet Halk Partisi,CHP,area/adana,Adana,26,,,male,Q20090648,Q19079,
14b5c944-cbcc-4882-adb7-e37250c73946,Çağlar Demirel,Çağlar Demirel,,,,Halkların Demokratik Partisi,HDP,area/diyarbakır,Diyarbakır,26,,,,,Q15123187,
11f8072c-19be-4bd2-ba73-192baba0c91d,Çetin Arık,Çetin Arık,,,,Cumhuriyet Halk Partisi,CHP,area/kayseri,Kayseri,26,,,,,Q19079,
69793fe2-ae09-47a8-9042-180e81f70bf9,Çetin Osman Budak,Çetin Osman Budak,,,,Cumhuriyet Halk Partisi,CHP,area/antalya,Antalya,26,,,,,Q19079,
0f5a2443-2353-47b7-84c2-0054d8541e93,Çiğdem Karaarslan,Çiğdem Karaarslan,,,,Adalet ve Kalkınma Partisi,AKP,area/samsun,Samsun,26,,,,,Q19077,
a4dcd278-5e67-41b5-a7b3-500d01590178,Ömer Fethi Gürer,Ömer Fethi Gürer,,,,Cumhuriyet Halk Partisi,CHP,area/niğde,Niğde,26,,,,,Q19079,
987fb22a-3278-4e86-a38e-20919f0f1ae2,Ömer Serdar,Ömer Serdar,,,,Adalet ve Kalkınma Partisi,AKP,area/elazığ,Elazığ,26,,,,Q25478108,Q19077,
3ce2b54c-5111-44e4-b4a7-9e1d3493fe3b,Ömer Süha Aldan,Ömer Süha Aldan,,,,Cumhuriyet Halk Partisi,CHP,area/muğla,Muğla,26,,,male,Q23920893,Q19079,
38cb391f-bb87-4295-b121-47179b8c1d58,Ömer Çelik,Ömer Çelik,,omerrcelik,,Adalet ve Kalkınma Partisi,AKP,area/adana,Adana,26,,https://upload.wikimedia.org/wikipedia/commons/c/ce/Ömer_Çelik_cropped.jpg,male,Q297516,Q19077,
3737f975-274c-45d3-8316-c9fc69902885,Ömer Ünal,Ömer Ünal,,,,Adalet ve Kalkınma Partisi,AKP,area/konya,Konya,26,,,,,Q19077,
5328e060-0a43-4b45-be75-fe228113d450,Özcan Purçu,Özcan Purçu,,,,Cumhuriyet Halk Partisi,CHP,area/İzmir_(i),İzmir (I),26,,,male,Q20476906,Q19079,
17d5f9ad-f171-498b-a91c-a9095ceb9a16,Özcan Ulupınar,Özcan Ulupınar,,,,Adalet ve Kalkınma Partisi,AKP,area/zonguldak,Zonguldak,26,,,,Q23920873,Q19077,
5660175d-7adc-426b-81c5-71ffa3550a96,Özgür Özel,Özgür Özel,,,,Cumhuriyet Halk Partisi,CHP,area/manisa,Manisa,26,,https://upload.wikimedia.org/wikipedia/commons/a/ab/Özgür-Özel.jpg,male,Q17046812,Q19079,
8209aa75-97e3-4e46-b2d4-133d818f47d7,Özkan Yalım,Özkan Yalım,,,,Cumhuriyet Halk Partisi,CHP,area/uşak,Uşak,26,,,,,Q19079,
ab65442e-07a2-4bef-95a3-2e5f294576c7,Öznur Çalık,Öznur Çalık,,,,Adalet ve Kalkınma Partisi,AKP,area/malatya,Malatya,26,,https://upload.wikimedia.org/wikipedia/commons/e/ed/Öznur_Çalık.jpg,female,Q19613520,Q19077,
72e4e0e0-c8ff-4d12-bd3c-3a16523397c4,Öztürk Yılmaz,Öztürk Yılmaz,,,,Cumhuriyet Halk Partisi,CHP,area/ardahan,Ardahan,26,,https://upload.wikimedia.org/wikipedia/commons/a/ac/Ozturk_Yilmaz.jpg,male,Q21528341,Q19079,
17e86598-5e48-4bfa-9a51-bbf6e456e322,Ümit Özdağ,Ümit Özdağ,,UmitOzdag,,Milliyetçi Hareket Partisi,MHP,area/gaziantep,Gaziantep,26,,https://upload.wikimedia.org/wikipedia/commons/1/1f/Ümit_Özdağ_(cropped).jpg,male,Q6097526,Q251077,
074571aa-70e9-4188-adf0-0ff52d4b70ab,Ünal Demirtaş,Ünal Demirtaş,,,,Cumhuriyet Halk Partisi,CHP,area/zonguldak,Zonguldak,26,,,,Q25476522,Q19079,
13ce3765-d1e5-44db-8da6-2bfed2e95ec7,İbrahim Aydemir,İbrahim Aydemir,,,,Adalet ve Kalkınma Partisi,AKP,area/erzurum,Erzurum,26,,,,,Q19077,
f94b8329-ca17-482d-9e85-f4fb63bcf925,İbrahim Aydın,İbrahim Aydın,,,,Adalet ve Kalkınma Partisi,AKP,area/antalya,Antalya,26,,,,,Q19077,
ef756904-1e92-42e1-be10-04bb201a13ea,İbrahim Ayhan,İbrahim Ayhan,,,,Halkların Demokratik Partisi,HDP,area/Şanlıurfa,Şanlıurfa,26,,https://upload.wikimedia.org/wikipedia/commons/5/54/İbrahim_Ayhan_(cropped).jpg,male,Q17046834,Q15123187,
3b2a473f-e6c0-4208-bfc4-f54151db61a0,İbrahim Halil Fırat,İbrahim Halil Fırat,,,,Adalet ve Kalkınma Partisi,AKP,area/adıyaman,Adıyaman,26,,,male,Q20195222,Q19077,
7a5f9a1f-7b9d-41e2-96e2-bfd336706ba2,İbrahim Halil Yıldız,İbrahim Halil Yıldız,,,,Adalet ve Kalkınma Partisi,AKP,area/Şanlıurfa,Şanlıurfa,26,,,,,Q19077,
0cb7aedc-ef26-4412-ad74-9fdb95d32426,İbrahim Mustafa Turhan,İbrahim Mustafa Turhan,,,,Adalet ve Kalkınma Partisi,AKP,area/İzmir_(ii),İzmir (II),26,,,,,Q19077,
be0bc8fe-664f-4c99-8607-41180f3c25a7,İbrahim Özdiş,İbrahim Özdiş,,,,Cumhuriyet Halk Partisi,CHP,area/adana,Adana,26,,,male,Q20090971,Q19079,
b524428b-6fff-4f3b-9b63-d7e01c643e50,İdris Baluken,İdris Baluken,,idrisbaluken,,Halkların Demokratik Partisi,HDP,area/diyarbakır,Diyarbakır,26,,https://upload.wikimedia.org/wikipedia/commons/e/ea/İdris_Baluken_(portrait).jpg,male,Q20085709,Q15123187,
b9dbcb82-4378-42f5-9742-89abbdc7e4ae,İlhan Cihaner,İlhan Cihaner,,,,Cumhuriyet Halk Partisi,CHP,area/İstanbul_(iii),İstanbul (III),26,,https://upload.wikimedia.org/wikipedia/commons/b/b4/Cihaner-Ilhan.jpg,male,Q343585,Q19079,
e644bd17-0d1d-414a-b4d3-31191a057456,İlhan Kesici,İlhan Kesici,,,,Cumhuriyet Halk Partisi,CHP,area/İstanbul_(i),İstanbul (I),26,,https://upload.wikimedia.org/wikipedia/commons/d/dc/İlhan_Kesici.jpg,male,Q6053556,Q19079,
3baac732-b004-4639-b965-41dec7ccd4c6,İlknur İnceöz,İlknur İnceöz,,,,Adalet ve Kalkınma Partisi,AKP,area/aksaray,Aksaray,26,,,female,Q6021969,Q19077,
c9a876e4-f30d-41e7-bdcb-0a7e4095a729,İlyas Şeker,İlyas Şeker,,,,Adalet ve Kalkınma Partisi,AKP,area/kocaeli,Kocaeli,26,,,male,Q23920991,Q19077,
9d85f9ed-7f4a-4b30-a7b1-23e8235121ed,İmam Taşçıer,İmam Taşçıer,,,,Halkların Demokratik Partisi,HDP,area/diyarbakır,Diyarbakır,26,,,,Q21528377,Q15123187,
eacc097c-7e51-449d-b9d1-5019a915554e,İmran Kılıç,İmran Kılıç,,,,Adalet ve Kalkınma Partisi,AKP,area/kahramanmaraş,Kahramanmaraş,26,,,,,Q19077,
285b7c58-5fb8-45ed-a230-d200ed3b84a3,İrfan Bakır,İrfan Bakır,,,,Cumhuriyet Halk Partisi,CHP,area/isparta,Isparta,26,,,,,Q19079,
ea20f7f5-7737-4258-918d-709813f4e770,İshak Gazel,İshak Gazel,,,,Adalet ve Kalkınma Partisi,AKP,area/kütahya,Kütahya,26,,,,,Q19077,
b455bf14-b97e-4fa0-beae-806905b587fe,İsmail Aydın,İsmail Aydın,,,,Adalet ve Kalkınma Partisi,AKP,area/bursa,Bursa,26,,,,,Q19077,
6681683e-da78-4350-b711-7623e4033dd1,İsmail Bilen,İsmail Bilen,,,,Adalet ve Kalkınma Partisi,AKP,area/manisa,Manisa,26,,,male,Q6023182,Q19077,
850f52c5-361a-4f34-ae68-e5de9ed3749f,İsmail Emrah Karayel,İsmail Emrah Karayel,,,,Adalet ve Kalkınma Partisi,AKP,area/kayseri,Kayseri,26,,,male,Q6079003,Q19077,
6f3eef34-c12f-4dbd-9c41-fc685960dd82,İsmail Faruk Aksu,İsmail Faruk Aksu,,,,Milliyetçi Hareket Partisi,MHP,area/İstanbul_(iii),İstanbul (III),26,,,,,Q251077,
96e3a636-f765-4837-be87-acd2727c0b6d,İsmail Kahraman,İsmail Kahraman,,,,Adalet ve Kalkınma Partisi,AKP,area/İstanbul_(i),İstanbul (I),26,,https://upload.wikimedia.org/wikipedia/commons/8/84/MeclisBaskani.jpg,male,Q6043452,Q19077,
06613575-46d6-4274-9a18-d52996a8b59a,İsmail Ok,İsmail Ok,,,,Milliyetçi Hareket Partisi,MHP,area/balıkesir,Balıkesir,26,,,male,Q20477088,Q251077,
32f54d46-6acb-4628-9d63-5ed9fbafac95,İsmail Tamer,İsmail Tamer,,,,Adalet ve Kalkınma Partisi,AKP,area/kayseri,Kayseri,26,,,,,Q19077,
62a16864-a9bd-42aa-adb4-e2cd2a3c46cc,İsmet Büyükataman,İsmet Büyükataman,,,,Milliyetçi Hareket Partisi,MHP,area/bursa,Bursa,26,,,,Q21528397,Q251077,
ef25fde4-4114-4d2c-ad91-b1f1e1873f39,İsmet Uçma,İsmet Uçma,,,,Adalet ve Kalkınma Partisi,AKP,area/İstanbul_(i),İstanbul (I),26,,,male,Q23921010,Q19077,
9948b890-51de-448a-9707-a36f83f0f802,İsmet Yılmaz,İsmet Yılmaz,,,,Adalet ve Kalkınma Partisi,AKP,area/sivas,Sivas,26,,https://upload.wikimedia.org/wikipedia/commons/9/90/İsmet_Yılmaz.jpg,male,Q8080224,Q19077,
27a9de0a-9cb5-4424-854d-00225fbeb413,İsrafil Kışla,İsrafil Kışla,,,,Adalet ve Kalkınma Partisi,AKP,area/artvin,Artvin,26,,,male,Q6008289,Q19077,
f5fd7239-663d-4af5-a30b-59833b3458b4,İzzet Ulvi Yönter,İzzet Ulvi Yönter,,,,Milliyetçi Hareket Partisi,MHP,area/İstanbul_(i),İstanbul (I),26,,,,,Q251077,
e1ddff2f-edd8-4662-9ba1-713c041eff7c,Şaban Dişli,Şaban Dişli,,,,Adalet ve Kalkınma Partisi,AKP,area/sakarya,Sakarya,26,,,male,Q6067727,Q19077,
a8a78f71-4cd4-42db-b19e-bbf82e7ba20e,Şafak Pavey,Şafak Pavey,,safakpavey,,Cumhuriyet Halk Partisi,CHP,area/İstanbul_(i),İstanbul (I),26,,https://upload.wikimedia.org/wikipedia/commons/5/5e/Şafak_Pavey_(cropped).jpg,female,Q8082384,Q19079,
5c2de04b-db2a-4491-985d-645fd70e3217,Şahap Kavcıoğlu,Şahap Kavcıoğlu,,,,Adalet ve Kalkınma Partisi,AKP,area/bayburt,Bayburt,26,,,,,Q19077,
667610ad-ef05-4e58-b975-376830ca92dd,Şahin Tin,Şahin Tin,,,,Adalet ve Kalkınma Partisi,AKP,area/denizli,Denizli,26,,,,,Q19077,
afb0b213-f503-495b-91a1-494d1dd445d6,Şamil Tayyar,Şamil Tayyar,,samiltayyar27,,Adalet ve Kalkınma Partisi,AKP,area/gaziantep,Gaziantep,26,,https://upload.wikimedia.org/wikipedia/commons/2/2e/Şamiltayyar.png,male,Q6091919,Q19077,
364ff5bf-2acd-4e3a-a47c-c1d40e5cabc0,Şefkat Çetin,Şefkat Çetin,,,,Milliyetçi Hareket Partisi,MHP,area/ankara_(ii),Ankara (II),26,,https://upload.wikimedia.org/wikipedia/commons/a/ab/Şefkatçetin.png,male,Q26234887,Q251077,
fdbe32f4-7060-4011-ae0b-d07f80911952,Şenal Sarıhan,Şenal Sarıhan,,senalsarihanchp,,Cumhuriyet Halk Partisi,CHP,area/ankara_(ii),Ankara (II),26,,https://upload.wikimedia.org/wikipedia/commons/5/57/Şenal_Sarıhan.jpg,female,Q7449959,Q19079,
37fce621-1ed2-47bc-9849-674a7ccad478,Şerafettin Turpcu,Şerafettin Turpcu,,,,Cumhuriyet Halk Partisi,CHP,area/zonguldak,Zonguldak,26,,,male,Q25476523,Q19079,
48f81ebd-1960-4415-8aee-56a063fdfa27,Şirin Ünal,Şirin Ünal,,,,Adalet ve Kalkınma Partisi,AKP,area/İstanbul_(ii),İstanbul (II),26,,,,,Q19077,
