id,name,photo,email,source,given_name,family_name,start_date,end_date,party,term
00AFCD693BFADCB8C2257D7B0032D8BD,Atis Lejiņš,http://titania.saeima.lv/personal/deputati/saeima12_depweb_public.nsf/0/00afcd693bfadcb8c2257d7b0032d8bd/Foto/0.84?OpenElement&FieldElemFormat=jpg,Atis.Lejins@saeima.lv,http://titania.saeima.lv/personal/deputati/saeima12_depweb_public.nsf/0/00AFCD693BFADCB8C2257D7B0032D8BD?OpenDocument&lang=EN,Atis,Lejiņš,2014-11-04,,Unity,12
00D558703F29FD2AC2257D7B0032D7C1,Juris Viļums,http://titania.saeima.lv/personal/deputati/saeima12_depweb_public.nsf/0/00d558703f29fd2ac2257d7b0032d7c1/Foto/0.84?OpenElement&FieldElemFormat=jpg,Juris.Vilums@saeima.lv,http://titania.saeima.lv/personal/deputati/saeima12_depweb_public.nsf/0/00D558703F29FD2AC2257D7B0032D7C1?OpenDocument&lang=EN,Juris,Viļums,2014-11-04,2017-06-21,Latvian Regional Alliance,12
00D558703F29FD2AC2257D7B0032D7C1,Juris Viļums,http://titania.saeima.lv/personal/deputati/saeima12_depweb_public.nsf/0/00d558703f29fd2ac2257d7b0032d7c1/Foto/0.84?OpenElement&FieldElemFormat=jpg,Juris.Vilums@saeima.lv,http://titania.saeima.lv/personal/deputati/saeima12_depweb_public.nsf/0/00D558703F29FD2AC2257D7B0032D7C1?OpenDocument&lang=EN,Juris,Viļums,2017-06-21,,Latvian Regional Alliance,12
036FCBE277D5FA94C2257D7B0032D8DB,Kārlis Seržants,http://titania.saeima.lv/personal/deputati/saeima12_depweb_public.nsf/0/036fcbe277d5fa94c2257d7b0032d8db/Foto/0.84?OpenElement&FieldElemFormat=jpg,Karlis.Serzants@saeima.lv,http://titania.saeima.lv/personal/deputati/saeima12_depweb_public.nsf/0/036FCBE277D5FA94C2257D7B0032D8DB?OpenDocument&lang=EN,Kārlis,Seržants,2014-11-04,,Union of Greens and Farmers,12
04CFBA7C2217F6D3C2257D7B0032DA1E,Janīna Kursīte-Pakule,http://titania.saeima.lv/personal/deputati/saeima12_depweb_public.nsf/0/04cfba7c2217f6d3c2257d7b0032da1e/Foto/0.84?OpenElement&FieldElemFormat=jpg,Janina.Kursite@saeima.lv,http://titania.saeima.lv/personal/deputati/saeima12_depweb_public.nsf/0/04CFBA7C2217F6D3C2257D7B0032DA1E?OpenDocument&lang=EN,Janīna,Kursīte-Pakule,2014-11-04,,National Alliance &#34;All For Latvia!&#34; – &#34;For Fatherland and Freedom/LNNK&#34;,12
07F220D580B4B6A8C2257D7B0032D900,Armands Krauze,http://titania.saeima.lv/personal/deputati/saeima12_depweb_public.nsf/0/07f220d580b4b6a8c2257d7b0032d900/Foto/0.84?OpenElement&FieldElemFormat=jpg,Armands.Krauze@saeima.lv,http://titania.saeima.lv/personal/deputati/saeima12_depweb_public.nsf/0/07F220D580B4B6A8C2257D7B0032D900?OpenDocument&lang=EN,Armands,Krauze,2014-11-04,2016-02-17,Union of Greens and Farmers,12
07F220D580B4B6A8C2257D7B0032D900,Armands Krauze,http://titania.saeima.lv/personal/deputati/saeima12_depweb_public.nsf/0/07f220d580b4b6a8c2257d7b0032d900/Foto/0.84?OpenElement&FieldElemFormat=jpg,Armands.Krauze@saeima.lv,http://titania.saeima.lv/personal/deputati/saeima12_depweb_public.nsf/0/07F220D580B4B6A8C2257D7B0032D900?OpenDocument&lang=EN,Armands,Krauze,2016-02-17,,Union of Greens and Farmers,12
0AC4F923C652D2ADC2257D7B0032D9BA,Inguna Rībena,http://titania.saeima.lv/personal/deputati/saeima12_depweb_public.nsf/0/0ac4f923c652d2adc2257d7b0032d9ba/Foto/0.84?OpenElement&FieldElemFormat=jpg,Inguna.Ribena@saeima.lv,http://titania.saeima.lv/personal/deputati/saeima12_depweb_public.nsf/0/0AC4F923C652D2ADC2257D7B0032D9BA?OpenDocument&lang=EN,Inguna,Rībena,2014-11-04,,National Alliance &#34;All For Latvia!&#34; – &#34;For Fatherland and Freedom/LNNK&#34;,12
0F66CC797D04BF5DC2257D7B0032D7F5,Andrejs Klementjevs,http://titania.saeima.lv/personal/deputati/saeima12_depweb_public.nsf/0/0f66cc797d04bf5dc2257d7b0032d7f5/Foto/0.84?OpenElement&FieldElemFormat=jpg,Andrejs.Klementjevs@saeima.lv,http://titania.saeima.lv/personal/deputati/saeima12_depweb_public.nsf/0/0F66CC797D04BF5DC2257D7B0032D7F5?OpenDocument&lang=EN,Andrejs,Klementjevs,2014-11-04,,Concord,12
12B6D57F344C49B7C2257D7B0032D7F4,Jānis Urbanovičs,http://titania.saeima.lv/personal/deputati/saeima12_depweb_public.nsf/0/12b6d57f344c49b7c2257d7b0032d7f4/Foto/0.84?OpenElement&FieldElemFormat=jpg,Janis.Urbanovics@saeima.lv,http://titania.saeima.lv/personal/deputati/saeima12_depweb_public.nsf/0/12B6D57F344C49B7C2257D7B0032D7F4?OpenDocument&lang=EN,Jānis,Urbanovičs,2014-11-04,,Concord,12
13FA8079F305C84AC2257D7B0032D88C,Ainars Latkovskis,http://titania.saeima.lv/personal/deputati/saeima12_depweb_public.nsf/0/13fa8079f305c84ac2257d7b0032d88c/Foto/0.84?OpenElement&FieldElemFormat=jpg,Ainars.Latkovskis@saeima.lv,http://titania.saeima.lv/personal/deputati/saeima12_depweb_public.nsf/0/13FA8079F305C84AC2257D7B0032D88C?OpenDocument&lang=EN,Ainars,Latkovskis,2014-11-04,,Unity,12
14FFBCF326EC49E2C2257D7B0032D83A,Aleksandrs Jakimovs,http://titania.saeima.lv/personal/deputati/saeima12_depweb_public.nsf/0/14ffbcf326ec49e2c2257d7b0032d83a/Foto/0.84?OpenElement&FieldElemFormat=jpg,Aleksandrs.Jakimovs@saeima.lv,http://titania.saeima.lv/personal/deputati/saeima12_depweb_public.nsf/0/14FFBCF326EC49E2C2257D7B0032D83A?OpenDocument&lang=EN,Aleksandrs,Jakimovs,2015-10-29,,Concord,12
1A6B13C5EC34802EC2257D7B0032D7A8,Jānis Ruks,http://titania.saeima.lv/personal/deputati/saeima12_depweb_public.nsf/0/1a6b13c5ec34802ec2257d7b0032d7a8/Foto/0.84?OpenElement&FieldElemFormat=jpg,Janis.Ruks@saeima.lv,http://titania.saeima.lv/personal/deputati/saeima12_depweb_public.nsf/0/1A6B13C5EC34802EC2257D7B0032D7A8?OpenDocument&lang=EN,Jānis,Ruks,2014-11-04,,Latvian Regional Alliance,12
1B0C8EFDF45CE28CC2257D7B0032D9DF,Gunārs Rusiņš,http://titania.saeima.lv/personal/deputati/saeima12_depweb_public.nsf/0/1b0c8efdf45ce28cc2257d7b0032d9df/Foto/0.84?OpenElement&FieldElemFormat=jpg,Gunars.Rusins@saeima.lv,http://titania.saeima.lv/personal/deputati/saeima12_depweb_public.nsf/0/1B0C8EFDF45CE28CC2257D7B0032D9DF?OpenDocument&lang=EN,Gunārs,Rusiņš,2014-12-04,2015-05-28,National Alliance &#34;All For Latvia!&#34; – &#34;For Fatherland and Freedom/LNNK&#34;,12
1E94F41F3FBBF53EC2257D7B0032D857,Valērijs Agešins,http://titania.saeima.lv/personal/deputati/saeima12_depweb_public.nsf/0/1e94f41f3fbbf53ec2257d7b0032d857/Foto/0.84?OpenElement&FieldElemFormat=jpg,Valerijs.Agesins@saeima.lv,http://titania.saeima.lv/personal/deputati/saeima12_depweb_public.nsf/0/1E94F41F3FBBF53EC2257D7B0032D857?OpenDocument&lang=EN,Valērijs,Agešins,2014-11-04,2017-06-21,Concord,12
24053F6D9FB3426BC2257D7B0032D9B8,Einārs Cilinskis,http://titania.saeima.lv/personal/deputati/saeima12_depweb_public.nsf/0/24053f6d9fb3426bc2257d7b0032d9b8/Foto/0.84?OpenElement&FieldElemFormat=jpg,Einars.Cilinskis@saeima.lv,http://titania.saeima.lv/personal/deputati/saeima12_depweb_public.nsf/0/24053F6D9FB3426BC2257D7B0032D9B8?OpenDocument&lang=EN,Einārs,Cilinskis,2014-11-04,2015-01-07,National Alliance &#34;All For Latvia!&#34; – &#34;For Fatherland and Freedom/LNNK&#34;,12
24053F6D9FB3426BC2257D7B0032D9B8,Einārs Cilinskis,http://titania.saeima.lv/personal/deputati/saeima12_depweb_public.nsf/0/24053f6d9fb3426bc2257d7b0032d9b8/Foto/0.84?OpenElement&FieldElemFormat=jpg,Einars.Cilinskis@saeima.lv,http://titania.saeima.lv/personal/deputati/saeima12_depweb_public.nsf/0/24053F6D9FB3426BC2257D7B0032D9B8?OpenDocument&lang=EN,Einārs,Cilinskis,2015-01-07,2015-06-17,National Alliance &#34;All For Latvia!&#34; – &#34;For Fatherland and Freedom/LNNK&#34;,12
24053F6D9FB3426BC2257D7B0032D9B8,Einārs Cilinskis,http://titania.saeima.lv/personal/deputati/saeima12_depweb_public.nsf/0/24053f6d9fb3426bc2257d7b0032d9b8/Foto/0.84?OpenElement&FieldElemFormat=jpg,Einars.Cilinskis@saeima.lv,http://titania.saeima.lv/personal/deputati/saeima12_depweb_public.nsf/0/24053F6D9FB3426BC2257D7B0032D9B8?OpenDocument&lang=EN,Einārs,Cilinskis,2015-06-17,,National Alliance &#34;All For Latvia!&#34; – &#34;For Fatherland and Freedom/LNNK&#34;,12
2A456B811618FE4EC2257D7B0032D930,Juris Vectirāns,http://titania.saeima.lv/personal/deputati/saeima12_depweb_public.nsf/0/2a456b811618fe4ec2257d7b0032d930/Foto/0.84?OpenElement&FieldElemFormat=jpg,Juris.Vectirans@saeima.lv,http://titania.saeima.lv/personal/deputati/saeima12_depweb_public.nsf/0/2A456B811618FE4EC2257D7B0032D930?OpenDocument&lang=EN,Juris,Vectirāns,2014-11-05,,Union of Greens and Farmers,12
3027CB184B490DB0C2257D7B0032D7F9,Artūrs Rubiks,http://titania.saeima.lv/personal/deputati/saeima12_depweb_public.nsf/0/3027cb184b490db0c2257d7b0032d7f9/Foto/0.84?OpenElement&FieldElemFormat=jpg,Arturs.Rubiks@saeima.lv,http://titania.saeima.lv/personal/deputati/saeima12_depweb_public.nsf/0/3027CB184B490DB0C2257D7B0032D7F9?OpenDocument&lang=EN,Artūrs,Rubiks,2014-11-04,,Concord,12
31D2A50601CB5C40C2257D7B0032D9DB,Ināra Mūrniece,http://titania.saeima.lv/personal/deputati/saeima12_depweb_public.nsf/0/31d2a50601cb5c40c2257d7b0032d9db/Foto/0.84?OpenElement&FieldElemFormat=jpg,Inara.Murniece@saeima.lv,http://titania.saeima.lv/personal/deputati/saeima12_depweb_public.nsf/0/31D2A50601CB5C40C2257D7B0032D9DB?OpenDocument&lang=EN,Ināra,Mūrniece,2014-11-04,,National Alliance &#34;All For Latvia!&#34; – &#34;For Fatherland and Freedom/LNNK&#34;,12
330FF9A3C41224C0C2257D7B0032D835,Jānis Tutins,http://titania.saeima.lv/personal/deputati/saeima12_depweb_public.nsf/0/330ff9a3c41224c0c2257d7b0032d835/Foto/0.84?OpenElement&FieldElemFormat=jpg,Janis.Tutins@saeima.lv,http://titania.saeima.lv/personal/deputati/saeima12_depweb_public.nsf/0/330FF9A3C41224C0C2257D7B0032D835?OpenDocument&lang=EN,Jānis,Tutins,2014-11-04,,Concord,12
336908F2A605F391C2257D7B0032D803,Igors Pimenovs,http://titania.saeima.lv/personal/deputati/saeima12_depweb_public.nsf/0/336908f2a605f391c2257d7b0032d803/Foto/0.84?OpenElement&FieldElemFormat=jpg,Igors.Pimenovs@saeima.lv,http://titania.saeima.lv/personal/deputati/saeima12_depweb_public.nsf/0/336908F2A605F391C2257D7B0032D803?OpenDocument&lang=EN,Igors,Pimenovs,2014-11-04,2016-01-27,Concord,12
336908F2A605F391C2257D7B0032D803,Igors Pimenovs,http://titania.saeima.lv/personal/deputati/saeima12_depweb_public.nsf/0/336908f2a605f391c2257d7b0032d803/Foto/0.84?OpenElement&FieldElemFormat=jpg,Igors.Pimenovs@saeima.lv,http://titania.saeima.lv/personal/deputati/saeima12_depweb_public.nsf/0/336908F2A605F391C2257D7B0032D803?OpenDocument&lang=EN,Igors,Pimenovs,2016-01-27,,Concord,12
36B43BB0CC9713B6C2257D7B0032D93E,Aija Barča,http://titania.saeima.lv/personal/deputati/saeima12_depweb_public.nsf/0/36b43bb0cc9713b6c2257d7b0032d93e/Foto/0.84?OpenElement&FieldElemFormat=jpg,Aija.Barca@saeima.lv,http://titania.saeima.lv/personal/deputati/saeima12_depweb_public.nsf/0/36B43BB0CC9713B6C2257D7B0032D93E?OpenDocument&lang=EN,Aija,Barča,2014-11-04,,Union of Greens and Farmers,12
3760E326BDD2D921C2257D7B0032D7D3,Dainis Liepiņš,http://titania.saeima.lv/personal/deputati/saeima12_depweb_public.nsf/0/3760e326bdd2d921c2257d7b0032d7d3/Foto/0.84?OpenElement&FieldElemFormat=jpg,Dainis.Liepins@saeima.lv,http://titania.saeima.lv/personal/deputati/saeima12_depweb_public.nsf/0/3760E326BDD2D921C2257D7B0032D7D3?OpenDocument&lang=EN,Dainis,Liepiņš,2014-11-04,2016-08-01,Latvian Regional Alliance,12
395ACA521F7CCA51C2257D7B0032D94C,Valdis Skujiņš,http://titania.saeima.lv/personal/deputati/saeima12_depweb_public.nsf/0/395aca521f7cca51c2257d7b0032d94c/Foto/0.84?OpenElement&FieldElemFormat=jpg,Valdis.Skujins@saeima.lv,http://titania.saeima.lv/personal/deputati/saeima12_depweb_public.nsf/0/395ACA521F7CCA51C2257D7B0032D94C?OpenDocument&lang=EN,Valdis,Skujiņš,2014-11-04,,Union of Greens and Farmers,12
395CB65CCA31C04AC2257D7B0032D8A8,Aldis Adamovičs,http://titania.saeima.lv/personal/deputati/saeima12_depweb_public.nsf/0/395cb65cca31c04ac2257d7b0032d8a8/Foto/0.84?OpenElement&FieldElemFormat=jpg,Aldis.Adamovics@saeima.lv,http://titania.saeima.lv/personal/deputati/saeima12_depweb_public.nsf/0/395CB65CCA31C04AC2257D7B0032D8A8?OpenDocument&lang=EN,Aldis,Adamovičs,2014-11-04,2016-02-11,Unity,12
395CB65CCA31C04AC2257D7B0032D8A8,Aldis Adamovičs,http://titania.saeima.lv/personal/deputati/saeima12_depweb_public.nsf/0/395cb65cca31c04ac2257d7b0032d8a8/Foto/0.84?OpenElement&FieldElemFormat=jpg,Aldis.Adamovics@saeima.lv,http://titania.saeima.lv/personal/deputati/saeima12_depweb_public.nsf/0/395CB65CCA31C04AC2257D7B0032D8A8?OpenDocument&lang=EN,Aldis,Adamovičs,2016-02-11,,Unity,12
3C3DDE85AB52B94CC2257D7B0032D847,Vitālijs Orlovs,http://titania.saeima.lv/personal/deputati/saeima12_depweb_public.nsf/0/3c3dde85ab52b94cc2257d7b0032d847/Foto/0.84?OpenElement&FieldElemFormat=jpg,Vitalijs.Orlovs@saeima.lv,http://titania.saeima.lv/personal/deputati/saeima12_depweb_public.nsf/0/3C3DDE85AB52B94CC2257D7B0032D847?OpenDocument&lang=EN,Vitālijs,Orlovs,2014-11-04,,Concord,12
406F390A55A7EE1CC2257D7B0032D9C2,Andris Vilks,http://titania.saeima.lv/personal/deputati/saeima12_depweb_public.nsf/0/406f390a55a7ee1cc2257d7b0032d9c2/Foto/0.84?OpenElement&FieldElemFormat=jpg,Andris.Vilks@saeima.lv,http://titania.saeima.lv/personal/deputati/saeima12_depweb_public.nsf/0/406F390A55A7EE1CC2257D7B0032D9C2?OpenDocument&lang=EN,Andris,Vilks,2014-11-05,2015-03-05,National Alliance &#34;All For Latvia!&#34; – &#34;For Fatherland and Freedom/LNNK&#34;,12
43F9D0E660EECBD0C2257D7B0032D897,Romualds Ražuks,http://titania.saeima.lv/personal/deputati/saeima12_depweb_public.nsf/0/43f9d0e660eecbd0c2257d7b0032d897/Foto/0.84?OpenElement&FieldElemFormat=jpg,Romualds.Razuks@saeima.lv,http://titania.saeima.lv/personal/deputati/saeima12_depweb_public.nsf/0/43F9D0E660EECBD0C2257D7B0032D897?OpenDocument&lang=EN,Romualds,Ražuks,2014-11-04,,Unity,12
4460384B6DEFF1E6C2257D7B0032D7A4,Mārtiņš Bondars,http://titania.saeima.lv/personal/deputati/saeima12_depweb_public.nsf/0/4460384b6deff1e6c2257d7b0032d7a4/Foto/0.84?OpenElement&FieldElemFormat=jpg,Martins.Bondars@saeima.lv,http://titania.saeima.lv/personal/deputati/saeima12_depweb_public.nsf/0/4460384B6DEFF1E6C2257D7B0032D7A4?OpenDocument&lang=EN,Mārtiņš,Bondars,2014-11-04,2016-08-03,Latvian Regional Alliance,12
4460384B6DEFF1E6C2257D7B0032D7A4,Mārtiņš Bondars,http://titania.saeima.lv/personal/deputati/saeima12_depweb_public.nsf/0/4460384b6deff1e6c2257d7b0032d7a4/Foto/0.84?OpenElement&FieldElemFormat=jpg,Martins.Bondars@saeima.lv,http://titania.saeima.lv/personal/deputati/saeima12_depweb_public.nsf/0/4460384B6DEFF1E6C2257D7B0032D7A4?OpenDocument&lang=EN,Mārtiņš,Bondars,2016-08-03,2017-06-21,Latvian Regional Alliance,12
46B12B86654CE55BC2257D7B0032D83B,Vladimirs Nikonovs,http://titania.saeima.lv/personal/deputati/saeima12_depweb_public.nsf/0/46b12b86654ce55bc2257d7b0032d83b/Foto/0.84?OpenElement&FieldElemFormat=jpg,Vladimirs.Nikonovs@saeima.lv,http://titania.saeima.lv/personal/deputati/saeima12_depweb_public.nsf/0/46B12B86654CE55BC2257D7B0032D83B?OpenDocument&lang=EN,Vladimirs,Nikonovs,2014-11-04,,Concord,12
498CF455CA6CCE8CC2257D7B0032D7A3,Artuss Kaimiņš,http://titania.saeima.lv/personal/deputati/saeima12_depweb_public.nsf/0/498cf455ca6cce8cc2257d7b0032d7a3/Foto/0.84?OpenElement&FieldElemFormat=jpg,Artuss.Kaimins@saeima.lv,http://titania.saeima.lv/personal/deputati/saeima12_depweb_public.nsf/0/498CF455CA6CCE8CC2257D7B0032D7A3?OpenDocument&lang=EN,Artuss,Kaimiņš,2014-11-04,2015-12-16,Latvian Regional Alliance,12
498CF455CA6CCE8CC2257D7B0032D7A3,Artuss Kaimiņš,http://titania.saeima.lv/personal/deputati/saeima12_depweb_public.nsf/0/498cf455ca6cce8cc2257d7b0032d7a3/Foto/0.84?OpenElement&FieldElemFormat=jpg,Artuss.Kaimins@saeima.lv,http://titania.saeima.lv/personal/deputati/saeima12_depweb_public.nsf/0/498CF455CA6CCE8CC2257D7B0032D7A3?OpenDocument&lang=EN,Artuss,Kaimiņš,2015-12-16,,Unaffiliated members of parliament,12
49FBB0ADF3F0B9BBC2257D7B0032D9DC,Rihards Kols,http://titania.saeima.lv/personal/deputati/saeima12_depweb_public.nsf/0/49fbb0adf3f0b9bbc2257d7b0032d9dc/Foto/0.84?OpenElement&FieldElemFormat=jpg,Rihards.Kols@saeima.lv,http://titania.saeima.lv/personal/deputati/saeima12_depweb_public.nsf/0/49FBB0ADF3F0B9BBC2257D7B0032D9DC?OpenDocument&lang=EN,Rihards,Kols,2014-11-04,,National Alliance &#34;All For Latvia!&#34; – &#34;For Fatherland and Freedom/LNNK&#34;,12
4D842DE548E4B7F3C2257D7B0032DA18,Gaidis Bērziņš,http://titania.saeima.lv/personal/deputati/saeima12_depweb_public.nsf/0/4d842de548e4b7f3c2257d7b0032da18/Foto/0.84?OpenElement&FieldElemFormat=jpg,Gaidis.Berzins@saeima.lv,http://titania.saeima.lv/personal/deputati/saeima12_depweb_public.nsf/0/4D842DE548E4B7F3C2257D7B0032DA18?OpenDocument&lang=EN,Gaidis,Bērziņš,2014-11-05,2015-06-17,National Alliance &#34;All For Latvia!&#34; – &#34;For Fatherland and Freedom/LNNK&#34;,12
4D842DE548E4B7F3C2257D7B0032DA18,Gaidis Bērziņš,http://titania.saeima.lv/personal/deputati/saeima12_depweb_public.nsf/0/4d842de548e4b7f3c2257d7b0032da18/Foto/0.84?OpenElement&FieldElemFormat=jpg,Gaidis.Berzins@saeima.lv,http://titania.saeima.lv/personal/deputati/saeima12_depweb_public.nsf/0/4D842DE548E4B7F3C2257D7B0032DA18?OpenDocument&lang=EN,Gaidis,Bērziņš,2015-06-17,,National Alliance &#34;All For Latvia!&#34; – &#34;For Fatherland and Freedom/LNNK&#34;,12
4D842DE548E4B7F3C2257D7B0032DA18,Gaidis Bērziņš,http://titania.saeima.lv/personal/deputati/saeima12_depweb_public.nsf/0/4d842de548e4b7f3c2257d7b0032da18/Foto/0.84?OpenElement&FieldElemFormat=jpg,Gaidis.Berzins@saeima.lv,http://titania.saeima.lv/personal/deputati/saeima12_depweb_public.nsf/0/4D842DE548E4B7F3C2257D7B0032DA18?OpenDocument&lang=EN,Gaidis,Bērziņš,2014-11-04,2014-11-05,National Alliance of All for Latvia! and For Fatherland and Freedom/LNNK,12
4DC72BA1459C6549C2257D7B0032D88B,Inesis Boķis,http://titania.saeima.lv/personal/deputati/saeima12_depweb_public.nsf/0/4dc72ba1459c6549c2257d7b0032d88b/Foto/0.84?OpenElement&FieldElemFormat=jpg,Inesis.Bokis@saeima.lv,http://titania.saeima.lv/personal/deputati/saeima12_depweb_public.nsf/0/4DC72BA1459C6549C2257D7B0032D88B?OpenDocument&lang=EN,Inesis,Boķis,2014-11-04,,Unity,12
50346B44759174A5C2257D7B0032D91C,Jānis Klaužs,http://titania.saeima.lv/personal/deputati/saeima12_depweb_public.nsf/0/50346b44759174a5c2257d7b0032d91c/Foto/0.84?OpenElement&FieldElemFormat=jpg,Janis.Klauzs@saeima.lv,http://titania.saeima.lv/personal/deputati/saeima12_depweb_public.nsf/0/50346B44759174A5C2257D7B0032D91C?OpenDocument&lang=EN,Jānis,Klaužs,2014-11-04,,Union of Greens and Farmers,12
512766ACADE756C8C2257D7B0032D8FE,Ingmārs Līdaka,http://titania.saeima.lv/personal/deputati/saeima12_depweb_public.nsf/0/512766acade756c8c2257d7b0032d8fe/Foto/0.84?OpenElement&FieldElemFormat=jpg,Ingmars.Lidaka@saeima.lv,http://titania.saeima.lv/personal/deputati/saeima12_depweb_public.nsf/0/512766ACADE756C8C2257D7B0032D8FE?OpenDocument&lang=EN,Ingmārs,Līdaka,2014-11-04,,Union of Greens and Farmers,12
5295A6D05528C9C8C2257D7B0032D8CB,Ints Dālderis,http://titania.saeima.lv/personal/deputati/saeima12_depweb_public.nsf/0/5295a6d05528c9c8c2257d7b0032d8cb/Foto/0.84?OpenElement&FieldElemFormat=jpg,Ints.Dalderis@saeima.lv,http://titania.saeima.lv/personal/deputati/saeima12_depweb_public.nsf/0/5295A6D05528C9C8C2257D7B0032D8CB?OpenDocument&lang=EN,Ints,Dālderis,2014-11-04,,Unity,12
533304A24608EF73C2257D7B0032D804,Mihails Zemļinskis,http://titania.saeima.lv/personal/deputati/saeima12_depweb_public.nsf/0/533304a24608ef73c2257d7b0032d804/Foto/0.84?OpenElement&FieldElemFormat=jpg,Mihails.Zemlinskis@saeima.lv,http://titania.saeima.lv/personal/deputati/saeima12_depweb_public.nsf/0/533304A24608EF73C2257D7B0032D804?OpenDocument&lang=EN,Mihails,Zemļinskis,2014-11-04,,Concord,12
5399032058DD8EF1C2257D7B0032D8CC,Inese Lībiņa-Egnere,http://titania.saeima.lv/personal/deputati/saeima12_depweb_public.nsf/0/5399032058dd8ef1c2257d7b0032d8cc/Foto/0.84?OpenElement&FieldElemFormat=jpg,Inese.Libina-Egnere@saeima.lv,http://titania.saeima.lv/personal/deputati/saeima12_depweb_public.nsf/0/5399032058DD8EF1C2257D7B0032D8CC?OpenDocument&lang=EN,Inese,Lībiņa-Egnere,2014-11-04,,Unity,12
55549C9446030C09C2257D7B0032D839,Jeļena Lazareva,http://titania.saeima.lv/personal/deputati/saeima12_depweb_public.nsf/0/55549c9446030c09c2257d7b0032d839/Foto/0.84?OpenElement&FieldElemFormat=jpg,Jelena.Lazareva@saeima.lv,http://titania.saeima.lv/personal/deputati/saeima12_depweb_public.nsf/0/55549C9446030C09C2257D7B0032D839?OpenDocument&lang=EN,Jeļena,Lazareva,2017-07-13,,Concord,12
560D085B7FF8054CC2257D7B0032D88E,Kārlis Šadurskis,http://titania.saeima.lv/personal/deputati/saeima12_depweb_public.nsf/0/560d085b7ff8054cc2257d7b0032d88e/Foto/0.84?OpenElement&FieldElemFormat=jpg,Karlis.Sadurskis@saeima.lv,http://titania.saeima.lv/personal/deputati/saeima12_depweb_public.nsf/0/560D085B7FF8054CC2257D7B0032D88E?OpenDocument&lang=EN,Kārlis,Šadurskis,2014-11-04,2014-11-06,Unity,12
560D085B7FF8054CC2257D7B0032D88E,Kārlis Šadurskis,http://titania.saeima.lv/personal/deputati/saeima12_depweb_public.nsf/0/560d085b7ff8054cc2257d7b0032d88e/Foto/0.84?OpenElement&FieldElemFormat=jpg,Karlis.Sadurskis@saeima.lv,http://titania.saeima.lv/personal/deputati/saeima12_depweb_public.nsf/0/560D085B7FF8054CC2257D7B0032D88E?OpenDocument&lang=EN,Kārlis,Šadurskis,2014-11-06,2016-02-11,Unity,12
560D085B7FF8054CC2257D7B0032D88E,Kārlis Šadurskis,http://titania.saeima.lv/personal/deputati/saeima12_depweb_public.nsf/0/560d085b7ff8054cc2257d7b0032d88e/Foto/0.84?OpenElement&FieldElemFormat=jpg,Karlis.Sadurskis@saeima.lv,http://titania.saeima.lv/personal/deputati/saeima12_depweb_public.nsf/0/560D085B7FF8054CC2257D7B0032D88E?OpenDocument&lang=EN,Kārlis,Šadurskis,2016-02-11,2016-02-18,Unity,12
57AA0FD8DE0E2118C2257D7B0032D92C,Augusts Brigmanis,http://titania.saeima.lv/personal/deputati/saeima12_depweb_public.nsf/0/57aa0fd8de0e2118c2257d7b0032d92c/Foto/0.84?OpenElement&FieldElemFormat=jpg,Augusts.Brigmanis@saeima.lv,http://titania.saeima.lv/personal/deputati/saeima12_depweb_public.nsf/0/57AA0FD8DE0E2118C2257D7B0032D92C?OpenDocument&lang=EN,Augusts,Brigmanis,2014-11-04,,Union of Greens and Farmers,12
5AE8EB7CD52C0256C2257D7B0032D902,Ainārs Mežulis,http://titania.saeima.lv/personal/deputati/saeima12_depweb_public.nsf/0/5ae8eb7cd52c0256c2257d7b0032d902/Foto/0.84?OpenElement&FieldElemFormat=jpg,Ainars.Mezulis@saeima.lv,http://titania.saeima.lv/personal/deputati/saeima12_depweb_public.nsf/0/5AE8EB7CD52C0256C2257D7B0032D902?OpenDocument&lang=EN,Ainārs,Mežulis,2014-11-04,,Union of Greens and Farmers,12
5D51A02241EAFA9CC2257D7B0032D9BB,Aleksandrs Kiršteins,http://titania.saeima.lv/personal/deputati/saeima12_depweb_public.nsf/0/5d51a02241eafa9cc2257d7b0032d9bb/Foto/0.84?OpenElement&FieldElemFormat=jpg,Aleksandrs.Kirsteins@saeima.lv,http://titania.saeima.lv/personal/deputati/saeima12_depweb_public.nsf/0/5D51A02241EAFA9CC2257D7B0032D9BB?OpenDocument&lang=EN,Aleksandrs,Kiršteins,2014-11-05,,National Alliance &#34;All For Latvia!&#34; – &#34;For Fatherland and Freedom/LNNK&#34;,12
5EE6E6F8516F0B1EC2257D7B0032D868,Ojārs Ēriks Kalniņš,http://titania.saeima.lv/personal/deputati/saeima12_depweb_public.nsf/0/5ee6e6f8516f0b1ec2257d7b0032d868/Foto/0.84?OpenElement&FieldElemFormat=jpg,Ojars.Kalnins@saeima.lv,http://titania.saeima.lv/personal/deputati/saeima12_depweb_public.nsf/0/5EE6E6F8516F0B1EC2257D7B0032D868?OpenDocument&lang=EN,Ojārs Ēriks,Kalniņš,2014-11-04,,Unity,12
5FCF77E8B8E7F97BC2257D7B0032D8DD,Valdis Kalnozols,http://titania.saeima.lv/personal/deputati/saeima12_depweb_public.nsf/0/5fcf77e8b8e7f97bc2257d7b0032d8dd/Foto/0.84?OpenElement&FieldElemFormat=jpg,Valdis.Kalnozols@saeima.lv,http://titania.saeima.lv/personal/deputati/saeima12_depweb_public.nsf/0/5FCF77E8B8E7F97BC2257D7B0032D8DD?OpenDocument&lang=EN,Valdis,Kalnozols,2016-02-18,,Union of Greens and Farmers,12
624A90F85251E8B0C2257D7B0032D781,Mārtiņš Šics,http://titania.saeima.lv/personal/deputati/saeima12_depweb_public.nsf/0/624a90f85251e8b0c2257d7b0032d781/Foto/0.84?OpenElement&FieldElemFormat=jpg,Martins.Sics@saeima.lv,http://titania.saeima.lv/personal/deputati/saeima12_depweb_public.nsf/0/624A90F85251E8B0C2257D7B0032D781?OpenDocument&lang=EN,Mārtiņš,Šics,2014-11-04,2017-06-21,Latvian Regional Alliance,12
624A90F85251E8B0C2257D7B0032D781,Mārtiņš Šics,http://titania.saeima.lv/personal/deputati/saeima12_depweb_public.nsf/0/624a90f85251e8b0c2257d7b0032d781/Foto/0.84?OpenElement&FieldElemFormat=jpg,Martins.Sics@saeima.lv,http://titania.saeima.lv/personal/deputati/saeima12_depweb_public.nsf/0/624A90F85251E8B0C2257D7B0032D781?OpenDocument&lang=EN,Mārtiņš,Šics,2017-06-21,,Latvian Regional Alliance,12
63F562CEECD6A15EC2257D7B0032D8AE,Janīna Kursīte,http://titania.saeima.lv/personal/deputati/saeima12_depweb_public.nsf/0/63f562ceecd6a15ec2257d7b0032d8ae/Foto/0.84?OpenElement&FieldElemFormat=jpg,Kursite.Janina@saeima.lv,http://titania.saeima.lv/personal/deputati/saeima12_depweb_public.nsf/0/63F562CEECD6A15EC2257D7B0032D8AE?OpenDocument&lang=EN,Janīna,Kursīte,2014-11-05,2015-11-12,Unity,12
6A82B5B39C36C229C2257D7B0032D96E,Gunārs Kūtris,http://titania.saeima.lv/personal/deputati/saeima12_depweb_public.nsf/0/6a82b5b39c36c229c2257d7b0032d96e/Foto/0.84?OpenElement&FieldElemFormat=jpg,Gunars.Kutris@saeima.lv,http://titania.saeima.lv/personal/deputati/saeima12_depweb_public.nsf/0/6A82B5B39C36C229C2257D7B0032D96E?OpenDocument&lang=EN,Gunārs,Kūtris,2014-11-04,,For Latvia from the Heart,12
6BA59A8E8D1C33C0C2257D7B0032D938,Guntis Kalniņš,http://titania.saeima.lv/personal/deputati/saeima12_depweb_public.nsf/0/6ba59a8e8d1c33c0c2257d7b0032d938/Foto/0.84?OpenElement&FieldElemFormat=jpg,Guntis.Kalnins@saeima.lv,http://titania.saeima.lv/personal/deputati/saeima12_depweb_public.nsf/0/6BA59A8E8D1C33C0C2257D7B0032D938?OpenDocument&lang=EN,Guntis,Kalniņš,2015-09-03,,Union of Greens and Farmers,12
6CE92A3B970461E5C2257D7B0032DA07,Edvīns Šnore,http://titania.saeima.lv/personal/deputati/saeima12_depweb_public.nsf/0/6ce92a3b970461e5c2257d7b0032da07/Foto/0.84?OpenElement&FieldElemFormat=jpg,Edvins.Snore@saeima.lv,http://titania.saeima.lv/personal/deputati/saeima12_depweb_public.nsf/0/6CE92A3B970461E5C2257D7B0032DA07?OpenDocument&lang=EN,Edvīns,Šnore,2014-11-04,,National Alliance &#34;All For Latvia!&#34; – &#34;For Fatherland and Freedom/LNNK&#34;,12
6D90BB8BF125E16BC2257D7B0032D874,Veiko Spolītis,http://titania.saeima.lv/personal/deputati/saeima12_depweb_public.nsf/0/6d90bb8bf125e16bc2257d7b0032d874/Foto/0.84?OpenElement&FieldElemFormat=jpg,Veiko.Spolitis@saeima.lv,http://titania.saeima.lv/personal/deputati/saeima12_depweb_public.nsf/0/6D90BB8BF125E16BC2257D7B0032D874?OpenDocument&lang=EN,Veiko,Spolītis,2014-11-05,,Unity,12
6DDAA73A49EDAD2BC2257D7B0032D8B9,Janis Reirs,http://titania.saeima.lv/personal/deputati/saeima12_depweb_public.nsf/0/6ddaa73a49edad2bc2257d7b0032d8b9/Foto/0.84?OpenElement&FieldElemFormat=jpg,"",http://titania.saeima.lv/personal/deputati/saeima12_depweb_public.nsf/0/6DDAA73A49EDAD2BC2257D7B0032D8B9?OpenDocument&lang=EN,Janis,Reirs,2014-11-04,2014-11-05,Unity,12
6E99B81C04E3F10BC2257D7B0032D9A9,Ringolds Balodis,http://titania.saeima.lv/personal/deputati/saeima12_depweb_public.nsf/0/6e99b81c04e3f10bc2257d7b0032d9a9/Foto/0.84?OpenElement&FieldElemFormat=jpg,Ringolds.Balodis@saeima.lv,http://titania.saeima.lv/personal/deputati/saeima12_depweb_public.nsf/0/6E99B81C04E3F10BC2257D7B0032D9A9?OpenDocument&lang=EN,Ringolds,Balodis,2014-11-04,,For Latvia from the Heart,12
6F231253688126C5C2257D7B0032D83C,Marjana Ivanova-Jevsejeva,http://titania.saeima.lv/personal/deputati/saeima12_depweb_public.nsf/0/6f231253688126c5c2257d7b0032d83c/Foto/0.84?OpenElement&FieldElemFormat=jpg,Marjana.Ivanova-Jevsejeva@saeima.lv,http://titania.saeima.lv/personal/deputati/saeima12_depweb_public.nsf/0/6F231253688126C5C2257D7B0032D83C?OpenDocument&lang=EN,Marjana,Ivanova-Jevsejeva,2014-11-04,2015-10-29,Concord,12
703A6CA2CB0B9790C2257D7B0032D949,Edgars Putra,http://titania.saeima.lv/personal/deputati/saeima12_depweb_public.nsf/0/703a6ca2cb0b9790c2257d7b0032d949/Foto/0.84?OpenElement&FieldElemFormat=jpg,Edgars.Putra@saeima.lv,http://titania.saeima.lv/personal/deputati/saeima12_depweb_public.nsf/0/703A6CA2CB0B9790C2257D7B0032D949?OpenDocument&lang=EN,Edgars,Putra,2014-11-05,,Union of Greens and Farmers,12
72C3E05FFA1051E1C2257D7B0032D9E1,Kārlis Krēsliņš,http://titania.saeima.lv/personal/deputati/saeima12_depweb_public.nsf/0/72c3e05ffa1051e1c2257d7b0032d9e1/Foto/0.84?OpenElement&FieldElemFormat=jpg,Karlis.Kreslins@saeima.lv,http://titania.saeima.lv/personal/deputati/saeima12_depweb_public.nsf/0/72C3E05FFA1051E1C2257D7B0032D9E1?OpenDocument&lang=EN,Kārlis,Krēsliņš,2014-11-04,,National Alliance &#34;All For Latvia!&#34; – &#34;For Fatherland and Freedom/LNNK&#34;,12
780EFAEE6DB47BEBC2257D7B0032D91B,Rihards Eigims,http://titania.saeima.lv/personal/deputati/saeima12_depweb_public.nsf/0/780efaee6db47bebc2257d7b0032d91b/Foto/0.84?OpenElement&FieldElemFormat=jpg,Rihards.Eigims@saeima.lv,http://titania.saeima.lv/personal/deputati/saeima12_depweb_public.nsf/0/780EFAEE6DB47BEBC2257D7B0032D91B?OpenDocument&lang=EN,Rihards,Eigims,2014-11-04,2017-06-25,Union of Greens and Farmers,12
7822909AAC578264C2257D7B0032D8BB,Vjačeslavs Dombrovskis,http://titania.saeima.lv/personal/deputati/saeima12_depweb_public.nsf/0/7822909aac578264c2257d7b0032d8bb/Foto/0.84?OpenElement&FieldElemFormat=jpg,Vjaceslavs.Dombrovskis@saeima.lv,http://titania.saeima.lv/personal/deputati/saeima12_depweb_public.nsf/0/7822909AAC578264C2257D7B0032D8BB?OpenDocument&lang=EN,Vjačeslavs,Dombrovskis,2014-11-05,2015-04-30,Unity,12
78D7C70024B49C63C2257D7B0032D838,Raimonds Rubiks,http://titania.saeima.lv/personal/deputati/saeima12_depweb_public.nsf/0/78d7c70024b49c63c2257d7b0032d838/Foto/0.84?OpenElement&FieldElemFormat=jpg,Raimonds.Rubiks@saeima.lv,http://titania.saeima.lv/personal/deputati/saeima12_depweb_public.nsf/0/78D7C70024B49C63C2257D7B0032D838?OpenDocument&lang=EN,Raimonds,Rubiks,2014-11-04,,Concord,12
790D336A9F8B3DA5C2257D7B0032D802,Regīna Ločmele-Luņova,http://titania.saeima.lv/personal/deputati/saeima12_depweb_public.nsf/0/790d336a9f8b3da5c2257d7b0032d802/Foto/0.84?OpenElement&FieldElemFormat=jpg,Regina.Locmele-Lunova@saeima.lv,http://titania.saeima.lv/personal/deputati/saeima12_depweb_public.nsf/0/790D336A9F8B3DA5C2257D7B0032D802?OpenDocument&lang=EN,Regīna,Ločmele-Luņova,2014-11-04,2015-05-07,Concord,12
7C4AE909B1FEC401C2257D7B0032D8CA,Solvita Āboltiņa,http://titania.saeima.lv/personal/deputati/saeima12_depweb_public.nsf/0/7c4ae909b1fec401c2257d7b0032d8ca/Foto/0.84?OpenElement&FieldElemFormat=jpg,Solvita.Aboltina@saeima.lv,http://titania.saeima.lv/personal/deputati/saeima12_depweb_public.nsf/0/7C4AE909B1FEC401C2257D7B0032D8CA?OpenDocument&lang=EN,Solvita,Āboltiņa,2014-11-04,2014-11-06,Unity,12
7C4AE909B1FEC401C2257D7B0032D8CA,Solvita Āboltiņa,http://titania.saeima.lv/personal/deputati/saeima12_depweb_public.nsf/0/7c4ae909b1fec401c2257d7b0032d8ca/Foto/0.84?OpenElement&FieldElemFormat=jpg,Solvita.Aboltina@saeima.lv,http://titania.saeima.lv/personal/deputati/saeima12_depweb_public.nsf/0/7C4AE909B1FEC401C2257D7B0032D8CA?OpenDocument&lang=EN,Solvita,Āboltiņa,2014-11-06,,Unity,12
7E0170F749FCD950C2257D7B0032D801,Jūlija Stepaņenko,http://titania.saeima.lv/personal/deputati/saeima12_depweb_public.nsf/0/7e0170f749fcd950c2257d7b0032d801/Foto/0.84?OpenElement&FieldElemFormat=jpg,Julija.Stepanenko@saeima.lv,http://titania.saeima.lv/personal/deputati/saeima12_depweb_public.nsf/0/7E0170F749FCD950C2257D7B0032D801?OpenDocument&lang=EN,Jūlija,Stepaņenko,2014-11-04,,Concord,12
7EDB54456E7F5258C2257D7B0032D9C3,Ritvars Jansons,http://titania.saeima.lv/personal/deputati/saeima12_depweb_public.nsf/0/7edb54456e7f5258c2257d7b0032d9c3/Foto/0.84?OpenElement&FieldElemFormat=jpg,Ritvars.Jansons@saeima.lv,http://titania.saeima.lv/personal/deputati/saeima12_depweb_public.nsf/0/7EDB54456E7F5258C2257D7B0032D9C3?OpenDocument&lang=EN,Ritvars,Jansons,2015-03-05,,National Alliance &#34;All For Latvia!&#34; – &#34;For Fatherland and Freedom/LNNK&#34;,12
81B575C446627A4CC2257D7B0032D94D,Inguna Sudraba,http://titania.saeima.lv/personal/deputati/saeima12_depweb_public.nsf/0/81b575c446627a4cc2257d7b0032d94d/Foto/0.84?OpenElement&FieldElemFormat=jpg,Inguna.Sudraba@saeima.lv,http://titania.saeima.lv/personal/deputati/saeima12_depweb_public.nsf/0/81B575C446627A4CC2257D7B0032D94D?OpenDocument&lang=EN,Inguna,Sudraba,2014-11-04,,For Latvia from the Heart,12
826628A257E80F2DC2257D7B0032D81A,Jānis Ādamsons,http://titania.saeima.lv/personal/deputati/saeima12_depweb_public.nsf/0/826628a257e80f2dc2257d7b0032d81a/Foto/0.84?OpenElement&FieldElemFormat=jpg,Janis.Adamsons@saeima.lv,http://titania.saeima.lv/personal/deputati/saeima12_depweb_public.nsf/0/826628A257E80F2DC2257D7B0032D81A?OpenDocument&lang=EN,Jānis,Ādamsons,2014-11-04,,Concord,12
8310EF4873FF1224C2257D7B0032D92F,Raimonds Bergmanis,http://titania.saeima.lv/personal/deputati/saeima12_depweb_public.nsf/0/8310ef4873ff1224c2257d7b0032d92f/Foto/0.84?OpenElement&FieldElemFormat=jpg,Raimonds.Bergmanis@saeima.lv,http://titania.saeima.lv/personal/deputati/saeima12_depweb_public.nsf/0/8310EF4873FF1224C2257D7B0032D92F?OpenDocument&lang=EN,Raimonds,Bergmanis,2014-11-04,2015-09-03,Union of Greens and Farmers,12
8559D54CB10A8E4BC2257D7B0032D8FD,Janis Duklavs,http://titania.saeima.lv/personal/deputati/saeima12_depweb_public.nsf/0/8559d54cb10a8e4bc2257d7b0032d8fd/Foto/0.84?OpenElement&FieldElemFormat=jpg,"",http://titania.saeima.lv/personal/deputati/saeima12_depweb_public.nsf/0/8559D54CB10A8E4BC2257D7B0032D8FD?OpenDocument&lang=EN,Janis,Duklavs,2014-11-04,2014-11-05,Union of Greens and Farmers,12
89BC541886451F6FC2257D7B0032D999,Aivars Meija,http://titania.saeima.lv/personal/deputati/saeima12_depweb_public.nsf/0/89bc541886451f6fc2257d7b0032d999/Foto/0.84?OpenElement&FieldElemFormat=jpg,Aivars.Meija@saeima.lv,http://titania.saeima.lv/personal/deputati/saeima12_depweb_public.nsf/0/89BC541886451F6FC2257D7B0032D999?OpenDocument&lang=EN,Aivars,Meija,2014-11-04,,For Latvia from the Heart,12
8A278946BB512782C2257D7B0032D806,Igors Zujevs,http://titania.saeima.lv/personal/deputati/saeima12_depweb_public.nsf/0/8a278946bb512782c2257d7b0032d806/Foto/0.84?OpenElement&FieldElemFormat=jpg,Igors.Zujevs@saeima.lv,http://titania.saeima.lv/personal/deputati/saeima12_depweb_public.nsf/0/8A278946BB512782C2257D7B0032D806?OpenDocument&lang=EN,Igors,Zujevs,2015-05-07,,Concord,12
8BAF51CD9309B373C2257D7B0032D9D9,Raivis Dzintars,http://titania.saeima.lv/personal/deputati/saeima12_depweb_public.nsf/0/8baf51cd9309b373c2257d7b0032d9d9/Foto/0.84?OpenElement&FieldElemFormat=jpg,Raivis.Dzintars@saeima.lv,http://titania.saeima.lv/personal/deputati/saeima12_depweb_public.nsf/0/8BAF51CD9309B373C2257D7B0032D9D9?OpenDocument&lang=EN,Raivis,Dzintars,2014-11-05,2014-12-04,National Alliance &#34;All For Latvia!&#34; – &#34;For Fatherland and Freedom/LNNK&#34;,12
8BAF51CD9309B373C2257D7B0032D9D9,Raivis Dzintars,http://titania.saeima.lv/personal/deputati/saeima12_depweb_public.nsf/0/8baf51cd9309b373c2257d7b0032d9d9/Foto/0.84?OpenElement&FieldElemFormat=jpg,Raivis.Dzintars@saeima.lv,http://titania.saeima.lv/personal/deputati/saeima12_depweb_public.nsf/0/8BAF51CD9309B373C2257D7B0032D9D9?OpenDocument&lang=EN,Raivis,Dzintars,2015-05-28,2015-06-17,National Alliance &#34;All For Latvia!&#34; – &#34;For Fatherland and Freedom/LNNK&#34;,12
8BAF51CD9309B373C2257D7B0032D9D9,Raivis Dzintars,http://titania.saeima.lv/personal/deputati/saeima12_depweb_public.nsf/0/8baf51cd9309b373c2257d7b0032d9d9/Foto/0.84?OpenElement&FieldElemFormat=jpg,Raivis.Dzintars@saeima.lv,http://titania.saeima.lv/personal/deputati/saeima12_depweb_public.nsf/0/8BAF51CD9309B373C2257D7B0032D9D9?OpenDocument&lang=EN,Raivis,Dzintars,2015-06-17,,National Alliance &#34;All For Latvia!&#34; – &#34;For Fatherland and Freedom/LNNK&#34;,12
8BAF51CD9309B373C2257D7B0032D9D9,Raivis Dzintars,http://titania.saeima.lv/personal/deputati/saeima12_depweb_public.nsf/0/8baf51cd9309b373c2257d7b0032d9d9/Foto/0.84?OpenElement&FieldElemFormat=jpg,Raivis.Dzintars@saeima.lv,http://titania.saeima.lv/personal/deputati/saeima12_depweb_public.nsf/0/8BAF51CD9309B373C2257D7B0032D9D9?OpenDocument&lang=EN,Raivis,Dzintars,2014-11-04,2014-11-05,National Alliance of All for Latvia! and For Fatherland and Freedom/LNNK,12
8E777D689663CC4AC2257D7B0032D9B6,Dace Melbarde,http://titania.saeima.lv/personal/deputati/saeima12_depweb_public.nsf/nophoto.gif,"",http://titania.saeima.lv/personal/deputati/saeima12_depweb_public.nsf/0/8E777D689663CC4AC2257D7B0032D9B6?OpenDocument&lang=EN,Dace,Melbarde,2014-11-04,2014-11-05,National Alliance of All for Latvia! and For Fatherland and Freedom/LNNK,12
8F8DD1124BD83955C2257D7B0032D86B,Andrejs Judins,http://titania.saeima.lv/personal/deputati/saeima12_depweb_public.nsf/0/8f8dd1124bd83955c2257d7b0032d86b/Foto/0.84?OpenElement&FieldElemFormat=jpg,Andrejs.Judins@saeima.lv,http://titania.saeima.lv/personal/deputati/saeima12_depweb_public.nsf/0/8F8DD1124BD83955C2257D7B0032D86B?OpenDocument&lang=EN,Andrejs,Judins,2014-11-04,,Unity,12
906BCD79CE5540AFC2257D7B0032DA0E,Andris Buiķis,http://titania.saeima.lv/personal/deputati/saeima12_depweb_public.nsf/0/906bcd79ce5540afc2257d7b0032da0e/Foto/0.84?OpenElement&FieldElemFormat=jpg,Andris.Buikis@saeima.lv,http://titania.saeima.lv/personal/deputati/saeima12_depweb_public.nsf/0/906BCD79CE5540AFC2257D7B0032DA0E?OpenDocument&lang=EN,Andris,Buiķis,2014-11-04,,National Alliance &#34;All For Latvia!&#34; – &#34;For Fatherland and Freedom/LNNK&#34;,12
90C03CD8C1A9A42CC2257D7B0032D8BC,Viktors Valainis,http://titania.saeima.lv/personal/deputati/saeima12_depweb_public.nsf/0/90c03cd8c1a9a42cc2257d7b0032d8bc/Foto/0.84?OpenElement&FieldElemFormat=jpg,Viktors.Valainis@saeima.lv,http://titania.saeima.lv/personal/deputati/saeima12_depweb_public.nsf/0/90C03CD8C1A9A42CC2257D7B0032D8BC?OpenDocument&lang=EN,Viktors,Valainis,2015-04-30,,Unity,12
910CE832B8AABCBAC2257D7B0032D91E,Līga Kozlovska,http://titania.saeima.lv/personal/deputati/saeima12_depweb_public.nsf/0/910ce832b8aabcbac2257d7b0032d91e/Foto/0.84?OpenElement&FieldElemFormat=jpg,Liga.Kozlovska@saeima.lv,http://titania.saeima.lv/personal/deputati/saeima12_depweb_public.nsf/0/910CE832B8AABCBAC2257D7B0032D91E?OpenDocument&lang=EN,Līga,Kozlovska,2017-07-19,,Union of Greens and Farmers,12
91D454610E45EB6BC2257D7B0032D8DA,Guntis Belēvičs,http://titania.saeima.lv/personal/deputati/saeima12_depweb_public.nsf/0/91d454610e45eb6bc2257d7b0032d8da/Foto/0.84?OpenElement&FieldElemFormat=jpg,Guntis.Belevics@saeima.lv,http://titania.saeima.lv/personal/deputati/saeima12_depweb_public.nsf/0/91D454610E45EB6BC2257D7B0032D8DA?OpenDocument&lang=EN,Guntis,Belēvičs,2014-11-04,2016-06-16,Union of Greens and Farmers,12
91D7C71569C288F7C2257D7B0032D85B,Romans Miloslavskis,http://titania.saeima.lv/personal/deputati/saeima12_depweb_public.nsf/0/91d7c71569c288f7c2257d7b0032d85b/Foto/0.84?OpenElement&FieldElemFormat=jpg,Romans.Miloslavskis@saeima.lv,http://titania.saeima.lv/personal/deputati/saeima12_depweb_public.nsf/0/91D7C71569C288F7C2257D7B0032D85B?OpenDocument&lang=EN,Romans,Miloslavskis,2017-07-13,,Unaffiliated members of parliament,12
91F1046592FDA834C2257D7B0032D7E4,Nellija Kleinberga,http://titania.saeima.lv/personal/deputati/saeima12_depweb_public.nsf/0/91f1046592fda834c2257d7b0032d7e4/Foto/0.84?OpenElement&FieldElemFormat=jpg,Nellija.Kleinberga@saeima.lv,http://titania.saeima.lv/personal/deputati/saeima12_depweb_public.nsf/0/91F1046592FDA834C2257D7B0032D7E4?OpenDocument&lang=EN,Nellija,Kleinberga,2014-11-04,2017-06-21,Latvian Regional Alliance,12
91F1046592FDA834C2257D7B0032D7E4,Nellija Kleinberga,http://titania.saeima.lv/personal/deputati/saeima12_depweb_public.nsf/0/91f1046592fda834c2257d7b0032d7e4/Foto/0.84?OpenElement&FieldElemFormat=jpg,Nellija.Kleinberga@saeima.lv,http://titania.saeima.lv/personal/deputati/saeima12_depweb_public.nsf/0/91F1046592FDA834C2257D7B0032D7E4?OpenDocument&lang=EN,Nellija,Kleinberga,2017-06-21,,Latvian Regional Alliance,12
A3F655496C73E40CC2257D7B0032D94F,Romāns Mežeckis,http://titania.saeima.lv/personal/deputati/saeima12_depweb_public.nsf/0/a3f655496c73e40cc2257d7b0032d94f/Foto/0.84?OpenElement&FieldElemFormat=jpg,Romans.Mezeckis@saeima.lv,http://titania.saeima.lv/personal/deputati/saeima12_depweb_public.nsf/0/A3F655496C73E40CC2257D7B0032D94F?OpenDocument&lang=EN,Romāns,Mežeckis,2014-11-04,,For Latvia from the Heart,12
A64FE9DB7786C8E0C2257D7B0032D8A7,Anrijs Matīss,http://titania.saeima.lv/personal/deputati/saeima12_depweb_public.nsf/0/a64fe9db7786c8e0c2257d7b0032d8a7/Foto/0.84?OpenElement&FieldElemFormat=jpg,Anrijs.Matiss@saeima.lv,http://titania.saeima.lv/personal/deputati/saeima12_depweb_public.nsf/0/A64FE9DB7786C8E0C2257D7B0032D8A7?OpenDocument&lang=EN,Anrijs,Matīss,2014-11-04,2014-11-05,Unity,12
A64FE9DB7786C8E0C2257D7B0032D8A7,Anrijs Matīss,http://titania.saeima.lv/personal/deputati/saeima12_depweb_public.nsf/0/a64fe9db7786c8e0c2257d7b0032d8a7/Foto/0.84?OpenElement&FieldElemFormat=jpg,Anrijs.Matiss@saeima.lv,http://titania.saeima.lv/personal/deputati/saeima12_depweb_public.nsf/0/A64FE9DB7786C8E0C2257D7B0032D8A7?OpenDocument&lang=EN,Anrijs,Matīss,2015-11-12,,Unity,12
A7010440C26A1872C2257D7B0032D7FC,Sergejs Potapkins,http://titania.saeima.lv/personal/deputati/saeima12_depweb_public.nsf/0/a7010440c26a1872c2257d7b0032d7fc/Foto/0.84?OpenElement&FieldElemFormat=jpg,Sergejs.Potapkins@saeima.lv,http://titania.saeima.lv/personal/deputati/saeima12_depweb_public.nsf/0/A7010440C26A1872C2257D7B0032D7FC?OpenDocument&lang=EN,Sergejs,Potapkins,2014-11-04,2017-07-13,Concord,12
A7010440C26A1872C2257D7B0032D7FC,Sergejs Potapkins,http://titania.saeima.lv/personal/deputati/saeima12_depweb_public.nsf/0/a7010440c26a1872c2257d7b0032d7fc/Foto/0.84?OpenElement&FieldElemFormat=jpg,Sergejs.Potapkins@saeima.lv,http://titania.saeima.lv/personal/deputati/saeima12_depweb_public.nsf/0/A7010440C26A1872C2257D7B0032D7FC?OpenDocument&lang=EN,Sergejs,Potapkins,2017-07-13,,Concord,12
A7475FE93C949B10C2257D7B0032D9DA,Jānis Dombrava,http://titania.saeima.lv/personal/deputati/saeima12_depweb_public.nsf/0/a7475fe93c949b10c2257d7b0032d9da/Foto/0.84?OpenElement&FieldElemFormat=jpg,Janis.Dombrava@saeima.lv,http://titania.saeima.lv/personal/deputati/saeima12_depweb_public.nsf/0/A7475FE93C949B10C2257D7B0032D9DA?OpenDocument&lang=EN,Jānis,Dombrava,2014-11-04,,National Alliance &#34;All For Latvia!&#34; – &#34;For Fatherland and Freedom/LNNK&#34;,12
A80722D1537D0620C2257D7B0032D91A,Raimonds Vejonis,http://titania.saeima.lv/personal/deputati/saeima12_depweb_public.nsf/0/a80722d1537d0620c2257d7b0032d91a/Foto/0.84?OpenElement&FieldElemFormat=jpg,"",http://titania.saeima.lv/personal/deputati/saeima12_depweb_public.nsf/0/A80722D1537D0620C2257D7B0032D91A?OpenDocument&lang=EN,Raimonds,Vejonis,2014-11-04,2014-11-05,Union of Greens and Farmers,12
A8BFF98F41C3E6E8C2257D7B0032D84B,Zenta Tretjaka,http://titania.saeima.lv/personal/deputati/saeima12_depweb_public.nsf/0/a8bff98f41c3e6e8c2257d7b0032d84b/Foto/0.84?OpenElement&FieldElemFormat=jpg,Zenta.Tretjaka@saeima.lv,http://titania.saeima.lv/personal/deputati/saeima12_depweb_public.nsf/0/A8BFF98F41C3E6E8C2257D7B0032D84B?OpenDocument&lang=EN,Zenta,Tretjaka,2014-11-04,,Concord,12
A8E9C82F4F5E51E0C2257D7B0032D91D,Jānis Trupovnieks,http://titania.saeima.lv/personal/deputati/saeima12_depweb_public.nsf/0/a8e9c82f4f5e51e0c2257d7b0032d91d/Foto/0.84?OpenElement&FieldElemFormat=jpg,Janis.Trupovnieks@saeima.lv,http://titania.saeima.lv/personal/deputati/saeima12_depweb_public.nsf/0/A8E9C82F4F5E51E0C2257D7B0032D91D?OpenDocument&lang=EN,Jānis,Trupovnieks,2014-11-05,,Union of Greens and Farmers,12
A991E5B0DC77D034C2257D7B0032D7D4,Rihards Melgailis,http://titania.saeima.lv/personal/deputati/saeima12_depweb_public.nsf/0/a991e5b0dc77d034c2257d7b0032d7d4/Foto/0.84?OpenElement&FieldElemFormat=jpg,Rihards.Melgailis@saeima.lv,http://titania.saeima.lv/personal/deputati/saeima12_depweb_public.nsf/0/A991E5B0DC77D034C2257D7B0032D7D4?OpenDocument&lang=EN,Rihards,Melgailis,2016-09-08,,Latvian Regional Alliance,12
A9D04B2E2B9161E6C2257D7B0032D8FF,Andris Siliņš,http://titania.saeima.lv/personal/deputati/saeima12_depweb_public.nsf/0/a9d04b2e2b9161e6c2257d7b0032d8ff/Foto/0.84?OpenElement&FieldElemFormat=jpg,Andris.Silins@saeima.lv,http://titania.saeima.lv/personal/deputati/saeima12_depweb_public.nsf/0/A9D04B2E2B9161E6C2257D7B0032D8FF?OpenDocument&lang=EN,Andris,Siliņš,2014-11-04,,Union of Greens and Farmers,12
AAD72EAF59DBBECFC2257D7B0032D8BA,Juris Šulcs,http://titania.saeima.lv/personal/deputati/saeima12_depweb_public.nsf/0/aad72eaf59dbbecfc2257d7b0032d8ba/Foto/0.84?OpenElement&FieldElemFormat=jpg,Juris.Sulcs@saeima.lv,http://titania.saeima.lv/personal/deputati/saeima12_depweb_public.nsf/0/AAD72EAF59DBBECFC2257D7B0032D8BA?OpenDocument&lang=EN,Juris,Šulcs,2014-11-04,,Unity,12
AC22C665258A18E8C2257D7B0032D892,Edvards Smiltēns,http://titania.saeima.lv/personal/deputati/saeima12_depweb_public.nsf/0/ac22c665258a18e8c2257d7b0032d892/Foto/0.84?OpenElement&FieldElemFormat=jpg,Edvards.Smiltens@saeima.lv,http://titania.saeima.lv/personal/deputati/saeima12_depweb_public.nsf/0/AC22C665258A18E8C2257D7B0032D892?OpenDocument&lang=EN,Edvards,Smiltēns,2017-09-07,,Unaffiliated members of parliament,12
AC22C665258A18E8C2257D7B0032D892,Edvards Smiltēns,http://titania.saeima.lv/personal/deputati/saeima12_depweb_public.nsf/0/ac22c665258a18e8c2257d7b0032d892/Foto/0.84?OpenElement&FieldElemFormat=jpg,Edvards.Smiltens@saeima.lv,http://titania.saeima.lv/personal/deputati/saeima12_depweb_public.nsf/0/AC22C665258A18E8C2257D7B0032D892?OpenDocument&lang=EN,Edvards,Smiltēns,2014-11-05,2014-11-06,Unity,12
AC22C665258A18E8C2257D7B0032D892,Edvards Smiltēns,http://titania.saeima.lv/personal/deputati/saeima12_depweb_public.nsf/0/ac22c665258a18e8c2257d7b0032d892/Foto/0.84?OpenElement&FieldElemFormat=jpg,Edvards.Smiltens@saeima.lv,http://titania.saeima.lv/personal/deputati/saeima12_depweb_public.nsf/0/AC22C665258A18E8C2257D7B0032D892?OpenDocument&lang=EN,Edvards,Smiltēns,2014-11-06,2016-02-18,Unity,12
AC22C665258A18E8C2257D7B0032D892,Edvards Smiltēns,http://titania.saeima.lv/personal/deputati/saeima12_depweb_public.nsf/0/ac22c665258a18e8c2257d7b0032d892/Foto/0.84?OpenElement&FieldElemFormat=jpg,Edvards.Smiltens@saeima.lv,http://titania.saeima.lv/personal/deputati/saeima12_depweb_public.nsf/0/AC22C665258A18E8C2257D7B0032D892?OpenDocument&lang=EN,Edvards,Smiltēns,2016-02-18,2017-07-27,Unity,12
AC22C665258A18E8C2257D7B0032D892,Edvards Smiltēns,http://titania.saeima.lv/personal/deputati/saeima12_depweb_public.nsf/0/ac22c665258a18e8c2257d7b0032d892/Foto/0.84?OpenElement&FieldElemFormat=jpg,Edvards.Smiltens@saeima.lv,http://titania.saeima.lv/personal/deputati/saeima12_depweb_public.nsf/0/AC22C665258A18E8C2257D7B0032D892?OpenDocument&lang=EN,Edvards,Smiltēns,2017-07-27,2017-09-07,Unity,12
AD5F3B6DB7B7D403C2257D7B0032D9F6,Inese Laizāne,http://titania.saeima.lv/personal/deputati/saeima12_depweb_public.nsf/0/ad5f3b6db7b7d403c2257d7b0032d9f6/Foto/0.84?OpenElement&FieldElemFormat=jpg,Inese.Laizane@saeima.lv,http://titania.saeima.lv/personal/deputati/saeima12_depweb_public.nsf/0/AD5F3B6DB7B7D403C2257D7B0032D9F6?OpenDocument&lang=EN,Inese,Laizāne,2014-11-04,,National Alliance &#34;All For Latvia!&#34; – &#34;For Fatherland and Freedom/LNNK&#34;,12
B1EE955E8611FC2FC2257D7B0032D872,Renārs Putniņš,http://titania.saeima.lv/personal/deputati/saeima12_depweb_public.nsf/0/b1ee955e8611fc2fc2257d7b0032d872/Foto/0.84?OpenElement&FieldElemFormat=jpg,"",http://titania.saeima.lv/personal/deputati/saeima12_depweb_public.nsf/0/B1EE955E8611FC2FC2257D7B0032D872?OpenDocument&lang=EN,Renārs,Putniņš,2017-09-15,,Unity,12
B2B1BE6C4CD78613C2257D7B0032D86D,Ilze Viņķele,http://titania.saeima.lv/personal/deputati/saeima12_depweb_public.nsf/0/b2b1be6c4cd78613c2257d7b0032d86d/Foto/0.84?OpenElement&FieldElemFormat=jpg,Ilze.Vinkele@saeima.lv,http://titania.saeima.lv/personal/deputati/saeima12_depweb_public.nsf/0/B2B1BE6C4CD78613C2257D7B0032D86D?OpenDocument&lang=EN,Ilze,Viņķele,2014-11-04,2017-09-14,Unity,12
B586CD83B486AEDEC2257D7B0032D817,Ivars Zariņš,http://titania.saeima.lv/personal/deputati/saeima12_depweb_public.nsf/0/b586cd83b486aedec2257d7b0032d817/Foto/0.84?OpenElement&FieldElemFormat=jpg,Ivars.Zarins@saeima.lv,http://titania.saeima.lv/personal/deputati/saeima12_depweb_public.nsf/0/B586CD83B486AEDEC2257D7B0032D817?OpenDocument&lang=EN,Ivars,Zariņš,2014-11-04,,Concord,12
B861F4D06B8E756DC2257D7B0032D877,Hosams Abu Meri,http://titania.saeima.lv/personal/deputati/saeima12_depweb_public.nsf/0/b861f4d06b8e756dc2257d7b0032d877/Foto/0.84?OpenElement&FieldElemFormat=jpg,Hosams.Abu.Meri@saeima.lv,http://titania.saeima.lv/personal/deputati/saeima12_depweb_public.nsf/0/B861F4D06B8E756DC2257D7B0032D877?OpenDocument&lang=EN,Hosams,Abu Meri,2014-11-05,,Unity,12
C03A0DF2F6E1B309C2257D7B0032D88A,Laimdota Straujuma,http://titania.saeima.lv/personal/deputati/saeima12_depweb_public.nsf/0/c03a0df2f6e1b309c2257d7b0032d88a/Foto/0.84?OpenElement&FieldElemFormat=jpg,Laimdota.Straujuma@saeima.lv,http://titania.saeima.lv/personal/deputati/saeima12_depweb_public.nsf/0/C03A0DF2F6E1B309C2257D7B0032D88A?OpenDocument&lang=EN,Laimdota,Straujuma,2014-11-04,2014-11-05,Unity,12
C03A0DF2F6E1B309C2257D7B0032D88A,Laimdota Straujuma,http://titania.saeima.lv/personal/deputati/saeima12_depweb_public.nsf/0/c03a0df2f6e1b309c2257d7b0032d88a/Foto/0.84?OpenElement&FieldElemFormat=jpg,Laimdota.Straujuma@saeima.lv,http://titania.saeima.lv/personal/deputati/saeima12_depweb_public.nsf/0/C03A0DF2F6E1B309C2257D7B0032D88A?OpenDocument&lang=EN,Laimdota,Straujuma,2016-02-18,,Unity,12
C1A80081649D2240C2257D7B0032D943,Jānis Vucāns,http://titania.saeima.lv/personal/deputati/saeima12_depweb_public.nsf/0/c1a80081649d2240c2257d7b0032d943/Foto/0.84?OpenElement&FieldElemFormat=jpg,Janis.Vucans@saeima.lv,http://titania.saeima.lv/personal/deputati/saeima12_depweb_public.nsf/0/C1A80081649D2240C2257D7B0032D943?OpenDocument&lang=EN,Jānis,Vucāns,2014-11-04,,Union of Greens and Farmers,12
C26D8F43B162883FC2257D7B0032D78F,Ivars Brīvers,http://titania.saeima.lv/personal/deputati/saeima12_depweb_public.nsf/0/c26d8f43b162883fc2257d7b0032d78f/Foto/0.84?OpenElement&FieldElemFormat=jpg,Ivars.Brivers@saeima.lv,http://titania.saeima.lv/personal/deputati/saeima12_depweb_public.nsf/0/C26D8F43B162883FC2257D7B0032D78F?OpenDocument&lang=EN,Ivars,Brīvers,2015-01-15,2015-09-03,Latvian Regional Alliance,12
C26D8F43B162883FC2257D7B0032D78F,Ivars Brīvers,http://titania.saeima.lv/personal/deputati/saeima12_depweb_public.nsf/0/c26d8f43b162883fc2257d7b0032d78f/Foto/0.84?OpenElement&FieldElemFormat=jpg,Ivars.Brivers@saeima.lv,http://titania.saeima.lv/personal/deputati/saeima12_depweb_public.nsf/0/C26D8F43B162883FC2257D7B0032D78F?OpenDocument&lang=EN,Ivars,Brīvers,2017-04-20,,Latvian Regional Alliance,12
C2B9F10C5797C181C2257D7B0032D800,Ņikita Ņikiforovs,http://titania.saeima.lv/personal/deputati/saeima12_depweb_public.nsf/0/c2b9f10c5797c181c2257d7b0032d800/Foto/0.84?OpenElement&FieldElemFormat=jpg,Nikita.Nikiforovs@saeima.lv,http://titania.saeima.lv/personal/deputati/saeima12_depweb_public.nsf/0/C2B9F10C5797C181C2257D7B0032D800?OpenDocument&lang=EN,Ņikita,Ņikiforovs,2014-11-04,2017-06-18,Concord,12
C83C1CA3B01B2CE0C2257D7B0032D9B9,Ilmārs Latkovskis,http://titania.saeima.lv/personal/deputati/saeima12_depweb_public.nsf/0/c83c1ca3b01b2ce0c2257d7b0032d9b9/Foto/0.84?OpenElement&FieldElemFormat=jpg,Ilmars.Latkovskis@saeima.lv,http://titania.saeima.lv/personal/deputati/saeima12_depweb_public.nsf/0/C83C1CA3B01B2CE0C2257D7B0032D9B9?OpenDocument&lang=EN,Ilmārs,Latkovskis,2014-11-04,2017-06-21,National Alliance &#34;All For Latvia!&#34; – &#34;For Fatherland and Freedom/LNNK&#34;,12
C83C1CA3B01B2CE0C2257D7B0032D9B9,Ilmārs Latkovskis,http://titania.saeima.lv/personal/deputati/saeima12_depweb_public.nsf/0/c83c1ca3b01b2ce0c2257d7b0032d9b9/Foto/0.84?OpenElement&FieldElemFormat=jpg,Ilmars.Latkovskis@saeima.lv,http://titania.saeima.lv/personal/deputati/saeima12_depweb_public.nsf/0/C83C1CA3B01B2CE0C2257D7B0032D9B9?OpenDocument&lang=EN,Ilmārs,Latkovskis,2017-06-21,,Unaffiliated members of parliament,12
C89F936ACCFEBD25C2257D7B0032D9B7,Dzintars Rasnacs,http://titania.saeima.lv/personal/deputati/saeima12_depweb_public.nsf/0/c89f936accfebd25c2257d7b0032d9b7/Foto/0.84?OpenElement&FieldElemFormat=jpg,"",http://titania.saeima.lv/personal/deputati/saeima12_depweb_public.nsf/0/C89F936ACCFEBD25C2257D7B0032D9B7?OpenDocument&lang=EN,Dzintars,Rasnacs,2014-11-04,2014-11-05,National Alliance of All for Latvia! and For Fatherland and Freedom/LNNK,12
CA214F92E9E51615C2257D7B0032D869,Aleksejs Loskutovs,http://titania.saeima.lv/personal/deputati/saeima12_depweb_public.nsf/0/ca214f92e9e51615c2257d7b0032d869/Foto/0.84?OpenElement&FieldElemFormat=jpg,Aleksejs.Loskutovs@saeima.lv,http://titania.saeima.lv/personal/deputati/saeima12_depweb_public.nsf/0/CA214F92E9E51615C2257D7B0032D869?OpenDocument&lang=EN,Aleksejs,Loskutovs,2014-11-04,,Unity,12
CA39BEEED5C2CFD7C2257D7B0032D8A9,Dzintars Zaķis,http://titania.saeima.lv/personal/deputati/saeima12_depweb_public.nsf/0/ca39beeed5c2cfd7c2257d7b0032d8a9/Foto/0.84?OpenElement&FieldElemFormat=jpg,Dzintars.Zakis@saeima.lv,http://titania.saeima.lv/personal/deputati/saeima12_depweb_public.nsf/0/CA39BEEED5C2CFD7C2257D7B0032D8A9?OpenDocument&lang=EN,Dzintars,Zaķis,2014-11-04,,Unity,12
CC43E58C39E71668C2257D7B0032D816,Andris Morozovs,http://titania.saeima.lv/personal/deputati/saeima12_depweb_public.nsf/0/cc43e58c39e71668c2257d7b0032d816/Foto/0.84?OpenElement&FieldElemFormat=jpg,Andris.Morozovs@saeima.lv,http://titania.saeima.lv/personal/deputati/saeima12_depweb_public.nsf/0/CC43E58C39E71668C2257D7B0032D816?OpenDocument&lang=EN,Andris,Morozovs,2017-07-13,,Concord,12
CF513147CA100C96C2257D7B0032D8FC,Askolds Kļaviņš,http://titania.saeima.lv/personal/deputati/saeima12_depweb_public.nsf/0/cf513147ca100c96c2257d7b0032d8fc/Foto/0.84?OpenElement&FieldElemFormat=jpg,Askolds.Klavins@saeima.lv,http://titania.saeima.lv/personal/deputati/saeima12_depweb_public.nsf/0/CF513147CA100C96C2257D7B0032D8FC?OpenDocument&lang=EN,Askolds,Kļaviņš,2016-06-16,,Union of Greens and Farmers,12
D42AE59C19F62F38C2257D7B0032D836,Ivans Ribakovs,http://titania.saeima.lv/personal/deputati/saeima12_depweb_public.nsf/0/d42ae59c19f62f38c2257d7b0032d836/Foto/0.84?OpenElement&FieldElemFormat=jpg,Ivans.Ribakovs@saeima.lv,http://titania.saeima.lv/personal/deputati/saeima12_depweb_public.nsf/0/D42AE59C19F62F38C2257D7B0032D836?OpenDocument&lang=EN,Ivans,Ribakovs,2014-11-04,,Concord,12
D461D8BB5E7F892FC2257D7B0032D93F,Gundars Daudze,http://titania.saeima.lv/personal/deputati/saeima12_depweb_public.nsf/0/d461d8bb5e7f892fc2257d7b0032d93f/Foto/0.84?OpenElement&FieldElemFormat=jpg,Gundars.Daudze@saeima.lv,http://titania.saeima.lv/personal/deputati/saeima12_depweb_public.nsf/0/D461D8BB5E7F892FC2257D7B0032D93F?OpenDocument&lang=EN,Gundars,Daudze,2014-11-04,,Union of Greens and Farmers,12
D94C8E4B2CEC03DDC2257D7B0032D818,Sergejs Dolgopolovs,http://titania.saeima.lv/personal/deputati/saeima12_depweb_public.nsf/0/d94c8e4b2cec03ddc2257d7b0032d818/Foto/0.84?OpenElement&FieldElemFormat=jpg,Sergejs.Dolgopolovs@saeima.lv,http://titania.saeima.lv/personal/deputati/saeima12_depweb_public.nsf/0/D94C8E4B2CEC03DDC2257D7B0032D818?OpenDocument&lang=EN,Sergejs,Dolgopolovs,2014-11-04,,Concord,12
DDDE9D3C4CB2D409C2257D7B0032D86A,Lolita Čigāne,http://titania.saeima.lv/personal/deputati/saeima12_depweb_public.nsf/0/ddde9d3c4cb2d409c2257d7b0032d86a/Foto/0.84?OpenElement&FieldElemFormat=jpg,Lolita.Cigane@saeima.lv,http://titania.saeima.lv/personal/deputati/saeima12_depweb_public.nsf/0/DDDE9D3C4CB2D409C2257D7B0032D86A?OpenDocument&lang=EN,Lolita,Čigāne,2014-11-04,,Unity,12
DE24ADB6BE8E2986C2257D7B0032D895,Vilnis Ķirsis,http://titania.saeima.lv/personal/deputati/saeima12_depweb_public.nsf/0/de24adb6be8e2986c2257d7b0032d895/Foto/0.84?OpenElement&FieldElemFormat=jpg,Vilnis.Kirsis@saeima.lv,http://titania.saeima.lv/personal/deputati/saeima12_depweb_public.nsf/0/DE24ADB6BE8E2986C2257D7B0032D895?OpenDocument&lang=EN,Vilnis,Ķirsis,2014-11-04,2017-06-21,Unity,12
DFB78E8CB2A43209C2257D7B0032D904,Artis Rasmanis,http://titania.saeima.lv/personal/deputati/saeima12_depweb_public.nsf/0/dfb78e8cb2a43209c2257d7b0032d904/Foto/0.84?OpenElement&FieldElemFormat=jpg,Artis.Rasmanis@saeima.lv,http://titania.saeima.lv/personal/deputati/saeima12_depweb_public.nsf/0/DFB78E8CB2A43209C2257D7B0032D904?OpenDocument&lang=EN,Artis,Rasmanis,2014-11-04,,Union of Greens and Farmers,12
DFD3786E9ED7B6A0C2257D7B0032D7F8,Sergejs Mirskis,http://titania.saeima.lv/personal/deputati/saeima12_depweb_public.nsf/0/dfd3786e9ed7b6a0c2257d7b0032d7f8/Foto/0.84?OpenElement&FieldElemFormat=jpg,Sergejs.Mirskis@saeima.lv,http://titania.saeima.lv/personal/deputati/saeima12_depweb_public.nsf/0/DFD3786E9ED7B6A0C2257D7B0032D7F8?OpenDocument&lang=EN,Sergejs,Mirskis,2014-11-04,,Concord,12
DFE308CECB363B14C2257D7B0032D89A,Astrīda Harju,http://titania.saeima.lv/personal/deputati/saeima12_depweb_public.nsf/0/dfe308cecb363b14c2257d7b0032d89a/Foto/0.84?OpenElement&FieldElemFormat=jpg,Astrida.Harju@saeima.lv,http://titania.saeima.lv/personal/deputati/saeima12_depweb_public.nsf/0/DFE308CECB363B14C2257D7B0032D89A?OpenDocument&lang=EN,Astrīda,Harju,2017-06-22,,Unity,12
E08B38664FA60ACCC2257D7B0032DA08,Imants Parādnieks,http://titania.saeima.lv/personal/deputati/saeima12_depweb_public.nsf/0/e08b38664fa60accc2257d7b0032da08/Foto/0.84?OpenElement&FieldElemFormat=jpg,Imants.Paradnieks@saeima.lv,http://titania.saeima.lv/personal/deputati/saeima12_depweb_public.nsf/0/E08B38664FA60ACCC2257D7B0032DA08?OpenDocument&lang=EN,Imants,Parādnieks,2014-11-04,,National Alliance &#34;All For Latvia!&#34; – &#34;For Fatherland and Freedom/LNNK&#34;,12
E0F69B82408003AEC2257D7B0032D93D,Dana Reizniece-Ozola,http://titania.saeima.lv/personal/deputati/saeima12_depweb_public.nsf/0/e0f69b82408003aec2257d7b0032d93d/Foto/0.84?OpenElement&FieldElemFormat=jpg,"",http://titania.saeima.lv/personal/deputati/saeima12_depweb_public.nsf/0/E0F69B82408003AEC2257D7B0032D93D?OpenDocument&lang=EN,Dana,Reizniece-Ozola,2014-11-04,2014-11-05,Union of Greens and Farmers,12
E12070D901F80E3BC2257D7B0032D971,Arvīds Platpers,http://titania.saeima.lv/personal/deputati/saeima12_depweb_public.nsf/0/e12070d901f80e3bc2257d7b0032d971/Foto/0.84?OpenElement&FieldElemFormat=jpg,Arvids.Platpers@saeima.lv,http://titania.saeima.lv/personal/deputati/saeima12_depweb_public.nsf/0/E12070D901F80E3BC2257D7B0032D971?OpenDocument&lang=EN,Arvīds,Platpers,2014-11-04,,For Latvia from the Heart,12
E32C89D20D68D51CC2257D7B0032D9DD,Romāns Naudiņš,http://titania.saeima.lv/personal/deputati/saeima12_depweb_public.nsf/0/e32c89d20d68d51cc2257d7b0032d9dd/Foto/0.84?OpenElement&FieldElemFormat=jpg,Romans.Naudins@saeima.lv,http://titania.saeima.lv/personal/deputati/saeima12_depweb_public.nsf/0/E32C89D20D68D51CC2257D7B0032D9DD?OpenDocument&lang=EN,Romāns,Naudiņš,2014-11-04,,National Alliance &#34;All For Latvia!&#34; – &#34;For Fatherland and Freedom/LNNK&#34;,12
E43B14CF9E873F62C2257D7B0032D92E,Andris Bērziņš,http://titania.saeima.lv/personal/deputati/saeima12_depweb_public.nsf/0/e43b14cf9e873f62c2257d7b0032d92e/Foto/0.84?OpenElement&FieldElemFormat=jpg,Andris.Berzins@saeima.lv,http://titania.saeima.lv/personal/deputati/saeima12_depweb_public.nsf/0/E43B14CF9E873F62C2257D7B0032D92E?OpenDocument&lang=EN,Andris,Bērziņš,2014-11-04,,Union of Greens and Farmers,12
E82D1323AF7B6A79C2257D7B0032D7FF,Ivans Klementjevs,http://titania.saeima.lv/personal/deputati/saeima12_depweb_public.nsf/0/e82d1323af7b6a79c2257d7b0032d7ff/Foto/0.84?OpenElement&FieldElemFormat=jpg,Ivans.Klementjevs@saeima.lv,http://titania.saeima.lv/personal/deputati/saeima12_depweb_public.nsf/0/E82D1323AF7B6A79C2257D7B0032D7FF?OpenDocument&lang=EN,Ivans,Klementjevs,2014-11-04,,Concord,12
E85E2E1F9A77560DC2257D7B0032D7F7,Boriss Cilevičs,http://titania.saeima.lv/personal/deputati/saeima12_depweb_public.nsf/0/e85e2e1f9a77560dc2257d7b0032d7f7/Foto/0.84?OpenElement&FieldElemFormat=jpg,Boriss.Cilevics@saeima.lv,http://titania.saeima.lv/personal/deputati/saeima12_depweb_public.nsf/0/E85E2E1F9A77560DC2257D7B0032D7F7?OpenDocument&lang=EN,Boriss,Cilevičs,2014-11-04,,Concord,12
E961B0E9009A6875C2257D7B0032D989,Silvija Šimfa,http://titania.saeima.lv/personal/deputati/saeima12_depweb_public.nsf/0/e961b0e9009a6875c2257d7b0032d989/Foto/0.84?OpenElement&FieldElemFormat=jpg,Silvija.Simfa@saeima.lv,http://titania.saeima.lv/personal/deputati/saeima12_depweb_public.nsf/0/E961B0E9009A6875C2257D7B0032D989?OpenDocument&lang=EN,Silvija,Šimfa,2014-11-04,,For Latvia from the Heart,12
EAE06CC4B7720856C2257D7B0032D7C0,Varis Krūmiņš,http://titania.saeima.lv/personal/deputati/saeima12_depweb_public.nsf/0/eae06cc4b7720856c2257d7b0032d7c0/Foto/0.84?OpenElement&FieldElemFormat=jpg,Varis.Krumins@saeima.lv,http://titania.saeima.lv/personal/deputati/saeima12_depweb_public.nsf/0/EAE06CC4B7720856C2257D7B0032D7C0?OpenDocument&lang=EN,Varis,Krūmiņš,2017-06-22,,Latvian Regional Alliance,12
EB1927D2674433B6C2257D7B0032D90D,Valters Dambe,http://titania.saeima.lv/personal/deputati/saeima12_depweb_public.nsf/0/eb1927d2674433b6c2257d7b0032d90d/Foto/0.84?OpenElement&FieldElemFormat=jpg,Valters.Dambe@saeima.lv,http://titania.saeima.lv/personal/deputati/saeima12_depweb_public.nsf/0/EB1927D2674433B6C2257D7B0032D90D?OpenDocument&lang=EN,Valters,Dambe,2014-11-05,,Union of Greens and Farmers,12
F5C5DBE8B9E0EDF5C2257D7B0032D92D,Uldis Augulis,http://titania.saeima.lv/personal/deputati/saeima12_depweb_public.nsf/0/f5c5dbe8b9e0edf5c2257d7b0032d92d/Foto/0.84?OpenElement&FieldElemFormat=jpg,"",http://titania.saeima.lv/personal/deputati/saeima12_depweb_public.nsf/0/F5C5DBE8B9E0EDF5C2257D7B0032D92D?OpenDocument&lang=EN,Uldis,Augulis,2014-11-04,2014-11-05,Union of Greens and Farmers,12
F6306CD0428260D1C2257D7B0032D867,Edgars Rinkevics,http://titania.saeima.lv/personal/deputati/saeima12_depweb_public.nsf/0/f6306cd0428260d1c2257d7b0032d867/Foto/0.84?OpenElement&FieldElemFormat=jpg,"",http://titania.saeima.lv/personal/deputati/saeima12_depweb_public.nsf/0/F6306CD0428260D1C2257D7B0032D867?OpenDocument&lang=EN,Edgars,Rinkevics,2014-11-04,2014-11-05,Unity,12
F74997DB74C5482BC2257D7B0032D834,Andrejs Elksniņš,http://titania.saeima.lv/personal/deputati/saeima12_depweb_public.nsf/0/f74997db74c5482bc2257d7b0032d834/Foto/0.84?OpenElement&FieldElemFormat=jpg,Andrejs.Elksnins@saeima.lv,http://titania.saeima.lv/personal/deputati/saeima12_depweb_public.nsf/0/F74997DB74C5482BC2257D7B0032D834?OpenDocument&lang=EN,Andrejs,Elksniņš,2014-11-04,2017-06-25,Concord,12
F80ED3F75A1E8449C2257D7B0032D86C,Rihards Kozlovskis,http://titania.saeima.lv/personal/deputati/saeima12_depweb_public.nsf/0/f80ed3f75a1e8449c2257d7b0032d86c/Foto/0.84?OpenElement&FieldElemFormat=jpg,"",http://titania.saeima.lv/personal/deputati/saeima12_depweb_public.nsf/0/F80ED3F75A1E8449C2257D7B0032D86C?OpenDocument&lang=EN,Rihards,Kozlovskis,2014-11-04,2014-11-05,Unity,12
FC57FEED2EA1F709C2257D7B0032D783,Inga Bite,http://titania.saeima.lv/personal/deputati/saeima12_depweb_public.nsf/0/fc57feed2ea1f709c2257d7b0032d783/Foto/0.84?OpenElement&FieldElemFormat=jpg,Inga.Bite@saeima.lv,http://titania.saeima.lv/personal/deputati/saeima12_depweb_public.nsf/0/FC57FEED2EA1F709C2257D7B0032D783?OpenDocument&lang=EN,Inga,Bite,2014-11-04,2015-01-15,Latvian Regional Alliance,12
FC57FEED2EA1F709C2257D7B0032D783,Inga Bite,http://titania.saeima.lv/personal/deputati/saeima12_depweb_public.nsf/0/fc57feed2ea1f709c2257d7b0032d783/Foto/0.84?OpenElement&FieldElemFormat=jpg,Inga.Bite@saeima.lv,http://titania.saeima.lv/personal/deputati/saeima12_depweb_public.nsf/0/FC57FEED2EA1F709C2257D7B0032D783?OpenDocument&lang=EN,Inga,Bite,2015-09-03,2017-04-20,Latvian Regional Alliance,12
FCC1B9901AD67323C2257D7B0032D8DC,Māris Kučinskis,http://titania.saeima.lv/personal/deputati/saeima12_depweb_public.nsf/0/fcc1b9901ad67323c2257d7b0032d8dc/Foto/0.84?OpenElement&FieldElemFormat=jpg,Maris.Kucinskis@saeima.lv,http://titania.saeima.lv/personal/deputati/saeima12_depweb_public.nsf/0/FCC1B9901AD67323C2257D7B0032D8DC?OpenDocument&lang=EN,Māris,Kučinskis,2014-11-04,2016-02-18,Union of Greens and Farmers,12
FECD9E856A630468C2257D7B0032D899,Jānis Upenieks,http://titania.saeima.lv/personal/deputati/saeima12_depweb_public.nsf/0/fecd9e856a630468c2257d7b0032d899/Foto/0.84?OpenElement&FieldElemFormat=jpg,Janis.Upenieks@saeima.lv,http://titania.saeima.lv/personal/deputati/saeima12_depweb_public.nsf/0/FECD9E856A630468C2257D7B0032D899?OpenDocument&lang=EN,Jānis,Upenieks,2014-11-04,,Unity,12
