id,name__en,name__mt,name__nl,name__pl,name__de,name__it,name,wikipedia__en,wikipedia__it,wikipedia__mt,wikipedia__pl,gender,birth_date,given_name,name__fr,name__es,wikipedia__de,wikipedia__fr,identifier__freebase,name__pt,name__sv,wikipedia__nl,wikipedia__pt,wikipedia__sv,identifier__VIAF,identifier__GND,identifier__IMDB,name__da,wikipedia__da,identifier__LCAuth,website,identifier__EuroparlMEP,name__la,wikipedia__la,name__az,wikipedia__az,name__ga,name__ro,name__ru,name__hu,name__pt_br,name__tr,name__eo,name__lb,name__cs,name__et,name__de_ch,name__el,name__en_ca,name__en_gb,name__nb,name__lmo,name__uk,name__zh,name__io,name__fi,name__lt,name__fa,name__nn,name__id,name__ja,name__be,name__ko,wikipedia__be,wikipedia__cs,wikipedia__el,wikipedia__eo,wikipedia__es,wikipedia__et,wikipedia__fa,wikipedia__fi,wikipedia__ga,wikipedia__hu,wikipedia__id,wikipedia__io,wikipedia__ja,wikipedia__ko,wikipedia__lb,wikipedia__lmo,wikipedia__lt,wikipedia__no,wikipedia__ro,wikipedia__ru,wikipedia__tr,wikipedia__uk,wikipedia__zh,image,identifier__parlement,name__ka,wikipedia__ka,wikipedia__commons,identifier__BNF,wikipedia__ar,name__ar,wikipedia__plwikiquote,death_date,name__he,name__oc,name__yo,name__gl,name__sr,name__ca,wikipedia__ca,wikipedia__gl,wikipedia__he,wikipedia__oc,wikipedia__sr,wikipedia__yo,twitter,facebook,identifier__SUDOC,original_wikiname,last_seen,wikipedia__be_x_old,name__be_tarask,name__af,name__an,name__ast,name__bar,name__bm,name__br,name__co,name__cy,name__de_at,name__eu,name__frc,name__frp,name__fur,name__gd,name__gsw,name__hr,name__ia,name__ie,name__jam,name__kab,name__kg,name__li,name__lij,name__lv,name__mg,name__min,name__ms,name__nap,name__nds,name__nds_nl,name__nrm,name__pap,name__pcd,name__pms,name__prg,name__rgn,name__rm,name__sc,name__scn,name__sco,name__sk,name__sr_el,name__sw,name__vec,name__vi,name__vls,name__vmf,name__vo,name__wa,name__wo,name__zu,identifier__italian_cod,wikipedia__scn,identifier__ISNI,identifier__FAST,name__bg,name__zh_hk,name__zh_cn,name__is,wikipedia__bg,wikipedia__is,wikipedia__lv,name__zh_hans,name__zh_hant,name__zh_sg,name__zh_tw,name__ilo,wikipedia__ilo,family_name,identifier__britishmuseum,identifier__NTA,identifier__NLAtrove,identifier__Oxforddnb,identifier__NPG,identifier__AuDB,identifier__hansard,wikipedia__nn,identifier__Munzinger,name__sl,name__uz,wikipedia__sl,wikipedia__uz,identifier__Britannica,name__mr,wikipedia__an,wikipedia__ast,wikipedia__cy,wikipedia__mr,name__hi,wikipedia__hi,identifier__GNC,identifier__GTAA,identifier__PACE,wikipedia__hsb,name__hsb,occupation,name__dsb,name__jv,name__pdc,name__sh,name__stq,name__tl,name__war,name__qu,wikipedia__qu,name__tt,identifier__snac,identifier__youtube,identifier__wikitree,wikipedia__simple,name__fo,name__kl,name__egl,name__eml,wikipedia__br
Q1043584,Carmelo Mifsud Bonnici,,Carmelo Mifsud Bonnici,,Carmelo Mifsud Bonniċi,,Carmelo Mifsud Bonnici,Carmelo Mifsud Bonnici,,,,male,1960-02-17,Carmelo,Carmelo Mifsud Bonnici,Carmelo Mifsud Bonnici,"Carmelo Mifsud Bonniċi (Politiker, 1960)",Carmelo Mifsud Bonnici,/m/06kwd8,,,,,,,,,,,,,,,,,,,,,Carmelo Mifsud Bonnici,,,,,,,,,,,,,,,,,,,,,,,,,,,,,,,,,,,,,,,,,,,,,,,,,,,,,,,,,,,,,,,,,,,,,,,,Carmelo Mifsud Bonnici,,,,,,,,,,,,,,,,,,,,,,,,,,,,,,,,,,,,,,,,,,,,,,,,,,,,,,,,,,,,,,,,,,,,,,,,Mifsud Bonnici,,,,,,,,,,,,,,,,,,,,,,,,,,,politician,,,,,,,,,,,,,,,,,,,
Q1043593,Karmenu Mifsud Bonnici,Karmenu Mifsud Bonnici,Carmelo Mifsud Bonnici,Karmenu Mifsud Bonnici,Karmenu Mifsud Bonnici,Karmenu Mifsud Bonnici,Karmenu Mifsud Bonnici,Karmenu Mifsud Bonnici,Karmenu Mifsud Bonnici,Karmenu Mifsud Bonnici,Karmenu Mifsud Bonnici,male,1933-07-17,,Karmenu Mifsud Bonnici,Karmenu Mifsud Bonnici,"Carmelo Mifsud Bonniċi (Politiker, 1933)",Karmenu Mifsud Bonnici,/m/03w96bq,,Karmenu Mifsud Bonnici,Carmelo Mifsud Bonnici,,,,,,Karmenu Mifsud Bonnici,,,,,,,,,,,Кармену Мифсуд Бонничи,Karmenu Mifsud Bonnici,,,,,,,,,,,Karmenu Mifsud Bonnici,,Кармело Міфсуд Боннічі,,Karmenu Mifsud Bonnici,,,,Karmenu Mifsud Bonnici,,カーメル・ミフスード・ボンニーチ,,,,,,,Karmenu Mifsud Bonnici,,,,,,,Karmenu Mifsud Bonnici,,,,,,,,"Мифсуд Бонничи, Кармело",,Кармело Міфсуд Боннічі,,,,,,,,,,,,קארמנו מיפסוד בוניצ'י,Karmenu Mifsud Bonnici,,,,,,,,Karmenu Mifsud Bonnici,,,,,,Karmenu Mifsud Bonnici,,,,,,,,,,,,,,,,,,,,,,,,,,,,,,,,,,,,,,,,,,,,,,,,,,,,,,,,,,,,,,,,,,,,,,,,,,,,,,,,,,,,,,,,,,,,,,,,,,,politician,,,,,,,,,,,,,,,,,,,
Q10978152,Herbert Ganado,Herbert Ganado,,,Herbert Ganado,,Herbert Ganado,Herbert Ganado,,Herbert Ganado,,male,1906-04-07,Herbert,Herbert Ganado,,,,,,,,,,60872429,,,,,n99019564,,,,,,,,,,,,,,,,,,,,,,,,,,,,,,,,,,,,,,,,,,,,,,,,,,,,,,,,,,,,,,,,,,1979-04-08,,,,,,,,,,,,,,,,Herbert Ganado,,,,,,,,,,,,,,,,,,,,,,,,,,,,,,,,,,,,,,,,,,,,,,,,,,,,,,,,,,430506,,,,,,,,,,,,,,,,,,,,,,,,,,,,,,,,,,,,,,,,,,,,,,,,,,,,,,,,,,,,
Q10989260,Fortunato Mizzi,Fortunato Mizzi,Fortunato Mizzi,,Fortunato Mizzi,Fortunato Mizzi,Fortunato Mizzi,Fortunato Mizzi,Fortunato Mizzi,Fortunato Mizzi,,male,1844,Fortunato,Fortunato Mizzi,Fortunato Mizzi,,,,,,,,,,,,,,,,,,,,,,,,Fortunato Mizzi,,,,,,,,,,,,,,,,,,,,,,,,,,,,,,,,,,,,,,,,,,,,,,,,,,,,,,,,1905,,,,,,,,,,,,,,,,Fortunato Mizzi,,,,,,,,,,,,,,,,,,,,,,,,,,,,,,,,,,,,,,,,,,,,,,,,,,,,,,,,,,,,,,,,,,,,,,,,,,,,,,,,,,,,,,,,,,,,,,,,,,,politician,,,,,,,,,,,,,,,,,,,
Q1261388,Karmenu Vella,Karmenu Vella,Karmenu Vella,Karmenu Vella,Karmenu Vella,Karmenu Vella,Karmenu Vella,Karmenu Vella,Karmenu Vella,Karmenu Vella,Karmenu Vella,male,1950,,Karmenu Vella,Karmenu Vella,Karmenu Vella,Karmenu Vella,/m/011137yh,,Karmenu Vella,Karmenu Vella,,Karmenu Vella,,,,,,,http://www.karmenuvella.com/,,,,,,,,,Karmenu Vella,,,,,Karmenu Vella,,,,,,Karmenu Vella,,Кармену Велья,卡曼紐·維拉,,,,,,,,,,,Karmenu Vella,,,Karmenu Vella,,,,,,,,,,,,,Karmenu Vella,,,,Кармену Велья,,https://upload.wikimedia.org/wikipedia/commons/9/98/KarmenuVellaPolitician.jpg,vjn4dhshj9zp,,,,,,,,,,,,,,,,,,,,,,,,Karmenu Vella,,,,,,,,,,,,,,,,,,,,,,,,,,,,,,,,,,,,,,,,,,,,,,,,,,,,,,,,,,,Кармену Вела,,,,Кармену Вела,,,,,,,,,,,,,,,,,,,,,,,,,,,,,,,,,,,,architect,,,,,,,,,,,,,,,,,,,
Q1323633,Stephen C. Spiteri,,Stephen C. Spiteri,,Stephen C. Spiteri,,Stephen C. Spiteri,Stephen C. Spiteri,,,,male,1963-09-15,Stephen,,,Stephen C. Spiteri,,,,,,,,171172199,174092598,,,,nb98044042,http://www.militaryarchitecture.com/index.php/Other/about-us.html,,,,,,,,,,,,,,,,,,,,,,,,,,,,,,,,,,,,,,,,,,,,,,,,,,,,,,,,,,,,,14644126h,,,,,,,,,,,,,,,,,,,153428937,Stephen Spiteri,,,,,,,,,,,,,,,,,,,,,,,,,,,,,,,,,,,,,,,,,,,,,,,,,,,,,,,,,,,,,,,,,,,,,,,,,,,,,,,,,,,,,,,,,,,,,,,,,,,military historian,,,,,,,,,,,,,,,,,,,
Q13634850,Franco Debono,Franco Debono,Franco Debono,,Franco Debono,,Franco Debono,Franco Debono,,Franco Debono,,male,1974-03-09,Franco,Franco Debono,Franco Debono,,,,,,,,,,,,,,,,,,,,,,,,Franco Debono,,,,,,,,,,,,,,,,,,,,,,,,,,,,,,,,,,,,,,,,,,,,,,,,,,,,,,,,,,,,,,,,,,,,,,,,Franco Debono,,,,,,,,,,,,,,,,,,,,,,,,,,,,,,,,,,,,,,,,,,,,,,,,,,,,,,,,,,,,,,,,,,,,,,,,,,,,,,,,,,,,,,,,,,,,,,,,,,,politician,,,,,,,,,,,,,,,,,,,
Q1363583,Simon Busuttil,Simon Busuttil,Simon Busuttil,Simon Busuttil,Simon Busuttil,Simon Busuttil,Simon Busuttil,Simon Busuttil,Simon Busuttil,Simon Busuttil,Simon Busuttil,male,1969-03-21,Simon,Simon Busuttil,Simon Busuttil,Simon Busuttil,Simon Busuttil,/m/0546hg,,Simon Busuttil,,,Simon Busuttil,,,,Simon Busuttil,Simon Busuttil,,http://www.simonbusuttil.eu,28120,,,,,,Simon Busuttil,,Simon Busuttil,,,,,,,,,,,,,Саймон Бусуттіл,,,,,,,,,,,,,,,,,,,,,,,,,,,,,Simon Busuttil,,,Саймон Бусуттіл,,"https://upload.wikimedia.org/wikipedia/commons/4/48/EPP_Summit;_Meise,_Dec._2013_(11451086046).jpg",,,,Category:Simon Busuttil,,,,,,,,,,,,,,,,,,,,,Simon Busuttil,,,,,,,,,,,,,,,,,,,,,,,,,,,,,,,,,,,,,,,,,,,,,,,,,,,,,,,,,,,,,,,,,,,,,,,,Busuttil,,,,,,,,,,,,,,,,,,,,,,,,,,,politician,,,,,,,,,,,,,,,,,,,
Q1396581,Ugo Pasquale Mifsud,Ugo Pasquale Mifsud,Ugo Pasquale Mifsud,,Ugo Pasquale Mifsud,Ugo Pasquale Mifsud,Ugo Pasquale Mifsud,Ugo Pasquale Mifsud,Ugo Pasquale Mifsud,Ugo Pasquale Mifsud,,male,1889-09-12,Ugo,Ugo Pasquale Mifsud,Ugo Pasquale Mifsud,Ugo Pasquale Mifsud,Ugo Pasquale Mifsud,/m/02707mw,,Ugo Pasquale Mifsud,,,,41170863,,,Ugo Pasquale Mifsud,,n99032000,,,,,,,,,"Мифсуд, Уго Паскуале",Ugo Pasquale Mifsud,,,,,,,,,,,Ugo Pasquale Mifsud,,,,,,,,Ugo Pasquale Mifsud,,ウゴ・ミフスッド,,,,,,,Ugo Pasquale Mifsud,,,,,,,,ウゴ・ミフスッド,,,,,,,"Мифсуд, Уго Паскуале",,,,https://upload.wikimedia.org/wikipedia/commons/d/d8/Malta_-_Floriana_-_Triq_Sarria_-_The_Mall_31_ies.jpg,,,,Category:Ugo Pasquale Mifsud,,,,,1942-02-11,אוגו פסקואלה מיפסוד,,,,,,,,,,,,,,,Ugo Pasquale Mifsud,,,,,,,,,,,,,,,,,,,,,,,,,,,,,,,,,,,,,,,,,,,,,,,,,,,,,,,,,,432689,,,,,,,,,,,,,,,,,,101093409,,,,,,,,,,,,,,,,,,,,,,,politician,,,,,,,,,,,,,,,,,,,
Q1397679,Joseph Howard,Joseph Howard,Joseph Howard,Joseph Howard,Joseph Howard,Joseph Howard,Joseph Howard,Joseph Howard (Prime Minister),Joseph Howard,Joseph Howard,Joseph Howard,male,1862-12-04,Joseph,Joseph Howard,Joseph Howard,Joseph Howard,Joseph Howard (politique),/m/0ggl4k,,Joseph Howard,,,,,,,Joseph Howard,,,,,,,,,,,"Ховард, Джозеф",Joseph Howard,,,,,,,,,,,Joseph Howard,,,,,,,,Joseph Howard,,ジョセフ・ハワード,,,,,,,,,,,,,,,ジョセフ・ハワード,,,,,,,"Ховард, Джозеф",,,,,,,,,,جوزيف هوارد,جوزيف هوارد,,1925-05-20,ג'וזף הווארד,,,,,,,,,,,,,,,Joseph Howard,,,,,,,,,,,,,,,,,,,,,,,,,,,,,,,,,,,,,,,,,,,,,,,,,,,,,,,,,,,,,,,,,,,,,,,,Howard,,,,,,,,,,,,,,,,,,,,,,,,,,,politician,,,,,,,,,,,,,,,,,,,
Q1508101,George Pullicino,,George Pullicino,,George Pullicino,,George Pullicino,George Pullicino,,,,male,1964-05-12,George,George Pullicino,George Pullicino,George Pullicino,George Pullicino,/m/03wgtj_,,,,,,,,,,,,,,,,,,,,,George Pullicino,,,,,,,,,,,,,,,,,,,,,,,,,,,,,,,,,,,,,,,,,,,,,,,https://upload.wikimedia.org/wikipedia/commons/9/9b/George_Pullicino_2009.jpg,,,,,,,,,,,,,,,,,,,,,,,,,George Pullicino,,,,,,,,,,,,,,,,,,,,,,,,,,,,,,,,,,,,,,,,,,,,,,,,,,,,,,,,,,,,,,,,,,,,,,,,,,,,,,,,,,,,,,,,,,,,,,,,,,,politician,,,,,,,,,,,,,,,,,,,
Q1508402,George William Vella,George Vella,George William Vella,George William Vella,George Vella,George William Vella,George William Vella,George Vella,George William Vella,George Vella,George William Vella,male,1942-04-24,George,George William Vella,George William Vella,George Vella,George Vella,/m/0661254,,,George William Vella,,,304648703,1125339268,,,,,,23937,Georgius Gulielmus Vella,Georgius Vella,,,,,,George William Vella,,,,,,,,,,,,,,,,,,جورج ویلیام ولا,,,,,,,,,,,,جورج ویلیام ولا,,,,,,,,,,,,,,,,,https://upload.wikimedia.org/wikipedia/commons/4/48/George_Vella_(cropped).jpg,,,,Category:George William Vella,,,,,,,,,,,,,,,,,,,,,George Vella,,,,,,,,,,,,,,,,,,,,,,,,,,,,,,,,,,,,,,,,,,,,,,,,,,,,,,,,,,,,,,,,,,,,,,,,,,,,,,,,,,,,,,,,,,,,,,,,2281,,,politician,,,,,,,,,,,,,,,,,,,
Q152511,Eddie Fenech Adami,Eddie Fenech Adami,Eddie Fenech Adami,Edward Fenech Adami,Edward Fenech Adami,Edward Fenech-Adami,Eddie Fenech Adami,Eddie Fenech Adami,Edward Fenech-Adami,Eddie Fenech Adami,Edward Fenech Adami,male,1934-02-07,Edward,Edward Fenech Adami,Edward Fenech Adami,Edward Fenech Adami,Edward Fenech Adami,/m/0235mg,Edward Fenech Adami,Edward Fenech Adami,Eddie Fenech Adami,Edward Fenech Adami,Edward Fenech Adami,7002998,,,Edward Fenech Adami,Edward Fenech Adami,no98002171,,,,,,,,,"Фенек Адами, Эдвард",Edward Fenech Adami,,Eddie Fenech Adami,,,Edward Fenech Adami,Edward Fenech Adami,,Έντι Φενέκ Αντάμι,,,Edward Fenech Adami,,Едвард Фенек Адамі,埃迪·芬内克·阿达米,Edward Fenech Adami,Eddie Fenech Adami,,ادوارد فنچ آدامی,Edward Fenech Adami,Edward Fenech Adami,エドワルド・フェネク・アダミ,Эдвард Фенек Адамі,에드워드 페네치 아다미,Эдвард Фенек Адамі,Edward Fenech Adami,Έντι Φενέκ Αντάμι,,Edward Fenech Adami,Edward Fenech Adami,ادوارد فنچ آدامی,Eddie Fenech Adami,,Edward Fenech Adami,Edward Fenech Adami,Edward Fenech Adami,エドワルド・フェネク・アダミ,에드워드 페네치 아다미,,,,Edward Fenech Adami,,"Фенек Адами, Эдвард",Eddie Fenech Adami,Едвард Фенек Адамі,埃迪·芬内克·阿达米,https://upload.wikimedia.org/wikipedia/commons/3/3f/Edward_Fenech_Adami.jpg,,,,Category:Edward Fenech Adami,,إدي فينيش أدامي,إدي فينيش أدامي,,,אדוארד פנק אדאמי,Eddie Fenech Adami,,Edward Fenech Adami,,,,Edward Fenech Adami,אדוארד פנק אדאמי,Eddie Fenech Adami,,,,,,Eddie Fenech Adami,,Эдвард Фэнэк Адамі,Эдвард Фэнэк Адамі,,,,,,,,,,,,,,,,,,,,,,,,,,,,,,,,,,,,,,,Edward Fenech Adami,,,,,,,,,,,,,,Edward Fenech Adami,0000 0000 5358 4733,,,埃迪·芬內克·阿達米,埃迪·芬内克·阿达米,,,,,埃迪·芬内克·阿达米,埃迪·芬內克·阿達米,埃迪·芬内克·阿达米,埃迪·芬內克·阿達米,,,,,153878452,,,,,,Edward Fenech Adami,,,,,,,,,,,,,,0252196,,,,,economist,,,,,,,,Edward Fenech Adami,Edward Fenech Adami,,,,,,,,,,
Q15651378,Wistin Abela,Wistin Abela,Wistin Abela,,Wistin Abela,Wistin Abela,Wistin Abela,Wistin Abela,Wistin Abela,Wistin Abela,,male,1933-10-19,,Wistin Abela,,Wistin Abela,,,,,,,,,,,,,,,,,,,,,,"Абела, Уистин",,,,,,,,,,,,,,,,,,,,,,,,,,,,,,,,,,,,,,,,,,,,"Абела, Уистин",,,,,,,,,,,,,2014-01-20,,,,,,,,,,,,,,,,Wistin Abela,,,,,,,,,,,Wistin Abela,,,,,,,,,,,,,,,,,,,,,,,,,,,,,,,,,,,,,,,,,,,,,,,,,,,,,,,,,,,,,,,,,,,,,,,,,,,,,,,,,विस्टीन अबेला,विस्टीन अबेला,,,,,,politician,,,,,,,,,,,,,,,,,,,
Q15711259,Konrad Mizzi,Konrad Mizzi,Konrad Mizzi,,Konrad Mizzi,,Konrad Mizzi,Konrad Mizzi,,Konrad Mizzi,,male,1977-11-04,Konrad,Konrad Mizzi,,Konrad Mizzi,Konrad Mizzi,,,,,,,,,,,,,,,,,,,,,,,,,,,,,,,,,,,,康拉德·米西,,,,,,,,,,,,,,,,,,,,,,,,,,,,,,,,,https://upload.wikimedia.org/wikipedia/commons/f/fb/Konrad_mizzi.jpg,,,,,,,,,,,,,,,,,,,,,,,,,Konrad Mizzi,,,,,,,,,,,,,,,,,,,,,,,,,,,,,,,,,,,,,,,,,,,,,,,,,,,,,,,,,,,,,,,,,,,,,,,,Mizzi,,,,,,,,,,,,,,,,,,,,,,,,,,,politician,,,,,,,,,,,,,,,,,,,
Q1573895,Manwel Dimech,Manwel Dimech,Manwel Dimech,Manwel Dimech,Manwel Dimech,Manwell Dimech,Manwel Dimech,Manwel Dimech,Manwell Dimech,Manwel Dimech,Manwel Dimech,male,1860-12-25,,Manwel Dimech,Manwell Dimech,,,/m/071s98,,Manwel Dimech,,,,96914201,,,Manwel Dimech,,,,,,,,,,,"Димех, Мануэль",Manwell Dimech,,,,,,,,,,,Manwel Dimech,,Мануель Дімех,,,,,,Manwel Dimech,,,,,,,,,Manwell Dimech,,,,,,,,,,,,,,,"Димех, Мануэль",,Мануель Дімех,,https://upload.wikimedia.org/wikipedia/commons/9/92/Manwel-dimech.jpg,,,,,,,,,1921-04-17,,,,Manwel Dimech,,,,Manwel Dimech,,,,,,,,Manwel Dimech,,,,,,,,,,,,,,,,,,,,,,,,,,,,,,,,,,,,,,,,,,,,,,,,,,,,,,,,,0000 0000 7056 7847,,,,,,,,,,,,,,,,,,,,,,,,,,,,,,,,,,,,,,,,,,writer,,,,,,,,,,,,,,,,,,,
Q16199692,Owen Bonnici,Owen Bonnici,Owen Bonnici,,Owen Bonnici,Owen Bonnici,Owen Bonnici,Owen Bonnici,,Owen Bonnici,,male,1980-05-24,Owen,Owen Bonnici,,,Owen Bonnici,,,,,,,,,,,,,,,,,,,,,,,,,,,,,,,,,,,,,,,,,,,,,,,,,,,,,,,,,,,,,,,,,,,,,"https://upload.wikimedia.org/wikipedia/commons/1/1b/Hon._Owen_Bonnici_MP_-_Minister_for_Justice,_Culture_and_Local_Government_Malta_at_the_Europeana_Strategy_meeting_“Migration_and_culture-_how_can_our_past_educate_our_present”_(34024402984).jpg",,,,Category:Owen Bonnici,,,,,,,,,,,,,,,,,,,,,Owen Bonnici,,,,,,,,,,,,,,,,,,,,,,,,,,,,,,,,,,,,,,,,,,,,,,,,,,,,,,,,,,,,,,,,,,,,,,,,Bonnici,,,,,,,,,,,,,,,,,,,,,,,,,,,politician,,,,,,,,,,,,,,,,,,,
Q16213896,Christian Cardona,,Christian Cardona,,Christian Cardona,Christian Cardona,Christian Cardona,Christian Cardona,,,,male,1972,Christian,Christian Cardona,,,Chris Cardona,,,,,,,,,,,,,,,,,,,,,,,,,,,,,,,,,,,,,,,,,,,,,,,,,,,,,,,,,,,,,,,,,,,,,https://upload.wikimedia.org/wikipedia/commons/f/f9/Hon._Minister_Dr._Christian_Cardona.jpg,,,,,,,,,,,,,,,,,,,,,,,,,Christian Cardona,,,,,,,,,,,,,,,,,,,,,,,,,,,,,,,,,,,,,,,,,,,,,,,,,,,,,,,,,,,,,,,,,,,,,,,,Cardona,,,,,,,,,,,,,,,,,,,,,,,,,,,politician,,,,,,,,,,,,,,,,,,,
Q1647394,Myriam Spiteri Debono,Miriam Spiteri Debono,Myriam Spiteri Debono,,Myriam Spiteri Debono,,Myriam Spiteri Debono,Myriam Spiteri Debono,,Miriam Spiteri Debono,,female,"",Myriam,Myriam Spiteri Debono,,Myriam Spiteri Debono,,,,,,,,,,,,,,,,,,,,,,,,,,,,,,,,,,,,,,,,,,,,,,,,,,,,,,,,,,,,,,,,,,,,,,,,,,,,,,,,,,,,,,,,,,,,,,,Miriam Spiteri Debono,,,,,,,,,,,,,,,,,,,,,,,,,,,,,,,,,,,,,,,,,,,,,,,,,,,,,,,,,,,,,,,,,,,,,,,,,,,,,,,,,,,,,,,,,,,,,,,,,,,notary,,,,,,,,,,,,,,,,,,,
Q16545829,Francis Zammit Dimech,,Francis Zammit Dimech,Francis Zammit Dimech,,Francis Zammit Dimech,Francis Zammit Dimech,Francis Zammit Dimech,Francis Zammit Dimech,,Francis Zammit Dimech,male,1954-10-23,Francis,Francis Zammit Dimech,Francis Zammit Dimech,,,,,,,,,,,,,,,,,,,,,,,,,,,,,,,,,,,,,,,,,,,,,,,,,,,,,,,,,,,,,,,,,,,,,,,https://upload.wikimedia.org/wikipedia/commons/3/39/Francis_Zammit-Dimech.jpg,,,,Category:Francis Zammit-Dimech,,,,,,,,,Francis Zammit Dimech,,Francis Zammit Dimech,,,,,,,,,,Francis Zammit Dimech,,,,,,,,,,,,,,,,,,,,,,,,,,,,,,,,,,,,,,,,,,,,,,,,,,,,,,,,,,,,,,,,,,,,,,,,,,,,,,,,,,,,,,,,,,,,,,,,,,,politician,,,,,,,,,,,,,,,,,,,
Q16592064,,Marċell Mizzi,,,,,Marċell Mizzi,,,Marċell Mizzi,,,,,,,,,,,,,,,,,,,,,,,,,,,,,,,,,,,,,,,,,,,,,,,,,,,,,,,,,,,,,,,,,,,,,,,,,,,,,,,,,,,,,,,,,,,,,,,,,,,,,,Marċell Mizzi,,,,,,,,,,,,,,,,,,,,,,,,,,,,,,,,,,,,,,,,,,,,,,,,,,,,,,,,,,,,,,,,,,,,,,,,,,,,,,,,,,,,,,,,,,,,,,,,,,,,,,,,,,,,,,,,,,,,,,
Q167307,Dom Mintoff,Dom Mintoff,Dom Mintoff,Dom Mintoff,Dom Mintoff,Dom Mintoff,Dom Mintoff,Dom Mintoff,Dom Mintoff,Dom Mintoff,Dom Mintoff,male,1916-08-06,Dominik,Dom Mintoff,Dom Mintoff,Dom Mintoff,Dom Mintoff,/m/021s85,Dom Mintoff,Dom Mintoff,Dom Mintoff,Dom Mintoff,Dom Mintoff,50311107,129585289,,Dom Mintoff,Dom Mintoff,n83063244,,,,,,,,,"Минтофф, Доминик",Dom Mintoff,,,,,Dom Mintoff,,,Ντομ Μιντόφ,,,Dom Mintoff,,,多姆·明托夫,Dom Mintoff,Dom Mintoff,,دام مینتوف,Dom Mintoff,,ドム・ミントフ,Дамінік Мінтоф,,Дамінік Мінтоф,Dom Mintoff,,,Dom Mintoff,,دام مینتوف,Dom Mintoff,,Dom Mintoff,,Dom Mintoff,,,,,,Dom Mintoff,,"Минтофф, Доминик",,,多姆·明托夫,https://upload.wikimedia.org/wikipedia/commons/9/9a/Dom_Mintoff_(1974).jpg,,,,Category:Dom Mintoff,,دوم منتوف,دوم منتوف,,2012-08-20,דום מינטוף,,,Dom Mintoff,,Dom Mintoff,Dom Mintoff,,דום מינטוף,,,,,,116313838,Dom Mintoff,,,,,Dom Mintoff,Dom Mintoff,,,,,Dom Mintoff,,,,,,,,,,,,,,,,,,,,,,,,,,,,,,,,,,,,,,,,,,,,,,,112430,,多姆·明托夫,多姆·明托夫,,,,,多姆·明托夫,多姆·明托夫,多姆·明托夫,多姆·明托夫,,,,,,,101106660,,,,,00000006998,,,,,biography/Dom-Mintoff,दॉम मिंटॉफ,Dom Mintoff,Dom Mintoff,Dom Mintoff,दॉम मिंटॉफ,,,,,1125,,,politician,,,,,,,,Dom Mintoff,Dom Mintoff,,,,,,,,,,
Q167724,Guido de Marco,Guido de Marco,Guido de Marco,Guido de Marco,Guido de Marco,Guido de Marco,Guido de Marco,Guido de Marco,Guido de Marco,Guido de Marco,Guido de Marco,male,1931-07-22,Guido,Guido de Marco,Guido de Marco,Guido de Marco,Guido de Marco,/m/0227pz,Guido de Marco,,Guido de Marco,Guido de Marco,,70654926,1036150674,,Guido de Marco,Guido de Marco,n96032205,,,Guidus de Marco,Guido de Marco,,,,,"Марко, Гвидо де",Guido de Marco,,,,,,Guido de Marco,,,,,Guido de Marco,,Гвідо де Марко,圭多·德马科,Guido de Marco,Guido de Marco,,گویدو دی مارکو,,,グイド・デ・マルコ,,기도 데마르코,,,,,Guido de Marco,Guido de Marco,گویدو دی مارکو,Guido de Marco,,Guido de Marco,,Guido de Marco,,기도 데마르코,,,,Guido de Marco,,"Марко, Гвидо де",,Гвідо де Марко,圭多·德马科,https://upload.wikimedia.org/wikipedia/commons/5/54/Guido_de_Marco_2003_crop.jpg,,,,Category:Guido de Marco,,غويدو دي ماركو,غويدو دي ماركو,,2010-08-12,,Guido de Marco,,Guido de Marco,,,,Guido de Marco,,Guido de Marco,,,,,068861753,Guido de Marco,,Гўіда дэ Марка,Гўіда дэ Марка,,,,,,,,Guido de Marco,,,,,,,,,,,,,,,,,,,,,,,,,,,,,,,,,,,,,,,,,,,,,,,,Гуидо де Марко,圭多·德馬科,圭多·德马科,,Гуидо де Марко,,,圭多·德马科,圭多·德馬科,圭多·德马科,圭多·德馬科,,,,,,,,,,,,,Guido de Marco,De marko Gvido,Guido de Marco,Guido de Marco,biography/Guido-de-Marco,,,,,,,,,,1248,,,diplomat,,,,,,,,,,,w6g745vc,,,Guido de Marco,,,,,
Q1683865,Jason Azzopardi,,Jason Azzopardi,Jason Azzopardi,Jason Azzopardi,,Jason Azzopardi,Jason Azzopardi,,,Jason Azzopardi,male,1971-03-16,Jason,Jason Azzopardi,,Jason Azzopardi,Jason Azzopardi,/m/0130fx8v,,,,,,,,,,,,,26818,,,,,,,,,,,,,,,,,,,,,,,,,,,,,,,,,,,,,,,,,,,,,,,,,,,,,,,https://upload.wikimedia.org/wikipedia/commons/f/fc/Jason_Azzopardi.gif,,,,,,,,,,,,,,,,,,,,,,,,,Jason Azzopardi,,,,,,,,,,,,,,,,,,,,,,,,,,,,,,,,,,,,,,,,,,,,,,,,,,,,,,,,,,,,,,,,,,,,,,,,Azzopardi,,,,,,,,,,,,,,,,,,,,,,,,,,,politician,,,,,,,,,,,,,,,,,,,
Q168387,Agatha Barbara,Agatha Barbara,Agatha Barbara,Agatha Barbara,Agatha Barbara,Agatha Barbara,Agatha Barbara,Agatha Barbara,Agatha Barbara,Agatha Barbara,Agatha Barbara,female,1923-03-11,Agatha,Agatha Barbara,Agatha Barbara,Agatha Barbara,Agatha Barbara,/m/02zg08,Agatha Barbara,Agatha Barbara,,Agatha Barbara,Agatha Barbara,,,,Agatha Barbara,,,,,Agatha Barbara,Agatha Barbara,,,,,Агата Барбара,Agatha Barbara,,,,,,,,,,,Agatha Barbara,,Агата Барбара,阿加莎·芭芭拉,Agatha Barbara,Agatha Barbara,,آگاتا باربارا,Agatha Barbara,Agatha Barbara,アガサ・バーバラ,,아가사 바르바라,,,,,Agatha Barbara,,آگاتا باربارا,Agatha Barbara,,Agatha Barbara,Agatha Barbara,Agatha Barbara,,아가사 바르바라,,,,,,"Барбара, Агата",,Агата Барбара,阿加莎·芭芭拉,https://upload.wikimedia.org/wikipedia/commons/5/56/Ms_Agatha_Barbara.jpg,,აგათა ბარბარა,აგათა ბარბარა,Category:Agatha Barbara,,أغاثا بربارا,أغاثا بربارا,,2002-02-04,אגתה ברברה,Agatha Barbara,,Agatha Barbara,,,,,,Agatha Barbara,,,,,,Agatha Barbara,,,,,,,,,,,Agatha Barbara,,,,,,,,,,,,,,,,,,,,,,,,,,,,,,,,,,,,,,,,,,,,,,,,Агата Барбара,阿加莎·芭芭拉,阿加莎·芭芭拉,,Агата Барбара,,,阿加莎·芭芭拉,阿加莎·芭芭拉,阿加莎·芭芭拉,阿加莎·芭芭拉,Agatha Barbara,Agatha Barbara,Barbara,192791,,,,,,,,,,,,,,,,,,,,,,,,,,politician,,,,,,,,,,,,,,,,,,,
Q17016298,Ryan Callus,,Ryan Callus,,Ryan Callus,,Ryan Callus,Ryan Callus,,,,male,1983-06-22,Ryan,Ryan Callus,,,,,,,,,,,,,,,,,,,,,,,,,,,,,,,,,,,,,,,,,,,,,,,,,,,,,,,,,,,,,,,,,,,,,,,,,,,,,,,,,,,,,,,,,,,,,,,,,Ryan Callus,,,,,,,,,,,,,,,,,,,,,,,,,,,,,,,,,,,,,,,,,,,,,,,,,,,,,,,,,,,,,,,,,,,,,,,,Callus,,,,,,,,,,,,,,,,,,,,,,,,,,,politician,,,,,,,,,,,,,,,,,,,
Q173958,Edward Scicluna,Edward Scicluna,Edward Scicluna,Edward Scicluna,Edward Scicluna,Edward Scicluna,Edward Scicluna,Edward Scicluna,,Edward Scicluna,Edward Scicluna,male,1946-10-12,Edward,Edward Scicluna,Edward Scicluna,Edward Scicluna,Edward Scicluna,/m/064l9f7,,,,,,8790023,170808289,,Edward Scicluna,Edward Scicluna,n84130732,http://www.edwardscicluna.com,96671,,,,,,,,Edward Scicluna,,,,,,,,,,,,,,,,,,,,,,,,,,,,,,,,,,,,,,,,,,,,,,,,,,,,,,,,,,,,,,,,,,,,,,,,Edward Scicluna,,,,,,,,,,,,,,,,,,,,,,,,,,,,,,,,,,,,,,,,,,,,,,,,,,,,,,,,,0000 0000 7383 5456,,,,,,,,,,,,,,,Scicluna,,,,,,,,,,,,,,,,,,,,,,,,,,,politician,,,,,,,,,,,,,,,,,,,
Q18206002,Chris Fearne,,Chris Fearne,,Chris Fearne,Chris Fearne,Chris Fearne,Chris Fearne,,,,male,1963-03-12,Chris,Chris Fearne,,,,,,,,,,,,,,,,,,,,,,,,,,,,,,,,,,,,,,,,,,,,,,,,,,,,,,,,,,,,,,,,,,,,,,,,,,,,,,,,,,,,,,,,,,,,,,,,,Chris Fearne,,,,,,,,,,,,,,,,,,,,,,,,,,,,,,,,,,,,,,,,,,,,,,,,,,,,,,,,,,,,,,,,,,,,,,,,Fearne,,,,,,,,,,,,,,,,,,,,,,,,,,,politician,,,,,,,,,,,,,,,,,,,
Q18536879,,Kalċidon Agius,,,,,Kalċidon Agius,,,Kalċidon Agius,,male,,,,,,,,,,,,,,,,,,,,,,,,,,,,,,,,,,,,,,,,,,,,,,,,,,,,,,,,,,,,,,,,,,,,,,,,,,,,,,,,,,,,,,,,,,,,,,,,,,,,Kalċidon Agius,,,,,,,,,,,,,,,,,,,,,,,,,,,,,,,,,,,,,,,,,,,,,,,,,,,,,,,,,,,,,,,,,,,,,,,,,,,,,,,,,,,,,,,,,,,,,,,,,,,,,,,,,,,,,,,,,,,,,,
Q18536881,Alexander Cachia Zammit,Alexander Cachia Zammit,,,Alexander Cachia Zammit,,Alexander Cachia Zammit,,,Alexander Cachia Zammit,,male,1924-08-11,Alexander,,,Alexander Cachia Zammit,,,,,,,,,,,,,,,,,,,,,,,,,,,,,,,,,,,,,,,,,,,,,,,,,,,,,,,,,,,,,,,,,,,,,,,,,,,,,,,2014-07-30,,,,,,,,,,,,,,,,Alexander Cachia Zammit,,,,,,,,,,,,,,,,,,,,,,,,,,,,,,,,,,,,,,,,,,,,,,,,,,,,,,,,,,,,,,,,,,,,,,,,,,,,,,,,,,,,,,,,,,,,,,,,,,,politician,,,,,,,,,,,,,,,,,,,
Q18536883,,Ġużè Bonnici,,,,,Ġużè Bonnici,,,Ġużè Bonnici,,male,,,,,,,,,,,,,,,,,,,,,,,,,,,,,,,,,,,,,,,,,,,,,,,,,,,,,,,,,,,,,,,,,,,,,,,,,,,,,,,,,,,,,,,,,,,,,,,,,,,,Ġużè Bonnici,,,,,,,,,,,,,,,,,,,,,,,,,,,,,,,,,,,,,,,,,,,,,,,,,,,,,,,,,,,,,,,,,,,,,,,,,,,,,,,,,,,,,,,,,,,,,,,,,,,,,,,,,,,,,,,,,,,,,,
Q18536884,Joe Brincat,Joe Brincat,,,,,Joe Brincat,,,Joe Brincat (politiku),,male,,,,,,,,,,,,,,,,,,,,,,,,,,,,,,,,,,,,,,,,,,,,,,,,,,,,,,,,,,,,,,,,,,,,,,,,,,,,,,,,,,,,,,,,,,,,,,,,,,,,Joe Brincat (politiku),,,,,,,,,,,,,,,,,,,,,,,,,,,,,,,,,,,,,,,,,,,,,,,,,,,,,,,,,,,,,,,,,,,,,,,,,,,,,,,,,,,,,,,,,,,,,,,,,,,,,,,,,,,,,,,,,,,,,,
Q18536885,,Luigi Camilleri,,,,Luigi Camilleri,Luigi Camilleri,,,Luigi Camilleri,,male,,Luigi,,,,,,,,,,,,,,,,,,,,,,,,,,,,,,,,,,,,,,,,,,,,,,,,,,,,,,,,,,,,,,,,,,,,,,,,,,,,,,,,,,,,,,,,,,,,,,,,,,Luigi Camilleri,,,,,,,,,,,,,,,,,,,,,,,,,,,,,,,,,,,,,,,,,,,,,,,,,,,,,,,,,,,,,,,,,,,,,,,,,,,,,,,,,,,,,,,,,,,,,,,,,,,,,,,,,,,,,,,,,,,,,,
Q18536886,,Ġużè Cassar,,,Ġużè Cassar,,Ġużè Cassar,,,Ġużè Cassar,,male,1918-01-22,,,,Ġużè Cassar,,,,,,,,,,,,,,,,,,,,,,,,,,,,,,,,,,,,,,,,,,,,,,,,,,,,,,,,,,,,,,,,,,,,,,,,,,,,,,,2001-11-27,,,,,,,,,,,,,,,,Ġużè Cassar,,,,,,,,,,,,,,,,,,,,,,,,,,,,,,,,,,,,,,,,,,,,,,,,,,,,,,,,,,,,,,,,,,,,,,,,,,,,,,,,,,,,,,,,,,,,,,,,,,,,,,,,,,,,,,,,,,,,,,
Q18536887,Dwardu Ellul,Dwardu Ellul,,,,,Dwardu Ellul,,,Dwardu Ellul,,male,,,,,,,,,,,,,,,,,,,,,,,,,,,,,,,,,,,,,,,,,,,,,,,,,,,,,,,,,,,,,,,,,,,,,,,,,,,,,,,,,,,,,,,,,,,,,,,,,,,,Dwardu Ellul,,,,,,,,,,,,,,,,,,,,,,,,,,,,,,,,,,,,,,,,,,,,,,,,,,,,,,,,,,,,,,,,,,,,,,,,,,,,,,,,,,,,,,,,,,,,,,,,,,,,,,,,,,,,,,,,,,,,,,
Q18536890,Beppe Fenech Adami,Beppe Fenech Adami,,,,Beppe Fenech Adami,Beppe Fenech Adami,,,Beppe Fenech Adami,,male,,Beppe,,,,,,,,,,,,,,,,,,,,,,,,,,,,,,,,,,,,,,,,,,,,,,,,,,,,,,,,,,,,,,,,,,,,,,,,,,,,,,,,,,,,,,,,,,,,,,,,,,Beppe Fenech Adami,,,,,,,,,,,,,,,,,,,,,,,,,,,,,,,,,,,,,,,,,,,,,,,,,,,,,,,,,,,,,,,,,,,,,,,,Fenech Adami,,,,,,,,,,,,,,,,,,,,,,,,,,,politician,,,,,,,,,,,,,,,,,,,
Q18536891,Joe Mizzi,Joe Mizzi,Joe Mizzi,Joe Mizzi,Joe Mizzi,Joe Mizzi,Joe Mizzi,,,Joe Mizzi,,male,,Joe,Joe Mizzi,Joe Mizzi,,,,Joe Mizzi,Joe Mizzi,,,,,,,Joe Mizzi,,,,,,,,,Joe Mizzi,Joe Mizzi,,Joe Mizzi,Joe Mizzi,,Joe Mizzi,Joe Mizzi,Joe Mizzi,Joe Mizzi,Joe Mizzi,,Joe Mizzi,Joe Mizzi,Joe Mizzi,,,,Joe Mizzi,Joe Mizzi,,,Joe Mizzi,Joe Mizzi,,,,,,,,,,,,,,,,,,,,,,,,,,,,,,,,,,,,,,Joe Mizzi,,Joe Mizzi,,Joe Mizzi,,,,,,,,,,Joe Mizzi,,,,Joe Mizzi,Joe Mizzi,Joe Mizzi,Joe Mizzi,,Joe Mizzi,Joe Mizzi,Joe Mizzi,Joe Mizzi,Joe Mizzi,,Joe Mizzi,Joe Mizzi,Joe Mizzi,Joe Mizzi,Joe Mizzi,Joe Mizzi,Joe Mizzi,,,Joe Mizzi,Joe Mizzi,Joe Mizzi,,Joe Mizzi,Joe Mizzi,Joe Mizzi,Joe Mizzi,Joe Mizzi,Joe Mizzi,Joe Mizzi,,Joe Mizzi,Joe Mizzi,,,Joe Mizzi,Joe Mizzi,Joe Mizzi,Joe Mizzi,Joe Mizzi,Joe Mizzi,Joe Mizzi,Joe Mizzi,Joe Mizzi,Joe Mizzi,,Joe Mizzi,Joe Mizzi,Joe Mizzi,Joe Mizzi,,,,,,,,Joe Mizzi,,,,,,,,,,Mizzi,,,,,,,,,,Joe Mizzi,,,,,,,,,,,,,,,,,politician,,,,,,,,,,,,,,,,,Joe Mizzi,Joe Mizzi,
Q18536892,,John F. Marks,,,,,John F. Marks,,,John F. Marks,,male,,John,,,,,,,,,,,,,,,,,,,,,,,,,,,,,,,,,,,,,,,,,,,,,,,,,,,,,,,,,,,,,,,,,,,,,,,,,,,,,,,,,,,,,,,,,,,,,,,,,,John F. Marks,,,,,,,,,,,,,,,,,,,,,,,,,,,,,,,,,,,,,,,,,,,,,,,,,,,,,,,,,,,,,,,,,,,,,,,,,,,,,,,,,,,,,,,,,,,,,,,,,,,,,,,,,,,,,,,,,,,,,,
Q18536893,Freddie Micallef,Freddie Micallef,,,Freddie Micallef,Freddie Micallef,Freddie Micallef,,,Freddie Micallef,,male,1939-03-18,Freddie,,,Freddie Micallef,,,,,,,,,,,,,,,,,,,,,,,,,,,,,,,,,,,,,,,,,,,,,,,,,,,,,,,,,,,,,,,,,,,,,,,,,,,,,,,2011-04-07,,,,,,,,,,,,,,,,Freddie Micallef,,,,,,,,,,,,,,,,,,,,,,,,,,,,,,,,,,,,,,,,,,,,,,,,,,,,,,,,,,,,,,,,,,,,,,,,,,,,,,,,,,,,,,,,,,,,,,,,,,,trade unionist,,,,,,,,,,,,,,,,,,,
Q18536896,Wenzu Mintoff,Wenzu Mintoff,Wenzu Mintoff,,,,Wenzu Mintoff,Wenzu Mintoff,,Wenzu Mintoff,,male,1959-12-11,,Wenzu Mintoff,,,,,,,,,,,,,,,,,,,,,,,,,,,,,,,,,,,,,,,,,,,,,,,,,,,,,,,,,,,,,,,,,,,,,,,,,,,,,,,,,,,,,,,,,,,,,,,,,Wenzu Mintoff,,,,,,,,,,,,,,,,,,,,,,,,,,,,,,,,,,,,,,,,,,,,,,,,,,,,,,,,,,,,,,,,,,,,,,,,,,,,,,,,,,,,,,,,,,,,,,,,,,,lawyer,,,,,,,,,,,,,,,,,,,
Q18536899,Philip Muscat,Philip Muscat,Philip Muscat,,Philip Muscat,Philip Muscat,Philip Muscat,,,Philip Muscat,,male,1930-08-06,Philip,,,Philip Muscat,,,,,,,,,,,,,,,,,,,,,,,,,,,,,,,,,,,,,,,,,,,,,,,,,,,,,,,,,,,,,,,,,,,,,,,,,,,,,,,2010-12-31,,,,,,,,,,,,,,,,Philip Muscat,,,,,,,,,,,,,,,,,,,,,,,,,,,,,,,,,,,,,,,,,,,,,,,,,,,,,,,,,,,,,,,,,,,,,,,,,,,,,,,,,,,,,,,,,,,,,,,,,,,politician,,,,,,,,,,,,,,,,,,,
Q18536900,,Lorry Sant,,,,,Lorry Sant,,,Lorry Sant,,male,1937-12,,,,,,,,,,,,,,,,,,,,,,,,,,,,,,,,,,,,,,,,,,,,,,,,,,,,,,,,,,,,,,,,,,,,,,,,,,,,,,,,,,,1995-10,,,,,,,,,,,,,,,,Lorry Sant,,,,,,,,,,,,,,,,,,,,,,,,,,,,,,,,,,,,,,,,,,,,,,,,,,,,,,,,,,,,,,,,,,,,,,,,,,,,,,,,,,,,,,,,,,,,,,,,,,,,,,,,,,,,,,,,,,,,,,
Q18536901,Philip Sciberras,Philip Sciberras,Philip Sciberras,,Philip Sciberras,Philip Sciberras,Philip Sciberras,,,Philip Sciberras,,male,1945-10-07,Philip,,,,,,,,,,,,,,,,,,,,,,,,,,,,,,,,,,,,,,,,,,,,,,,,,,,,,,,,,,,,,,,,,,,,,,,,,,,,,,,,,,,,,,,,,,,,,,,,,,Philip Sciberras,,,,,,,,,,,,,,,,,,,,,,,,,,,,,,,,,,,,,,,,,,,,,,,,,,,,,,,,,,,,,,,,,,,,,,,,,,,,,,,,,,,,,,,,,,,,,,,,,,,politician,,,,,,,,,,,,,,,,,,,
Q18536902,,Karmenu Vassallo,,,,,Karmenu Vassallo,,,Karmenu Vassallo,,male,,,,,,,,,,,,,,,,,,,,,,,,,,,,,,,,,,,,,,,,,,,,,,,,,,,,,,,,,,,,,,,,,,,,,,,,,,,,,,,,,,,,,,,,,,,,,,,,,,,,Karmenu Vassallo,,,,,,,,,,,,,,,,,,,,,,,,,,,,,,,,,,,,,,,,,,,,,,,,,,,,,,,,,,,,,,,,,,,,,,,,,,,,,,,,,,,,,,,,,,,,,,,,,,,,,,,,,,,,,,,,,,,,,,
Q1871690,Louis Galea,Louis Galea,Louis Galea,Louis Galea,Louis Galea,,Louis Galea,Louis Galea,,Louis Galea,Louis Galea,male,1948-01-02,Louis,Louis Galea,Louis Galea,Louis Galea,,,,,,,,,,,,,,,,,,,,,,,Louis Galea,,,,,,,,,,,,,,,,,,,,,,,,,,,,,,,,,,,,,,,,,,,,,,,,,,,,,,,,,,,,,,,,,,,,,,,,Louis Galea,,,,,,,,,,,,,,,,,,,,,,,,,,,,,,,,,,,,,,,,,,,,,,,,,,,,,,,,,,,,,,,,,,,,,,,,,,,,,,,,,,,,,,,,,,,,,,,,,,,politician,,,,,,,,,,,,,,,,,,,
Q1871727,Louis Grech,Louis Grech,Louis Grech,Louis Grech,Louis Grech,Louis Grech,Louis Grech,Louis Grech,Louis Grech,Louis Grech,Louis Grech,male,1947-03-22,Louis,Louis Grech,Louis Grech,Louis Grech,Louis Grech,/m/0546j6,,,,,,,,,Louis Grech,Louis Grech,,,28123,,,,,Louis Grech,Louis Grech,,Louis Grech,,,,,,,,,,,Louis Grech,,,,,,,,,,,,,,,,,,,,,Louis Grech,,,,,,,,,Louis Grech,Louis Grech,,,,,https://upload.wikimedia.org/wikipedia/commons/b/b0/Louis_Grech_(cropped).jpg,,,,,,,,,,,,,,,,,,,,,,,,,Louis Grech,,,,,,,,,,,,,,,,,,,,,,,,,,,,,,,,,,,,,,,,,,,,,,,,,,,,,,,,,,,,,,,,,,,,,,,,,,,,,,,,,,,,,,,,,,,,,,,,,,,politician,,,,,,,,,,,,,,,,,,,
Q19646807,Alfons Maria Galea,Alfons Maria Galea,Alfons Maria Galea,Alfons Maria Galea,Alfons Maria Galea,Alfons Maria Galea,Alfons Maria Galea,,,Alfons Maria Galea,,male,,Alfons,Alfons Maria Galea,Alfons Maria Galea,,,,Alfons Maria Galea,Alfons Maria Galea,,,,,,,Alfons Maria Galea,,,,,,,,,Alfons Maria Galea,Alfons Maria Galea,,Alfons Maria Galea,Alfons Maria Galea,Alfons Maria Galea,Alfons Maria Galea,Alfons Maria Galea,Alfons Maria Galea,Alfons Maria Galea,Alfons Maria Galea,,Alfons Maria Galea,Alfons Maria Galea,Alfons Maria Galea,,,,Alfons Maria Galea,Alfons Maria Galea,Alfons Maria Galea,,Alfons Maria Galea,Alfons Maria Galea,,,,,,,,,,,,,,,,,,,,,,,,,,,,,,,,,,,,,,Alfons Maria Galea,,Alfons Maria Galea,,Alfons Maria Galea,,,,,,,,,,Alfons Maria Galea,,,,Alfons Maria Galea,Alfons Maria Galea,Alfons Maria Galea,Alfons Maria Galea,Alfons Maria Galea,Alfons Maria Galea,Alfons Maria Galea,Alfons Maria Galea,Alfons Maria Galea,Alfons Maria Galea,Alfons Maria Galea,Alfons Maria Galea,Alfons Maria Galea,Alfons Maria Galea,Alfons Maria Galea,Alfons Maria Galea,Alfons Maria Galea,Alfons Maria Galea,Alfons Maria Galea,Alfons Maria Galea,Alfons Maria Galea,Alfons Maria Galea,Alfons Maria Galea,Alfons Maria Galea,Alfons Maria Galea,Alfons Maria Galea,Alfons Maria Galea,Alfons Maria Galea,Alfons Maria Galea,Alfons Maria Galea,Alfons Maria Galea,Alfons Maria Galea,Alfons Maria Galea,Alfons Maria Galea,Alfons Maria Galea,Alfons Maria Galea,Alfons Maria Galea,Alfons Maria Galea,Alfons Maria Galea,Alfons Maria Galea,Alfons Maria Galea,Alfons Maria Galea,Alfons Maria Galea,Alfons Maria Galea,Alfons Maria Galea,Alfons Maria Galea,Alfons Maria Galea,Alfons Maria Galea,Alfons Maria Galea,Alfons Maria Galea,Alfons Maria Galea,,,,,,,,,,,,,,,,,,,,,,,,,,,,,,,,,,,,,,,,,,,,,,,,,,,,,,,,,,,,,,,,
Q19958063,Helena Dalli,,Helena Dalli,Helena Dalli,Helena Dalli,Helena Dalli,Helena Dalli,Helena Dalli,,,,female,,Elena,Helena Dalli,Helena Dalli,,,,Helena Dalli,Helena Dalli,,,,,,,Helena Dalli,,,,,,,,,Helena Dalli,Helena Dalli,,Helena Dalli,Helena Dalli,,Helena Dalli,Helena Dalli,Helena Dalli,Helena Dalli,Helena Dalli,,Helena Dalli,Helena Dalli,Helena Dalli,,,,Helena Dalli,Helena Dalli,,,Helena Dalli,Helena Dalli,,,,,,,,,,,,,,,,,,,,,,,,,,,"https://upload.wikimedia.org/wikipedia/commons/5/51/Informal_meeting_of_ministers_for_employment,_social_affairs,_family_and_gender_equality_(iEPSCO)._Arrivals_Helena_Dalli_(35181126924).jpg",,,,,,,,,,,Helena Dalli,,Helena Dalli,,Helena Dalli,,,,,,,,,,Helena Dalli,,,,Helena Dalli,Helena Dalli,Helena Dalli,Helena Dalli,,Helena Dalli,Helena Dalli,Helena Dalli,Helena Dalli,Helena Dalli,,Helena Dalli,Helena Dalli,Helena Dalli,Helena Dalli,Helena Dalli,Helena Dalli,Helena Dalli,,,Helena Dalli,Helena Dalli,Helena Dalli,,Helena Dalli,Helena Dalli,Helena Dalli,Helena Dalli,Helena Dalli,Helena Dalli,Helena Dalli,,Helena Dalli,Helena Dalli,,,Helena Dalli,Helena Dalli,Helena Dalli,Helena Dalli,Helena Dalli,Helena Dalli,Helena Dalli,Helena Dalli,Helena Dalli,Helena Dalli,,Helena Dalli,Helena Dalli,Helena Dalli,Helena Dalli,,,,,,,,Helena Dalli,,,,,,,,,,Dalli,,,,,,,,,,Helena Dalli,,,,,,,,,,,,,,,,,politician,,,,,,,,,,,,,,,,,Helena Dalli,Helena Dalli,
Q20949398,Roderick Galdes,,Roderick Galdes,,,,Roderick Galdes,Roderick Galdes,,,,male,,Roderick,Roderick Galdes,,,,,,,,,,,,,,,,,,,,,,,,,,,,,,,,,,,,,,,,,,,,,,,,,,,,,,,,,,,,,,,,,,,,,,,,,,,,,,,,,,,,,,,,,,,,,,,,,Roderick Galdes,,,,,,,,,,,,,,,,,,,,,,,,,,,,,,,,,,,,,,,,,,,,,,,,,,,,,,,,,,,,,,,,,,,,,,,,Galdes,,,,,,,,,,,,,,,,,,,,,,,,,,,politician,,,,,,,,,,,,,,,,,,,
Q20983473,Silvio Parnis,,Silvio Parnis,,,,Silvio Parnis,Silvio Parnis,,,,male,,Silvio,Silvio Parnis,,,,,,,,,,,,,,,,,,,,,,,,,,,,,,,,,,,,,,,,,,,,,,,,,,,,,,,,,,,,,,,,,,,,,,,,https://upload.wikimedia.org/wikipedia/commons/a/a4/Silvio_Parnis.jpg,,,,,,,,,,,,,,,,,,,,,,,,,Silvio Parnis,,,,,,,,,,,,,,,,,,,,,,,,,,,,,,,,,,,,,,,,,,,,,,,,,,,,,,,,,,,,,,,,,,,,,,,,Parnis,,,,,,,,,,,,,,,,,,,,,,,,,,,politician,,,,,,,,,,,,,,,,,,,
Q23205821,Gerry Zammit,Gerry Zammit,Gerry Zammit,,,,Gerry Zammit,,,Gerry Zammit,,male,1930-08-01,,,,,,,,,,,,,,,,,,,,,,,,,,,,,,,,,,,,,,,,,,,,,,,,,,,,,,,,,,,,,,,,,,,,,,,,,,,,,,,,,,,1961-07-06,,,,,,,,,,,,,,,,Gerry Zammit,,,,,,,,,,,,,,,,,,,,,,,,,,,,,,,,,,,,,,,,,,,,,,,,,,,,,,,,,,,,,,,,,,,,,,,,,,,,,,,,,,,,,,,,,,,,,,,,,,,,,,,,,,,,,,,,,,,,,,
Q23881652,Silvio Schembri,,Silvio Schembri,,,,Silvio Schembri,Silvio Schembri,,,,male,1985-05-21,Silvio,,,,,,,,,,,,,,,,,,,,,,,,,,,,,,,,,,,,,,,,,,,,,,,,,,,,,,,,,,,,,,,,,,,,,,,,,https://upload.wikimedia.org/wikipedia/commons/d/d5/Silvio_Schembri.jpg,,,,,,,,,,,,,,,,,,,,,,,,,Silvio Schembri,,,,,,,,,,,,,,,,,,,,,,,,,,,,,,,,,,,,,,,,,,,,,,,,,,,,,,,,,,,,,,,,,,,,,,,,Schembri,,,,,,,,,,,,,,,,,,,,,,,,,,,politician,,,,,,,,,,,,,,,,,,,
Q24643928,Marlene Farrugia,Marlene Farrugia,Marlene Farrugia,,,,Marlene Farrugia,Marlene Farrugia,,Marlene Farrugia,,female,1966-07-24,Marlene,,,,,,,,,,,,,,,,,,,,,,,,,,,,,,,,,,,,,,,,,,,,,,,,,,,,,,,,,,,,,,,,,,,,,,,,,"https://upload.wikimedia.org/wikipedia/commons/1/1d/Marlene_Farrugia_on_political_attack_billboard_in_Naxxar,_2017.jpg",,,,,,,,,,,,,,,,,,,,,,,,,Marlene Farrugia,,,,,,,,,,,,,,,,,,,,,,,,,,,,,,,,,,,,,,,,,,,,,,,,,,,,,,,,,,,,,,,,,,,,,,,,Farrugia,,,,,,,,,,,,,,,,,,,,,,,,,,,politician,,,,,,,,,,,,,,,,,,,
Q247348,Tonio Fenech,,Tonio Fenech,,Tonio Fenech,,Tonio Fenech,Tonio Fenech,,,,male,1969-05-05,Tonio,Tonio Fenech,Tonio Fenech,Tonio Fenech,Antonio Fenech,/m/03wflrn,,,,,,,,,,,,,,,,,,,,,Tonio Fenech,,,,,,,,,,,,,,,,,,,,,,,,,,,,,,,,,,,,,,,,,,,,,,,,,,,,,,,,,,,,,,,,,,,,,,,,Tonio Fenech,,,,,,,,,,,,,,,,,,,,,,,,,,,,,,,,,,,,,,,,,,,,,,,,,,,,,,,,,,,,,,,,,,,,,,,,,,,,,,,,,,,,,,,,,,,,,,,,,,,politician,,,,,,,,,,,,,,,,,,,
Q250177,Anton Buttigieg,Anton Buttigieg,Anton Buttiġieġ,Anton Buttigieg,Anton Buttiġieġ,Anton Buttigieg,Anton Buttigieg,Anton Buttigieg,Anton Buttigieg,Anton Buttigieg,Anton Buttigieg,male,1912-02-19,Anton,Anton Buttigieg,Anton Buttigieg,Anton Buttiġieġ,Anton Buttigieg,/m/0365yn,,Anton Buttigieg,Anton Buttiġieġ,,Anton Buttigieg,27372005,142914614,,Anton Buttigieg,,n86046906,,,,,,,,,Антон Буттиджич,Anton Buttiġieġ,,,,,,,,,,,Anton Buttigieg,,Антон Буттіджіч,,,Anton Buttiġieġ,,,Anton Buttigieg,,アントン・ブティギーグ,,안톤 부티기그,,,,,Anton Buttigieg,,,Anton Buttiġieġ,,Anton Buttiġieġ,,,,안톤 부티기그,,,,,,"Буттиджич, Антон",,Антон Буттіджіч,,https://upload.wikimedia.org/wikipedia/commons/5/50/Dr._Anton_Buttigieg.jpg,,ანტონ ბუტიჯიჩი,ანტონ ბუტიჯიჩი,,15511345z,,,,1983-05-05,,,,,,,,,,,,,,,,Anton Buttigieg,,,,,,,,,,,,,,,,,,,,,,,,,,,,,,,,,,,,,,,,,,,,,,,,,,,,,,,,,0000 0001 0653 5143,,,,,,,,,,,,,,,,,,1264471,,,,,,00000014872,,,,,,,,,,,,,,,,,,poet,,,,,,,,,,,,,,,,,,,
Q25688004,Godfrey Farrugia,Godfrey Farrugia,Godfrey Farrugia,,Godfrey Farrugia,,Godfrey Farrugia,Godfrey Farrugia,,Godfrey Farrugia,,male,,Godfrey,Godfrey Farrugia,,,,,,,,,,,,,,,,,,,,,,,,,,,,,,,,,,,,,,,,,,,,,,,,,,,,,,,,,,,,,,,,,,,,,,,,https://upload.wikimedia.org/wikipedia/commons/6/63/Godfrey_Farrugia_-_September_2016_(cropped).jpg,,,,Category:Godfrey Farrugia,,,,,,,,,,,,,,,,,,,,,Godfrey Farrugia,,,,,,,,,,,,,,,,,,,,,,,,,,,,,,,,,,,,,,,,,,,,,,,,,,,,,,,,,,,,,,,,,,,,,,,,Farrugia,,,,,,,,,,,,,,,,,,,,,,,,,,,politician,,,,,,,,,,,,,,,,,,,
Q27663240,Robert Cutajar,,Robert Cutajar,,,,Robert Cutajar,Robert Cutajar,,,,male,,Robert,,,,,,,,,,,,,,,,,,,,,,,,,,,,,,,,,,,,,,,,,,,,,,,,,,,,,,,,,,,,,,,,,,,,,,,,,,,,,,,,,,,,,,,,,,,,,,,,,,Robert Cutajar,,,,,,,,,,,,,,,,,,,,,,,,,,,,,,,,,,,,,,,,,,,,,,,,,,,,,,,,,,,,,,,,,,,,,,,,Cutajar,,,,,,,,,,,,,,,,,,,,,,,,,,,politician,,,,,,,,,,,,,,,,,,,
Q2980429,Clyde Puli,,Clyde Puli,,Clyde Puli,,Clyde Puli,Clyde Puli,,,,male,1969-09-13,Clyde,Clyde Puli,,,Clyde Puli,,,,,,,,,,,,,,,,,,,,,,,,,,,,,,,,,,,,,,,,,,,,,,,,,,,,,,,,,,,,,,,,,,,,,,,,,,,,,,,,,,,,,,,,,,,,,,Clyde Puli,,,,,,,,,,,,,,,,,,,,,,,,,,,,,,,,,,,,,,,,,,,,,,,,,,,,,,,,,,,,,,,,,,,,,,,,Puli,,,,,,,,,,,,,,,,,,,,,,,,,,,politician,,,,,,,,,,,,,,,,,,,
Q31824490,,Rokku Abdilla,,,,,Rokku Abdilla,,,Rokku Abdilla,,,,,,,,,,,,,,,,,,,,,,,,,,,,,,,,,,,,,,,,,,,,,,,,,,,,,,,,,,,,,,,,,,,,,,,,,,,,,,,,,,,,,,,,,,,,,,,,,,,,,,Rokku Abdilla,,,,,,,,,,,,,,,,,,,,,,,,,,,,,,,,,,,,,,,,,,,,,,,,,,,,,,,,,,,,,,,,,,,,,,,,,,,,,,,,,,,,,,,,,,,,,,,,,,,,,,,,,,,,,,,,,,,,,,
Q333979,"Gerald Strickland, 1st Baron Strickland",Gerald Strickland,Gerald Strickland,Gerald Strickland,"Gerald Strickland, 1. Baron Strickland",Gerald Strickland,"Gerald Strickland, 1st Baron Strickland","Gerald Strickland, 1st Baron Strickland",Gerald Strickland,Gerald Strickland,Gerald Strickland,male,1861-05-24,Gerald,Gerald Strickland,Gerald Strickland,"Gerald Strickland, 1. Baron Strickland",Gerald Strickland,/m/04307k,,"Gerald Strickland, 1st Baron Strickland",Gerald Strickland,,,77717613,,,,,n84115250,,,,,,,,,,Gerald Strickland,,,,,,,,,,,,,,,,,,,,,ジェラルド・ストリックランド,,,,,,,Gerald Strickland,,,,,Gerald Strickland,,,,,,,,,,,,,,https://upload.wikimedia.org/wikipedia/commons/f/ff/Gerald_Strickland_1930s.jpg,,,,,119697695,,,,1940-08-22,ג'רלד סטריקלנד,,,,,,,,,,,,,,179824317,Gerald Strickland,,,,,,,,,,,,,,,,,,,,,,,,,,,,,,,,,,,,,,,,,,,,,,,,,,,,,,,,,,135794,,,杰拉尔德·斯特里克兰,,,,,,傑拉爾德·斯特里克蘭,,,,,,,113919204,1478905,101036350,mp81840,strickland-sir-gerald-8700,sir-gerald-strickland,,,,,,,,,,,,,,,,,,,,politician,,,,,,,,,,,w6h99559,,Strickland-3323,,,,,,
Q335387,Francesco Buhagiar,Francesco Buhagiar,Francesco Buhagiar,,Francesco Buhagiar,Francesco Buhagiar,Francesco Buhagiar,Francesco Buhagiar,Francesco Buhagiar,Francesco Buhagiar,,male,1876-09-07,Francesco,Francesco Buhagiar,Francesco Buhagiar,Francesco Buhagiar,Francesco Buhagiar,/m/02707py,,Francesco Buhagiar,,,,,,,Francesco Buhagiar,,,,,,,,,,,,Francesco Buhagiar,,,,,,,,,,,Francesco Buhagiar,,,,,,,,Francesco Buhagiar,,フランシスコ・ブアージャール,,,,,,,,,,,,,,,フランシスコ・ブアージャール,,,,,,,,,,,,,,,,,,,,1934-06-27,פרנצ'סקו בוהג'יאר,,,,,,,,,,,,,,,Francesco Buhagiar,,,,,,,,,,,,,,,,,,,,,,,,,,,,,,,,,,,,,,,,,,,,,,,,,,,,,,,,,,,,,,,,,,,,,,,,,,,,,,,,,,,,,,,,,,,,,,,,,,,politician,,,,,,,,,,,,,,,,,,,
Q3623604,Arnold Cassola,Arnold Cassola,Arnold Cassola,Arnold Cassola,Arnold Cassola,Arnold Cassola,Arnold Cassola,Arnold Cassola,Arnold Cassola,Arnold Cassola,Arnold Cassola,male,1953-11-21,Arnold,Arnold Cassola,Arnold Cassola,,,/m/09xs1k,,,,,,61698159,,,,,,,,,,,,,,,Arnold Cassola,,,,,,,,,,,,,,,,,,,,,,,,,,,,,,,,,,,,,,,,,,,,,,,,,,,,13485873j,,,,,,,,,,,,,,,,,arnoldcassola,CassolaMEP,035617594,Arnold Cassola,,,,,,,,,,,,,,,,,,,,,,,,,,,,,,,,,,,,,,,,,,,,,,,,,,,,,,,301502,,,,,,,,,,,,,,,,,,,,,,,,,,,,,,,,,,,,,,,,,,,,politician,,,,,,,,,,,,,,,,,,,
Q39079256,Adrian Delia,,,,,,Adrian Delia,Adrian Delia (politician),,Adrian Delia,,,,,,,,,,,,,,,,,,,,,,,,,,,,,,,,,,,,,,,,,,,,,,,,,,,,,,,,,,,,,,,,,,,,,,,,,,,,,,,,,,,,,,,,,,,,,,,,,,,,,,Adrian Delia,,,,,,,,,,,,,,,,,,,,,,,,,,,,,,,,,,,,,,,,,,,,,,,,,,,,,,,,,,,,,,,,,,,,,,,,,,,,,,,,,,,,,,,,,,,,,,,,,,,,,,,,,,,,,,,,,,,,,,
Q440207,Claudette Pace,,Claudette Pace,Claudette Pace,Claudette Pace,Claudette Pace,Claudette Pace,Claudette Pace,,,,female,1968,Claudette,Claudette Pace,Claudette Pace,Claudette Pace,,/m/01tt06s,Claudette Pace,Claudette Pace,Claudette Pace,Claudette Pace,Claudette Pace,79999958,135159431,nm1500122,Claudette Pace,,,,,,,,,Claudette Pace,Claudette Pace,,Claudette Pace,,Claudette Pace,,Claudette Pace,,Claudette Pace,,,,,,,,,,Claudette Pace,Claudette Pace,,Claudette Pace,Claudette Pace,,,,,,,,,,,,,,,,,,,,,,,,,,,,,,,,,,,,,,Claudette Pace,Claudette Pace,Claudette Pace,,Claudette Pace,,,,,,,,,,Claudette Pace,,,,Claudette Pace,,Claudette Pace,,,Claudette Pace,,,,Claudette Pace,,,,,,Claudette Pace,,,,,,,,,,,Claudette Pace,,Claudette Pace,,,,,,,,,,,Claudette Pace,,,,,Claudette Pace,,,,,,,,,,,,,,Claudette Pace,,,,,,,,,,Pace,,,,,,,,,,,,,,,,,,,,,,,,,,Claudette Pace,singer,Claudette Pace,Claudette Pace,Claudette Pace,Claudette Pace,Claudette Pace,Claudette Pace,Claudette Pace,,,,,,,,,,,,
Q441784,Mario de Marco,Mario De Marco,Mario de Marco,Mario de Marco,Mario de Marco,,Mario de Marco,Mario de Marco,,Mario De Marco,Mario de Marco,male,1965-10-18,Mario,Mario de Marco,Mario de Marco,Mario de Marco,Mario de Marco,/m/0gx123,,,,,,,,,,,,,26817,,,,,,,,Mario de Marco,,,,,,,,,,,,,,,,,,,,,,,,,,,,,,,,,,,,,,,,,,,,,,,,,,,,,,,,,,,,,,,,,,,,,,,,Mario De Marco,,,,,,,,,,,,,,,,,,,,,,,,,,,,,,,,,,,,,,,,,,,,,,,,,,,,,,,,,,,,,,,,,,,,,,,,De Marco,,,,,,,,,,,,,,,,,,,,,,,,,,,politician,,,,,,,,,,,,,,,,,,,
Q4762878,Angelo Farrugia,Anġlu Farrugia,Angelo Farrugia,Angelo Farrugia,Angelo Farrugia,Angelo Farrugia,Angelo Farrugia,Angelo Farrugia,Angelo Farrugia,Anġlu Farrugia,Angelo Farrugia,male,1955-12-29,Angelo,Angelo Farrugia,,,,,,,,,,,,,,,,,,,,,,,,,,,,,,,,,,,,,,,安傑洛·法魯賈,,,,,,,,,,,,,,,,,,,,,,,,,,,,,,,,,https://upload.wikimedia.org/wikipedia/commons/e/ed/Press_Conference_-_Bratislava_Informal_Parliamentary_Summit_2016-10-07_(29542926073).jpg,,,,,,,,,,,,,,,,,,,,,,,,,Anġlu Farrugia,,,,,,,,,,,,,,,,,,,,,,,,,,,,,,,,,,,,,,,,,,,,,,,,,,,,,,,,,,,,,,,,,,,,,,,,,,,,,,,,,,,,,,,,,,,,,,,,,,,politician,,,,,,,,,,,,,,,,,,,
Q4771963,Anthony Abela,,Anthony Abela,,Anthony Abela,Anthony Abela,Anthony Abela,Anthony Abela,,,,male,1954,Anthony,Anthony Abela,Anthony Abela,,,,,,,,,292662085,13998657X,,,,,,,,,,,,,,,,,,,,,,,,,,,,,,,,,,,,,,,,,,,,,,,,,,,,,,,,,,,,,,,,,,15500489d,,,,2006-04-04,,,,,,,,,,,,,,,,Anthony Abela,,,,,,,,,,,,,,,,,,,,,,,,,,,,,,,,,,,,,,,,,,,,,,,,,,,,,,,,,,,,,,,,,,,,,,,,,,,,,,,,,,,,,,,,,,,,,,,,,,,philosopher,,,,,,,,,,,,,,,,,,,
Q5043368,Carmelo Abela,,Carmelo Abela,Carmelo Abela,Carmelo Abela,Carmelo Abela,Carmelo Abela,Carmelo Abela,Carmelo Abela,,,male,1972-02-10,Carmelo,Carmelo Abela,Carmelo Abela,,Carmelo Abela,,Carmelo Abela,Carmelo Abela,,,,,,,Carmelo Abela,,,,,Carmelo Abela,Carmelo Abela,,,Carmelo Abela,Carmelo Abela,Кармело Абела,Carmelo Abela,Carmelo Abela,,Carmelo Abela,Carmelo Abela,Carmelo Abela,Carmelo Abela,Carmelo Abela,,Carmelo Abela,Carmelo Abela,Carmelo Abela,,,,Carmelo Abela,Carmelo Abela,,,Carmelo Abela,Carmelo Abela,カルメロ・アベラ,,,,,,,,,,,,,,,,,,,,,,,,,,https://upload.wikimedia.org/wikipedia/commons/f/f6/Carmelo_Abela_at_2016_Prague_Process_press_conference.jpg,,,,Category:Carmelo Abela,,,,,,,Carmelo Abela,,Carmelo Abela,,Carmelo Abela,,,,,,,,,,Carmelo Abela,,,,Carmelo Abela,Carmelo Abela,Carmelo Abela,Carmelo Abela,,Carmelo Abela,Carmelo Abela,Carmelo Abela,Carmelo Abela,Carmelo Abela,,Carmelo Abela,Carmelo Abela,Carmelo Abela,Carmelo Abela,Carmelo Abela,Carmelo Abela,Carmelo Abela,,,Carmelo Abela,Carmelo Abela,Carmelo Abela,,Carmelo Abela,Carmelo Abela,Carmelo Abela,Carmelo Abela,Carmelo Abela,Carmelo Abela,Carmelo Abela,,Carmelo Abela,Carmelo Abela,,,Carmelo Abela,Carmelo Abela,Carmelo Abela,Carmelo Abela,Carmelo Abela,Carmelo Abela,Carmelo Abela,Carmelo Abela,Carmelo Abela,Carmelo Abela,,Carmelo Abela,Carmelo Abela,Carmelo Abela,Carmelo Abela,,,,,,,,Carmelo Abela,,,,,,,,,,Abela,,,,,,,,,,Carmelo Abela,,,,,,,,,,,,,,,,,politician,,,,,,,,,,,,,,,,,Carmelo Abela,Carmelo Abela,
Q5080619,Charles Mangion,Charles Mangion,Charles Mangion,,Charles Mangion,,Charles Mangion,Charles Mangion,,Charles Mangion,,male,1952-11-14,Charles,Charles Mangion,,,,,,,,,,,,,,,,,,,,,,,,,,,,,,,,,,,,,,,,,,,,,,,,,,,,,,,,,,,,,,,,,,,,,,,,,,,,,,,,,,,,,,,,,,,,,,,,,Charles Mangion,,,,,,,,,,,,,,,,,,,,,,,,,,,,,,,,,,,,,,,,,,,,,,,,,,,,,,,,,,,,,,,,,,,,,,,,,,,,,,,,,,,,,,,,,,,,,,,,,,,politician,,,,,,,,,,,,,,,,,,,
Q524961,Giovanna Debono,,Giovanna Debono,,Giovanna Debono,,Giovanna Debono,Giovanna Debono,,,,female,1956-11-25,Giovanna,Giovanna Debono,Giovanna Debono,Giovanna Debono,Giovanna Debono,/m/03wg2hd,,,,,,,,,,,,,,,,,,,,,Giovanna Debono,,,,,,,,,,,,,,,,,,,,,,,,,,,,,,,,,,,,,,,,,,,,,,,,,,,,,,,,,,,,,,,,,,,,,,,,Giovanna Debono,,,,,,,,,,,,,,,,,,,,,,,,,,,,,,,,,,,,,,,,,,,,,,,,,,,,,,,,,,,,,,,,,,,,,,,,,,,,,,,,,,,,,,,,,,,,,,,,,,,politician,,,,,,,,,,,,,,,,,,,
Q5373281,Emmanuel Mallia,Emanuel Mallia,Emmanuel Mallia,,Emmanuel Mallia,Emanuel Mallia,Emmanuel Mallia,Emmanuel Mallia,,Emanuel Mallia,,male,,Emanuel,Manuel Mallia,,,Manuel Mallia,,,,,,,,,,,,,,,,,,,,,,,,,,,,,,,,,,,,,,,,,,,,,,,,,,,,,,,,,,,,,,,,,,,,,https://upload.wikimedia.org/wikipedia/commons/5/5a/Minister_Dr._Emmanuel_Mallia.jpg,,,,,,,,,,,,,,,,,,,,,,,,,Emanuel Mallia,,,,,,,,,,,,,,,,,,,,,,,,,,,,,,,,,,,,,,,,,,,,,,,,,,,,,,,,,,,,,,,,,,,,,,,,Mallia,,,,,,,,,,,,,,,,,,,,,,,,,,,politician,,,,,,,,,,,,,,,,,,,
Q5373614,Emmy Bezzina,Emmy Bezzina,Emmy Bezzina,,Emmy Bezzina,,Emmy Bezzina,Emmy Bezzina,,Emmy Bezzina,,male,1945-10-29,Emmy,Emmy Bezzina,Emmy Bezzina,,,,,,,,,,,,,,,,,,,,,,,,,,,,,,,,,,,,,,,,,,,,,,,,,,,,,,,,,,,,,,,,,,,,,,,,,,,,,,,,,,,,,,,,,,,,,,,,Emmy Bezzina,,,,,,,,,,,,,,,,,,,,,,,,,,,,,,,,,,,,,,,,,,,,,,,,,,,,,,,,,,,,,,,,,,,,,,,,,,,,,,,,,,,,,,,,,,,,,,,,,,,,,,,,,,,,,,,,,,,,,,
Q5416069,Evarist Bartolo,Evarist Bartolo,Evarist Bartolo,,Evarist Bartolo,Evarist Bartolo,Evarist Bartolo,Evarist Bartolo,,Evarist Bartolo,,male,1952-10-14,Evarist,Evarist Bartolo,Evarist Bartolo,,Evarist Bartolo,,,,,,,66687625,,,,,,,,,,,,,,,Evarist Bartolo,,,,,,,,,,,,,,,,,,,,,,,,,,,,,,,,,,,,,,,,,,,,,,,https://upload.wikimedia.org/wikipedia/commons/7/76/HAND_SHAKE_2016-07-14_(28222985071)_(cropped).jpg,,,,Category:Evarist Bartolo,144569669,,,,,,,,,,,,,,,,,,,,Evarist Bartolo,,,,,,,,,,,,,,,,,,,,,,,,,,,,,,,,,,,,,,,,,,,,,,,,,,,,,,,,,0000 0000 0130 2503,,,,,,,,,,,,,,,Bartolo,,,,,,,,,,,,,,,,,,,,,,,,,,,politician,,,,,,,,,,,,,,,,,,,
Q5497307,Frederick Azzopardi,,Frederick Azzopardi,,Frederick Azzopardi,,Frederick Azzopardi,Frederick Azzopardi,,,,male,1949-09-15,Frederick,Frederick Azzopardi,,,,,,,,,,,,,,,,,,,,,,,,,,,,,,,,,,,,,,,,,,,,,,,,,,,,,,,,,,,,,,,,,,,,,,,,https://upload.wikimedia.org/wikipedia/commons/2/2b/Frederick_Azzopardi_-_September_2016_(cropped).jpg,,,,Category:Frederick Azzopardi,,,,,,,,,,,,,,,,,,,,,Frederick Azzopardi,,,,,,,,,,,,,,,,,,,,,,,,,,,,,,,,,,,,,,,,,,,,,,,,,,,,,,,,,,,,,,,,,,,,,,,,Azzopardi,,,,,,,,,,,,,,,,,,,,,,,,,,,politician,,,,,,,,,,,,,,,,,,,
Q5537111,George Borg,George Borg,George Borg,,George Borg,,George Borg,George Borg (judge),,George Borg,,male,1887-04-23,George,George Borg,,,,,,,,,,,,,,,,,,,,,,,,,,,,,,,,,,,,,,,,,,,,,,,,,,,,,,,,,,,,,,,,,,,,,,,,,,,,,,,,,1954-06-29,,,,,,,,,,,,,,,,George Borg,,,,,,,,,,,,,,,,,,,,,,,,,,,,,,,,,,,,,,,,,,,,,,,,,,,,,,,,,,,,,,,,,,,,,,,,,,,,,,,,,,,,,,,,,,,,,,,,,,,judge,,,,,,,,,,,,,,,,,,,
Q559545,Alfred Sant,Alfred Sant,Alfred Sant,Alfred Sant,Alfred Sant,Alfred Sant,Alfred Sant,Alfred Sant,Alfred Sant,Alfred Sant,Alfred Sant,male,1948-02-28,Alfred,Alfred Sant,Alfred Sant,Alfred Sant,Alfred Sant,/m/04djwy,Alfred Sant,,Alfred Sant,Alfred Sant,,69152347,,,,,n86812559,,124781,,,,,,,"Сант, Альфред",Alfred Sant,,,,,,,,,,,,,Альфред Сант,,Alfred Sant,,,آلفرد سنت,,,アフルレッド・サント,Альфрэд Сант,,Альфрэд Сант,,,,Alfred Sant,,آلفرد سنت,,,,,Alfred Sant,,,,,,,,"Сант, Альфред",,Альфред Сант,,,,,,,14457019j,,,,,אלפרד סנט,Alfred Sant,,,,,,,,Alfred Sant,,,,,080304893,Alfred Sant,,,,,,,,,,,,,,,,,,,,,,,,,,,,,,,,,,,,,,,,,,Alfred Sant,,,,,,,,,,,,,,Alfred Sant,0000 0000 3197 3631,170593,,,,,,,,,,,,,,,,,,,,,,,,,,,,,,,,,,,,,,,,,politician,,,,,,,,,,,,,,,,,,,
Q5622909,Ġużè Ellul Mercer,Ġużè Ellul Mercer,Ġużè Ellul Mercer,,Ġużè Ellul Mercer,,Ġużè Ellul Mercer,Ġużè Ellul Mercer,,Ġużè Ellul Mercer,,male,1897-03-22,,Ġużè Ellul Mercer,Guze Ellul Mercer,,,,,,,,,12612142,,,,,,,,,,,,,,,Guze Ellul Mercer,,,,,,,,,,Ġużè Ellul Mercer,,,,,,,,,,,,,,,,,,,,,,,,,,,,,,,,,,,,,,,,,,15511461g,,,,1961-09-22,,,,,,,,,,,,,,,,Ġużè Ellul Mercer,,,,,,,,,,,,,,,,,,,,,,,,,,,,,,,,,,,,,,,,,,,,,,,,,,,,,,,,,,,,,,,,,,,,,,,,,,,,,,,,,,,,,,,,,,,,,,,,,,,politician,,,,,,,,,,,,,,,,,,,
Q57502,George Abela,George Abela,George Abela,George Abela,George Abela,George Abela,George Abela,George Abela,George Abela,George Abela,George Abela,male,1948-04-22,George,George Abela,George Abela,George Abela,George Abela,/m/047dfz8,Ġorġ Abela,George Abela,George Abela,Ġorġ Abela,,,,,George Abela,George Abela,,,,,,George Abela,Corc Abela,,,Джордж Абела,Ġorġ Abela,George Abela,George Abela,George Abela,,George Abela,George Abela,George Abela,Τζορτζ Αμπέλα,George Abela,George Abela,George Abela,George Abela,Джордж Абела,乔治·阿贝拉,George Abela,George Abela,,جرج آبلا,George Abela,George Abela,ジョージ・アベーラ,Джордж Абела,조지 아벨라,Джордж Абела,Ġorġ Abela,Τζορτζ Αμπέλα,George Abela,George Abela,George Abela,جرج آبلا,George Abela,,Ġorġ Abela,George Abela,George Abela,ジョージ・アベーラ,조지 아벨라,,George Abela,,George Abela,,"Абела, Джордж",George Abela,Джордж Абела,乔治·阿贝拉,https://upload.wikimedia.org/wikipedia/commons/5/59/George_Abela.jpg,,ჯორჯ აბელა,,Category:George Abela,,جورج أبيلا,جورج أبيلا,,,ג'ורג' אבלה,George Abela,George Abela,,Џорџ Абела,George Abela,George Abela,,ג'ורג' אבלה,George Abela,Џорџ Абела,George Abela,,,,George Abela,,Джордж Абэла,Джордж Абэла,,,,,,,,,,,,,,,,,,,,,,,,Džordžs Abela,,,,,,,,,,,,,,,,,,,,,,,,,,,,,,,,Джордж Абела,喬治·阿貝拉,乔治·阿贝拉,George Abela,Джордж Абела,George Abela,Džordžs Abela,,,,,,,,,,,,,,,,,,,,,,,,,,,,,,,,,,politician,,,,,,,,,,,,,,,,,,,
Q57620,Lawrence Gonzi,Lawrence Gonzi,Lawrence Gonzi,Lawrence Gonzi,Lawrence Gonzi,Lawrence Gonzi,Lawrence Gonzi,Lawrence Gonzi,Lawrence Gonzi,Lawrence Gonzi,Lawrence Gonzi,male,1953-07-01,Lawrence,Lawrence Gonzi,Lawrence Gonzi,Lawrence Gonzi,Lawrence Gonzi,/m/02rfy0,Lawrence Gonzi,Lawrence Gonzi,Lawrence Gonzi,Lawrence Gonzi,Lawrence Gonzi,311774563,,,Lawrence Gonzi,Lawrence Gonzi,nb2014026177,,,,,,,Lawrence Gonzi,,"Гонци, Лоуренс",Lawrence Gonzi,Lawrence Gonzi,Lawrence Gonzi,Lawrence Gonzi,Lawrence Gonzi,Lawrence Gonzi,Lawrence Gonzi,,Λόρενς Γκόνζι,,,Lawrence Gonzi,,Лоренс Гонзі,劳伦斯·贡齐,Lawrence Gonzi,Lawrence Gonzi,,لاورنس گونزی,Lawrence Gonzi,Lawrence Gonzi,ローレンス・ゴンズィ,,로런스 곤지,,Lawrence Gonzi,Λόρενς Γκόνζι,Lawrence Gonzi,Lawrence Gonzi,Lawrence Gonzi,لاورنس گونزی,Lawrence Gonzi,Lawrence Gonzi,Lawrence Gonzi,Lawrence Gonzi,Lawrence Gonzi,,로런스 곤지,Lawrence Gonzi,,,Lawrence Gonzi,,"Гонзи, Лоренс",Lawrence Gonzi,Лоренс Гонзі,劳伦斯·贡齐,https://upload.wikimedia.org/wikipedia/commons/d/df/EPP_Congress_Marseille_7444.jpg,vhyzn0rv43za,ლოურენს გონცი,,Category:Lawrence Gonzi,,لورانس غونزي,لورانس غونزي,,,לורנס גונצי,Lawrence Gonzi,Lawrence Gonzi,Lawrence Gonzi,Лоренс Гонзи,Lawrence Gonzi,Lawrence Gonzi,Lawrence Gonzi,לורנס גונצי,Lawrence Gonzi,Лоренс Гонзи,Lawrence Gonzi,Lawrence_Gonzi,lawrencegonzi,,Lawrence Gonzi,,Лорэнс Гонзі,Лорэнс Гонзі,,,,,,,,,,,,,,,,,,,,,,,,,,,,,,,,,,,,,,,,,,,,,,,,,,,,,,,,,,,Lawrence Gonzi,,,,,,,,,,,,,,,,,,,,,,,,biography/Lawrence-Gonzi,,,,,,,,,,,,,economist,,,,,,,,,,,,,,,Lawrence Gonzi,Lawrence Gonzi,,,
Q6176221,Jeffrey Pullicino Orlando,Jeffrey Pullicino Orlando,,,Jeffrey Pullicino Orlando,,Jeffrey Pullicino Orlando,Jeffrey Pullicino Orlando,,Jeffrey Pullicino Orlando,,male,1963-11-27,Jeffrey,Jeffrey Pullicino Orlando,,,,,,,,,,,,,,,,,,,,,,,,,,,,,,,,,,,,,,,,,,,,,,,,,,,,,,,,,,,,,,,,,,,,,,,,https://upload.wikimedia.org/wikipedia/commons/8/8f/Dr_Jeffrey_Pullicino_Orlando_speaking_.jpg,,,,,,,,,,,,,,,,,,,,,,,,,Jeffrey Pullicino Orlando,,,,,,,,,,,,,,,,,,,,,,,,,,,,,,,,,,,,,,,,,,,,,,,,,,,,,,,,,,,,,,,,,,,,,,,,,,,,,,,,,,,,,,,,,,,,,,,,4184,,,,,,,,,,,,,,,,,,,,,,
Q6209462,Joe Debono Grech,Joe Debono Grech,Joe Debono Grech,,Joe Debono Grech,,Joe Debono Grech,Joe Debono Grech,,Joe Debono Grech,,male,1939-09-17,Joe,Joe Debono Grech,,,,,,,,,,,,,,,,,,,,Cozef Debone Qrex,Cozef Debone Qrex,,,,,,,,,,,,,,,,,,,,,,,,,,,,,,,,,,,,,,,,,,,,,,,,,,,,,,,,,,,,,,,,,,,,,,,,,,,,Joe Debono Grech,,,,,,,,,,,,,,,,,,,,,,,,,,,,,,,,,,,,,,,,,,,,,,,,,,,,,,,,,,,,,,,,,,,,,,,,,,,,,,,,,,,,,,,,,,,,,,,,,,,politician,,,,,,,,,,,,,,,,,,,
Q632408,Joe Cassar,,Joe Cassar,,Joe Cassar,,Joe Cassar,Joe Cassar,,,,male,1966-05-19,Joe,Joe Cassar,Joe Cassar,Joe Cassar,Joe Cassar,/m/05s_62b,,,,,,,,,,,,,,,,,,,,,Joe Cassar,,,,,,,,,,,,,,,,,,,,,,,,,,,,,,,,,,,,,,,,,,,,,,,,,,,,,,,,,,,,,,,,,,,,,,,,Joe Cassar,,,,,,,,,,,,,,,,,,,,,,,,,,,,,,,,,,,,,,,,,,,,,,,,,,,,,,,,,,,,,,,,,,,,,,,,,,,,,,,,,,,,,,,,,,,,,,,,,,,politician,,,,,,,,,,,,,,,,,,,
Q6371683,Karl Chircop,Karl Chircop,Karl Chircop,,Karl Chircop,,Karl Chircop,Karl Chircop,,Karl Chircop,,male,1965-08-07,Karl,Karl Chircop,,,,,,,,,,,,,,,,,,,,,,,,,,,,,,,,,,,,,,,,,,,,,,,,,,,,,,,,,,,,,,,,,,,,,,,,,,,,,,,,,2008-10-12,,,,,,,,,,,,,,,,Karl Chircop,,,,,,,,,,,,,,,,,,,,,,,,,,,,,,,,,,,,,,,,,,,,,,,,,,,,,,,,,,,,,,,,,,,,,,,,,,,,,,,,,,,,,,,,,,,,,,,,,,,physician,,,,,,,,,,,,,,,,,,,
Q6762928,Marie Louise Coleiro Preca,Marie Louise Coleiro Preca,Marie Louise Coleiro Preca,Marie-Louise Coleiro Preca,Marie Louise Coleiro Preca,Marie Louise Coleiro Preca,Marie Louise Coleiro Preca,Marie-Louise Coleiro Preca,Marie Louise Coleiro Preca,Marie Louise Coleiro Preca,Marie-Louise Coleiro Preca,female,1958-12-07,Marie,Marie Louise Coleiro Preca,Marie-Louise Coleiro Preca,Marie Louise Coleiro Preca,Marie-Louise Coleiro Preca,/m/04140xb,Marie Louise Coleiro Preca,Marie Louise Coleiro Preca,Marie-Louise Coleiro Preca,Marie Louise Coleiro Preca,Marie-Louise Coleiro Preca,,,,Marie Louise Coleiro Preca,,,http://president.gov.mt/il-president-ta-malta/bijografija-tal-president/,,Maria Ludovica Coleiro Preca,Maria Ludovica Coleiro Preca,,,,,"Колейро Прека, Мари-Луиз",Marie Louise Coleiro Preca,Marie Louise Coleiro Preca,Marie Louise Coleiro Preca,Marie Louise Coleiro Preca,Marie Louise Coleiro Preca,Marie Louise Coleiro Preca,Marie Louise Coleiro Preca,Marie Louise Coleiro Preca,Μαρία Λουίζα Κολέιρο Πρέκα,Marie Louise Coleiro Preca,Marie Louise Coleiro Preca,Marie Louise Coleiro Preca,,Марі-Луїз Колейро Прека,玛丽·路易斯·科勒略·普雷卡,Marie Louise Coleiro Preca,Marie Louise Coleiro Preca,,ماری لوئیز کولیرو پریکا,Marie Louise Coleiro Preca,Marie Louise Coleiro Preca,マリールイーズ・コレイロ・プレカ,,마리 루이즈 콜레이로 프레카,,Marie Louise Coleiro Preca,Μαρία Λουίζα Κολέιρο Πρέκα,Marie Louise Coleiro Preca,Marie-Louise Coleiro Preca,Marie Louise Coleiro Preca,ماری لوئیز کولیرو پریکا,Marie Louise Coleiro Preca,,Marie Louise Coleiro Preca,Marie Louise Coleiro Preca,Marie Louise Coleiro Preca,マリールイーズ・コレイロ・プレカ,마리 루이즈 콜레이로 프레카,Marie Louise Coleiro Preca,,,Marie Louise Coleiro Preca,,"Колейро Прека, Мари-Луиз",Marie Louise Coleiro Preca,Марі-Луїз Колейро Прека,玛丽·路易斯·科勒略·普雷卡,https://upload.wikimedia.org/wikipedia/commons/f/f6/Malta_President_Marie_Louise_Coleiro_Preca.jpg,,მარი-ლუიზ კოლეირო-პრეკა,მარი-ლუიზ კოლეირო-პრეკა,Category:Marie-Louise Coleiro Preca,,ماري لويز كوليرو بريكا,ماري لويز كوليرو بريكا,,,מארי לואיז קוליירו פרקה,,,,,Marie-Louise Coleiro Preca,Marie-Louise Coleiro Preca,,מארי לואיז קוליירו פרקה,,,,presidentmt,PresidentofMalta,,Marie Louise Coleiro Preca,,Мары-Луіз Калейра Прэка,Мары-Люіз Калейра Прэка,,,,,,,,,,,,,,,,,,,,,,,,,,,,,,,,,,,,,,,,,,,,,,,,,,,,,,,,Мари-Луиз Колейро Прека,,,,Мари-Луиз Колейро Прека,,,,,,,,,,,,,,,,,,,Marie Louise Coleiro Preca,,Marie Louise Coleiro Preca,,,,,,,,,,,,,,,politician,,,,,,,,,,Мари-Луиз Колейро Прека,,UCQ28ccgTL5v7HvgjGym7pYA,,,,,,,
Q6830205,Michael Falzon,Michael Falzon,Michael Falzon,,Michael Falzon,,Michael Falzon,Michael Falzon (politician),,Michael Falzon,,male,1961-11-16,Michael,Michael Falzon,Michael Falzon,,,,,,,,,,,,,,,,,,,,,,,,Michael Falzon,,,,,,,,,,,,,,,,,,,,,,,,,,,,,,,,,,,,,,,,,,,,,,,https://upload.wikimedia.org/wikipedia/commons/e/ea/Michael_Falzon_2007_jpg.jpg,,,,,,,,,,,,,,,,,,,,,,,,,Michael Falzon,,,,,,,,,,,,,,,,,,,,,,,,,,,,,,,,,,,,,,,,,,,,,,,,,,,,,,,,,,,,,,,,,,,,,,,,Falzon,,,,,,,,,,,,,,,,,,,,,,,,,,,politician,,,,,,,,,,,,,,,,,,,
Q6830673,Michael Gonzi,,Michael Gonzi,,Michael Gonzi,Michael Gonzi,Michael Gonzi,Michael Gonzi,,,,male,1960-10-23,Michael,Michael Gonzi,Michael Gonzi,,,,,,,,,,,,,,,,,,,,,,,,Michael Gonzi,,,,,,,,,,,,,,,,,,,,,,,,,,,,,,,,,,,,,,,,,,,,,,,,,,,,,,,,,,,,,,,,,,,,,,,,Michael Gonzi,,,,,,,,,,,,,,,,,,,,,,,,,,,,,,,,,,,,,,,,,,,,,,,,,,,,,,,,,,,,,,,,,,,,,,,,,,,,,,,,,,,,,,,,,,,,,,,,,,,politician,,,,,,,,,,,,,,,,,,,
Q7052519,Norman Lowell,Norman Lowell,Norman Lowell,,Norman Lowell,,Norman Lowell,Norman Lowell,,Norman Lowell,,male,1946-07-29,Norman,Norman Lowell,Norman Lowell,,Norman Lowell,,,,,,,,,,,,,,,,,,,,,,,,,,,,,,,,,,,,,,,,,,,,,,,,,,,,,,,,,,,,,,,,,,,,,https://upload.wikimedia.org/wikipedia/commons/a/a4/Norman_Lowell.jpg,,,,,,,,,,,,,,,,,,,,,,,,,Norman Lowell,,,,,,,,,,,,,,,,,,,,,,,,,,,,,,,,,,,,,,,,,,,,,,,,,,,,,,,,,,,,,,,,,,,,,,,,,,,,,,,,,,,,,,,,,,,,,,,,,,,politician,,,,,,,,,,,,,,,,,,,
Q7149445,Paul Borg Olivier,Paul Borg Olivier,Paul Borg Olivier,,Paul Borg Olivier,,Paul Borg Olivier,Paul Borg Olivier,,Paul Borg Olivier,,male,1969-09-01,Paul,Paul Borg Olivier,,,,,,,,,,,,,,,,,,,,,,,,,,,,,,,,,,,,,,,,,,,,,,,,,,,,,,,,,,,,,,,,,,,,,,,,,,,,,,,,,,,,,,,,,,,,,,,,,Paul Borg Olivier,,,,,,,,,,,,,,,,,,,,,,,,,,,,,,,,,,,,,,,,,,,,,,,,,,,,,,,,,,,,,,,,,,,,,,,,,,,,,,,,,,,,,,,,,,,,,,,,,,,politician,,,,,,,,,,,,,,,,,,,
Q7214825,Lino Spiteri,Lino Spiteri,Lino Spiteri,Lino Spiteri,Lino Spiteri,Lino Spiteri,Lino Spiteri,Lino Spiteri,,Lino Spiteri,Lino Spiteri,male,1938-09-23,Lino,Lino Spiteri,Lino Spiteri,Lino Spiteri,,,Lino Spiteri,Lino Spiteri,,,,74099764,,,Lino Spiteri,,,,,,,,,Lino Spiteri,Lino Spiteri,,Lino Spiteri,Lino Spiteri,,Lino Spiteri,Lino Spiteri,Lino Spiteri,Lino Spiteri,Lino Spiteri,,Lino Spiteri,Lino Spiteri,Lino Spiteri,,,,Lino Spiteri,Lino Spiteri,,,Lino Spiteri,Lino Spiteri,,,,,,,,,,,,,,,,,,,,,,,,,,,,,,,,145895165,,,,2014-11-14,לינו ספיטרי,Lino Spiteri,,Lino Spiteri,,Lino Spiteri,,,לינו ספיטרי,,,,,,,Lino Spiteri,,,,Lino Spiteri,Lino Spiteri,Lino Spiteri,Lino Spiteri,,Lino Spiteri,Lino Spiteri,Lino Spiteri,Lino Spiteri,Lino Spiteri,,Lino Spiteri,Lino Spiteri,Lino Spiteri,Lino Spiteri,Lino Spiteri,Lino Spiteri,Lino Spiteri,,,Lino Spiteri,Lino Spiteri,Lino Spiteri,,Lino Spiteri,Lino Spiteri,Lino Spiteri,Lino Spiteri,Lino Spiteri,Lino Spiteri,Lino Spiteri,,Lino Spiteri,Lino Spiteri,,,Lino Spiteri,Lino Spiteri,Lino Spiteri,Lino Spiteri,Lino Spiteri,Lino Spiteri,Lino Spiteri,Lino Spiteri,Lino Spiteri,Lino Spiteri,,Lino Spiteri,Lino Spiteri,Lino Spiteri,Lino Spiteri,,,,,,,,Lino Spiteri,,,,,,,,,,,,,,,,,,,,Lino Spiteri,,,,,,,,,,,,,,,,,writer,,,,,,,,,,,,,,,,,,,
Q7341603,Robert Arrigo,,Robert Arrigo,,Robert Arrigo,Robert Arrigo,Robert Arrigo,Robert Arrigo,,,,male,1954-12-04,Robert,Robert Arrigo,,,,,,,,,,,,,,,,,,,,,,,,,,,,,,,,,,,,,,,,,,,,,,,,,,,,,,,,,,,,,,,,,,,,,,,,,,,,,,,,,,,,,,,,,,,,,,,,,Robert Arrigo,,,,,,,,,,,,,,,,,,,,,,,,,,,,,,,,,,,,,,,,,,,,,,,,,,,,,,,,,,,,,,,,,,,,,,,,Arrigo,,,,,,,,,,,,,,,,,,,,,,,,,,,politician,,,,,,,,,,,,,,,,,,,
Q736796,Paul Boffa,Pawlu Boffa,Paul Boffa,,Paul Boffa,Paul Boffa,Paul Boffa,Paul Boffa,Paul Boffa,Pawlu Boffa,,male,1890-06-30,Paul,Paul Boffa,Paul Boffa,Paul Boffa,Paul Boffa,/m/07dt1_,,Pawlu Boffa,Paul Boffa,,,,,,Pawlu Boffa,,,,,,,,,,,"Боффа, Пол",Paul Boffa,,,,,,,,,,,Pawlu Boffa,,,,,,,,Pawlu Boffa,,ポール・ボッファ,,,,,,,,,,,,,,,,,,,,,,"Боффа, Пол",,,,https://upload.wikimedia.org/wikipedia/commons/a/a2/Malta_-_Valletta_-_Triq_Nofs-in-Nhar-Misrah_Kastilja_-_Paul_Boffa_03_ies.jpg,,,,,,,,,1962-07-06,פול בופה,,,,,,,,,,,,,,,Pawlu Boffa,,,,,,,,,,,,,,,,,,,,,,,,,,,,,,,,,,,,,,,,,,,,,,,,,,,,,,,,,,,,,,,,,,,,,,,,,,,,101093411,,,,,,,,,,,,,,,,,,,,,,,politician,,,,,,,,,,,,,,,,,,,
Q7821236,Toni Abela,Toni Abela,Toni Abela,,Toni Abela,,Toni Abela,Toni Abela,,Toni Abela,,male,1957-07-01,Toni,Toni Abela,,,,,,,,,,,,,,,,,,,,,,,,,,,,,,,,,,,,,,,,,,,,,,,,,,,,,,,,,,,,,,,,,,,,,,,,https://upload.wikimedia.org/wikipedia/commons/5/56/Dr_Toni_Abela_MT_.jpg,,,,,,,,,,,,,,,,,,,,,,,,,Toni Abela,,,,,,,,,,,,,,,,,,,,,,,,,,,,,,,,,,,,,,,,,,,,,,,,,,,,,,,,,,,,,,,,,,,,,,,,,,,,,,,,,,,,,,,,,,,,,,,,,,,,,,,,,,,,,,,,,,,,,,
Q8079637,Ċensu Galea,,Ċensu Galea,,Ċensu Galea,,Ċensu Galea,Ċensu Galea,,,,male,1956-08-28,,Ċensu Galea,,,,,,,,,,,,,,,,,,,,,,,,,Ċensu Galea,,,,,,,,,,,,,,,,,,,,,,,,,,,,,,,,,,,,,,,,,,,,,,,,,,,,,,,,,,,,,,,,,,,,,,,,Censu Galea,,,,,,,,,,,,,,,,,,,,,,,,,,,,,,,,,,,,,,,,,,,,,,,,,,,,,,,,,,,,,,,,,,,,,,,,,,,,,,,,,,,,,,,,,,,,,,,,,,,architect,,,,,,,,,,,,,,,,,,,
Q938224,Joseph Muscat,Joseph Muscat,Joseph Muscat,Joseph Muscat,Joseph Muscat,Joseph Muscat,Joseph Muscat,Joseph Muscat,Joseph Muscat,Joseph Muscat,Joseph Muscat,male,1974-01-22,Joseph,Joseph Muscat,Joseph Muscat,Joseph Muscat,Joseph Muscat,/m/0546jk,Joseph Muscat,Joseph Muscat,Joseph Muscat,Joseph Muscat,Joseph Muscat,310665003,1092672893,,Joseph Muscat,,n2014050053,http://www.josephmuscat.com,28121,Iosephus Muscat,Iosephus Muscat,,,Joseph Muscat,Joseph Muscat,"Мускат, Джозеф",Joseph Muscat,Joseph Muscat,Joseph Muscat,Joseph Muscat,Joseph Muscat,Joseph Muscat,Joseph Muscat,Joseph Muscat,Τζόζεφ Μούσκατ,Joseph Muscat,Joseph Muscat,Joseph Muscat,Joseph Muscat,Джозеф Мускат,约瑟夫·穆斯卡特,Joseph Muscat,Joseph Muscat,Joseph Muscat,جوزف موسکات,Joseph Muscat,Joseph Muscat,ジョゼフ・ムスカット,Джозеф Мускат,조지프 무스카트,Джозеф Мускат,Joseph Muscat,Τζόζεφ Μούσκατ,Joseph Muscat,Joseph Muscat,Joseph Muscat,جوزف موسکات,Joseph Muscat,Joseph Muscat,Joseph Muscat,Joseph Muscat,Joseph Muscat,ジョゼフ・ムスカット,조지프 무스카트,Joseph Muscat,Joseph Muscat,Joseph Muscat,Joseph Muscat,Joseph Muscat,"Мускат, Джозеф",Joseph Muscat,Джозеф Мускат,约瑟夫·穆斯卡特,https://upload.wikimedia.org/wikipedia/commons/f/fa/Joseph_Muscat.jpg,vj7vdvdlifyo,,,,,,,Joseph Muscat,,ג'וזף מאסקט,,,,,,,,ג'וזף מאסקט,,,,,,,Joseph Muscat,,Джозэф Мускат,Джозэф Мускат,,,,,,,,,,,,,,,,,,,,,,,,,,,,,,,,,,,,,,,,,,,,,,,,,,,,,,,,Джоузеф Мускат,,,,Джоузеф Мускат,,,,,,,,,Muscat,,,,,,,,,,,,,,,,,,,,,,,,,Joseph Muscat,Joseph Muscat,politician,,,,,,,,,,,,,,,,,,,Joseph Muscat
Q983140,George Borg Olivier,Ġorġ Borg Olivier,George Borg Olivier,George Borg Olivier,George Borġ Olivier,Giorgio Borg Olivier,George Borg Olivier,George Borg Olivier,Giorgio Borg Olivier,Ġorġ Borg Olivier,George Borg Olivier,male,1911-07-05,Giorgio,Giorgio Borg Olivier,Giorgio Borg Olivier,George Borġ Olivier,Giorgio Borg Olivier,/m/03m91y,,Giorgio Borg Olivier,George Borg Olivier,,Giorgio Borg Olivier,30697095,132389282,,Ġorġ Borg Olivier,,n83063242,,,,,,,,Ġorġ Borg Olivier,"Борг Оливер, Джордж",Gorg Borg Olivier,,,,,,,,,,,Giorgio Borg Olivier,,,,,,,,Ġorġ Borg Olivier,,ジョルジオ・ボーグ・オリヴァー,,,,,,,Giorgio Borg Olivier,,,,,Ġorġ Borġ Olivier,,,,,,,,Giorgio Borg Olivier,,"Борг Оливер, Джордж",,,,https://upload.wikimedia.org/wikipedia/commons/f/fb/Statue_Giorgio_Borg_Olivier_Castille_Square_Valletta_n2.jpg,,,,Category:Giorgio Borg Olivier,,,,,1980-10-29,,,,,,,,,,,,,,,,Ġorġ Borg Olivier,,,,,,,,,,,,,,,,,,,,,,,,,,,,,,,,,,,,,,,,,,,,,,,,,,,,,,,,,,1717831,,,,,,,,,,,,,,,,,,101031515,mp52186,,,,,,,,,biography/George-Borg-Olivier,,,,,,,,0011385,84453,,,,politician,,,,,,,,,,,,,,,,,,,
Q989815,Enrico Mizzi,Enrico Mizzi,Enrico Mizzi,Enrico Mizzi,Enrico Mizzi,Enrico Mizzi,Enrico Mizzi,Enrico Mizzi,Enrico Mizzi,Enrico Mizzi,Enrico Mizzi,male,1885-09-20,Enrico,Enrico Mizzi,Enrico Mizzi,Enrico Mizzi,Enrico Mizzi,/m/08899q,,Enrico Mizzi,Enrico Mizzi,,,70279324,,,Enrico Mizzi,,n82106758,,,,,,,,,"Мицци, Энрико",Enrico Mizzi,,,,,,,,,,,Enrico Mizzi,,,,,,,,Enrico Mizzi,,エンリコ・ミッツィ,,,,,,,Enrico Mizzi,,,,,Enrico Mizzi,,,,,,,,,,"Мицци, Энрико",,,,https://upload.wikimedia.org/wikipedia/commons/f/fc/Enrico_Mizzi.JPG,,,,,,,,,1950-12-20,אנריקו מיצי,,,,,,,,,,,,,,,Enrico Mizzi,,,,,,,,,,,,,,,,,,,,,,,,,,,,,,,,,,,,,,,,,,,,,,,,,,,,,,,,,,1453820,,,,,,,,,,,,,,,,,,,,,,,,,,,,,,,,,,,,,,,,,politician,,,,,,,,,,,,,,,,,,,
