id,name,sort_name,email,twitter,facebook,group,group_id,area_id,area,chamber,term,start_date,end_date,image,gender
bc584d7f-86a1-4c2d-97b4-081971d8a1fa,Aadu Must,Aadu Must,Aadu.Must@riigikogu.ee,,100000744087901,Eesti Keskerakonna fraktsioon,f6b76a72-7b02-433b-8ced-4f9b8d3f980c,,,Riigikogu,12,,2013-10-31,https://www.riigikogu.ee/wpcms/wp-content/uploads/ems/temp/68d27c93-66c5-4255-9af3-457a8b5ce77c.jpg,male
fd4721db-ba4e-41b9-b110-3896ee891e82,Aare Heinvee,Aare Heinvee,,,,Eesti Reformierakonna fraktsioon,809ffcc5-c6cf-40f2-a985-2e859e3a0396,,,Riigikogu,12,,,https://upload.wikimedia.org/wikipedia/commons/e/e6/RE_Aare_Heinvee.jpg,male
25912f45-37b5-49fe-8d34-e4ba3d0a0061,Aivar Kokk,Aivar Kokk,Aivar.Kokk@riigikogu.ee,,aivar.kokk,Isamaa ja Res Publica Liidu fraktsioon,c52ce7c4-e725-407e-81c4-d903f6b61b93,,,Riigikogu,12,,,https://www.riigikogu.ee/wpcms/wp-content/uploads/ems/temp/5489f095-34b5-42b6-a2f4-f0c7b89315df.jpg,male
d1de7f30-af49-410e-ae10-8f4ac42637e7,Aivar Riisalu,Aivar Riisalu,,,,Eesti Keskerakonna fraktsioon,f6b76a72-7b02-433b-8ced-4f9b8d3f980c,,,Riigikogu,12,,2014-09-07,https://upload.wikimedia.org/wikipedia/commons/b/be/KE_Aivar_Riisalu.jpg,male
d1de7f30-af49-410e-ae10-8f4ac42637e7,Aivar Riisalu,Aivar Riisalu,,,,Fraktsiooni mittekuuluvad Riigikogu liikmed,b17101c9-6e7b-4c8e-a34d-e7affd450ff3,,,Riigikogu,12,2014-09-08,,https://upload.wikimedia.org/wikipedia/commons/b/be/KE_Aivar_Riisalu.jpg,male
2474d178-2397-4e8f-abd0-adc59494e159,Aivar Rosenberg,Aivar Rosenberg,,,,Eesti Reformierakonna fraktsioon,809ffcc5-c6cf-40f2-a985-2e859e3a0396,,,Riigikogu,12,2014-04-09,,,male
480df40f-359a-4238-b179-332d47dd1611,Aivar Sõerd,Aivar Sõerd,Aivar.Soerd@riigikogu.ee,,aivar.soerd,Eesti Reformierakonna fraktsioon,809ffcc5-c6cf-40f2-a985-2e859e3a0396,,,Riigikogu,12,,,https://www.riigikogu.ee/wpcms/wp-content/uploads/ems/temp/78d2bb0c-ab46-4996-8991-9fbc1265bd95.jpg,male
740550dd-b1e2-4797-9bdd-3e89773e99f6,Andre Sepp,Andre Sepp,Andre.Sepp@riigikogu.ee,,andre.sepp.9,Eesti Reformierakonna fraktsioon,809ffcc5-c6cf-40f2-a985-2e859e3a0396,,,Riigikogu,12,2011-04-06,2014-03-26,http://www.riigikogu.ee/wpcms/wp-content/uploads/ems/temp/85a9876e-ff12-44f7-8469-97d2bb201559.jpg,male
740550dd-b1e2-4797-9bdd-3e89773e99f6,Andre Sepp,Andre Sepp,Andre.Sepp@riigikogu.ee,,andre.sepp.9,Eesti Reformierakonna fraktsioon,809ffcc5-c6cf-40f2-a985-2e859e3a0396,,,Riigikogu,12,2014-06-18,,http://www.riigikogu.ee/wpcms/wp-content/uploads/ems/temp/85a9876e-ff12-44f7-8469-97d2bb201559.jpg,male
0f6896f8-4e95-4495-8799-be2a3ad7cf7a,Andrei Korobeinik,Andrei Korobeinik,,korobeinik,,Eesti Reformierakonna fraktsioon,809ffcc5-c6cf-40f2-a985-2e859e3a0396,,,Riigikogu,12,2011-04-06,2013-12-04,https://upload.wikimedia.org/wikipedia/commons/4/44/RE_Andrei_Korobeinik.jpg,male
e28a42b5-395d-4993-9025-f5b417edd583,Andres Anvelt,Andres Anvelt,Andres.Anvelt@riigikogu.ee,andresanvelt,100000095936669,Sotsiaaldemokraatliku Erakonna fraktsioon,f8b6d88a-65e1-45b0-a230-501ceefd90eb,,,Riigikogu,12,,2014-03-26,http://www.riigikogu.ee/wpcms/wp-content/uploads/ems/temp/baf804c0-943c-4c42-932e-3cd1151caf9f.jpg,male
778bc451-73d2-40be-bc52-174b8c852907,Andres Herkel,Andres Herkel,Andres.Herkel@riigikogu.ee,andresherkel,100000379332463,Isamaa ja Res Publica Liidu fraktsioon,c52ce7c4-e725-407e-81c4-d903f6b61b93,,,Riigikogu,12,,2013-12-08,https://www.riigikogu.ee/wpcms/wp-content/uploads/ems/temp/f2589830-2f44-48c3-ada2-813334e00eee.jpg,male
778bc451-73d2-40be-bc52-174b8c852907,Andres Herkel,Andres Herkel,Andres.Herkel@riigikogu.ee,andresherkel,100000379332463,Fraktsiooni mittekuuluvad Riigikogu liikmed,b17101c9-6e7b-4c8e-a34d-e7affd450ff3,,,Riigikogu,12,2013-12-09,,https://www.riigikogu.ee/wpcms/wp-content/uploads/ems/temp/f2589830-2f44-48c3-ada2-813334e00eee.jpg,male
9dfe96c8-d8e7-4d27-8135-ffb1cdbda961,Andres Jalak,Andres Jalak,,,,Isamaa ja Res Publica Liidu fraktsioon,c52ce7c4-e725-407e-81c4-d903f6b61b93,,,Riigikogu,12,2011-12-06,2014-03-26,,male
062854b4-591c-4c47-83e4-bf0c20c64ef3,Andrus Ansip,Andrus Ansip,,Ansip_EU,,Eesti Reformierakonna fraktsioon,809ffcc5-c6cf-40f2-a985-2e859e3a0396,,,Riigikogu,12,,2011-04-05,https://upload.wikimedia.org/wikipedia/commons/6/61/Portrait_Andrus_Ansip.jpg,male
062854b4-591c-4c47-83e4-bf0c20c64ef3,Andrus Ansip,Andrus Ansip,,Ansip_EU,,Eesti Reformierakonna fraktsioon,809ffcc5-c6cf-40f2-a985-2e859e3a0396,,,Riigikogu,12,2014-03-26,2014-06-18,https://upload.wikimedia.org/wikipedia/commons/6/61/Portrait_Andrus_Ansip.jpg,male
e57caa47-077a-4f8d-be04-34d29d5222bc,Andrus Saare,Andrus Saare,,,,Isamaa ja Res Publica Liidu fraktsioon,c52ce7c4-e725-407e-81c4-d903f6b61b93,,,Riigikogu,12,2011-04-06,2012-05-12,https://upload.wikimedia.org/wikipedia/commons/b/b3/IRL_Andrus_Saare.jpg,male
e57caa47-077a-4f8d-be04-34d29d5222bc,Andrus Saare,Andrus Saare,,,,Isamaa ja Res Publica Liidu fraktsioon,c52ce7c4-e725-407e-81c4-d903f6b61b93,,,Riigikogu,12,2013-06-13,,https://upload.wikimedia.org/wikipedia/commons/b/b3/IRL_Andrus_Saare.jpg,male
0aeb54ce-94ae-4c60-94bf-221862ffceef,Annely Akkermann,Annely Akkermann,,AnnelyAkkerman,,Isamaa ja Res Publica Liidu fraktsioon,c52ce7c4-e725-407e-81c4-d903f6b61b93,,,Riigikogu,12,,,https://upload.wikimedia.org/wikipedia/commons/3/31/IRL_Annely_Akkermann.jpg,female
4ab03025-d72c-4b06-94b9-e23ec9d32e3a,Arto Aas,Arto Aas,Arto.Aas@riigikogu.ee,ArtoAas,,Eesti Reformierakonna fraktsioon,809ffcc5-c6cf-40f2-a985-2e859e3a0396,,,Riigikogu,12,,,https://www.riigikogu.ee/wpcms/wp-content/uploads/ems/temp/bb120d34-cead-4d58-b351-a399516ac722.jpg,male
0d073e9d-8fd2-4322-98dc-a4571e9b4cce,Barbi Pilvre,Barbi Pilvre,barbi.pilvre@riigikogu.ee,barbipilvre,barbi.pilvre,Sotsiaaldemokraatliku Erakonna fraktsioon,f8b6d88a-65e1-45b0-a230-501ceefd90eb,,,Riigikogu,12,2014-03-27,,https://www.riigikogu.ee/wpcms/wp-content/uploads/ems/temp/345b2059-cb14-4e50-910e-ace787bdc78c.jpg,female
1730cc02-ecc6-4d27-a5f7-d5178f6abbda,Deniss Boroditš,Deniss Boroditš,Deniss.Borodits@riigikogu.ee,,deniss.borodits,Eesti Keskerakonna fraktsioon,f6b76a72-7b02-433b-8ced-4f9b8d3f980c,,,Riigikogu,12,,2012-04-08,https://www.riigikogu.ee/wpcms/wp-content/uploads/ems/temp/442d52ed-eaf9-42ca-aa68-2561df47c4da.jpg,male
1730cc02-ecc6-4d27-a5f7-d5178f6abbda,Deniss Boroditš,Deniss Boroditš,Deniss.Borodits@riigikogu.ee,,deniss.borodits,Fraktsiooni mittekuuluvad Riigikogu liikmed,b17101c9-6e7b-4c8e-a34d-e7affd450ff3,,,Riigikogu,12,2012-04-09,,https://www.riigikogu.ee/wpcms/wp-content/uploads/ems/temp/442d52ed-eaf9-42ca-aa68-2561df47c4da.jpg,male
bfbf9f5e-8ccc-44f8-ac89-700922daa181,Edgar Savisaar,Edgar Savisaar,Edgar.Savisaar@riigikogu.ee,,,Eesti Keskerakonna fraktsioon,f6b76a72-7b02-433b-8ced-4f9b8d3f980c,,,Riigikogu,12,,2011-04-01,https://upload.wikimedia.org/wikipedia/commons/8/86/RK_Edgar_Savisaar.jpg,male
32f14e80-cf5b-407c-a6a6-95fbd7f2851c,Eiki Nestor,Eiki Nestor,Eiki.Nestor@riigikogu.ee,,100000658185044,Sotsiaaldemokraatliku Erakonna fraktsioon,f8b6d88a-65e1-45b0-a230-501ceefd90eb,,,Riigikogu,12,,,https://www.riigikogu.ee/wpcms/wp-content/uploads/ems/temp/8a941c7a-8333-484b-a720-8207dee2e4cc.jpg,male
6274ade3-5a81-4510-a353-bd701af44228,Eldar Efendijev,Eldar Efendijev,,,,Eesti Keskerakonna fraktsioon,f6b76a72-7b02-433b-8ced-4f9b8d3f980c,,,Riigikogu,12,,,https://upload.wikimedia.org/wikipedia/commons/0/02/KE_Eldar_Efendijev.jpg,male
5911dbbc-1062-4b1e-9ef3-65362aa50597,Ene Ergma,Ene Ergma,,,,Isamaa ja Res Publica Liidu fraktsioon,c52ce7c4-e725-407e-81c4-d903f6b61b93,,,Riigikogu,12,,,https://upload.wikimedia.org/wikipedia/commons/4/49/IRL_Ene_Ergma.jpg,female
1e0b6e8c-8e9b-4338-be87-b40d1690e5f2,Enn Eesmaa,Enn Eesmaa,Enn.Eesmaa@riigikogu.ee,,,Eesti Keskerakonna fraktsioon,f6b76a72-7b02-433b-8ced-4f9b8d3f980c,,,Riigikogu,12,,,https://www.riigikogu.ee/wpcms/wp-content/uploads/ems/temp/bb3a9ee8-c3b8-47da-890e-eb7a35044337.jpg,male
b65ac8c3-646a-41c3-95ff-243483a28b56,Erki Nool,Erki Nool,,,,Isamaa ja Res Publica Liidu fraktsioon,c52ce7c4-e725-407e-81c4-d903f6b61b93,,,Riigikogu,12,,,https://upload.wikimedia.org/wikipedia/commons/0/08/Erki_Nool_2001.jpg,male
e4d2b6ca-4dbc-41d6-92cf-431d405ac4ab,Ester Tuiksoo,Ester Tuiksoo,,,,Eesti Keskerakonna fraktsioon,f6b76a72-7b02-433b-8ced-4f9b8d3f980c,,,Riigikogu,12,,2014-07-01,https://upload.wikimedia.org/wikipedia/commons/6/69/KE_Ester_Tuiksoo.jpg,female
cac5bc14-504f-4e37-9ddf-c674c51b74bf,Etti Kagarov,Etti Kagarov,,,,Sotsiaaldemokraatliku Erakonna fraktsioon,f8b6d88a-65e1-45b0-a230-501ceefd90eb,,,Riigikogu,12,2014-03-27,,,female
3783663b-a6e2-4da0-abdb-ad5d5fc2d6e5,Hanno Pevkur,Hanno Pevkur,Hanno.Pevkur@riigikogu.ee,hpevkur,100007049538530,Eesti Reformierakonna fraktsioon,809ffcc5-c6cf-40f2-a985-2e859e3a0396,,,Riigikogu,12,,2011-04-05,https://www.riigikogu.ee/wpcms/wp-content/uploads/ems/temp/0c866dee-9ede-46b8-b464-2af37e6f3f4a.jpg,male
4ca4ef6a-7ed7-4632-85cb-68597f0b1c01,Heimar Lenk,Heimar Lenk,Heimar.Lenk@riigikogu.ee,,heimar.lenk,Eesti Keskerakonna fraktsioon,f6b76a72-7b02-433b-8ced-4f9b8d3f980c,,,Riigikogu,12,,,https://www.riigikogu.ee/wpcms/wp-content/uploads/ems/temp/8b9092d5-777a-4541-bddf-b198b433d059.jpg,male
134ff404-8a56-436f-8f6b-c287dc8892ce,Helir-Valdor Seeder,Helir-Valdor Seeder,Helir-Valdor.Seeder@riigikogu.ee,,helirvaldor.seeder,Isamaa ja Res Publica Liidu fraktsioon,c52ce7c4-e725-407e-81c4-d903f6b61b93,,,Riigikogu,12,,2011-04-05,https://www.riigikogu.ee/wpcms/wp-content/uploads/ems/temp/d31f89ff-fd09-42b0-9f84-1000a77242a5.jpg,male
134ff404-8a56-436f-8f6b-c287dc8892ce,Helir-Valdor Seeder,Helir-Valdor Seeder,Helir-Valdor.Seeder@riigikogu.ee,,helirvaldor.seeder,Isamaa ja Res Publica Liidu fraktsioon,c52ce7c4-e725-407e-81c4-d903f6b61b93,,,Riigikogu,12,2014-03-26,,https://www.riigikogu.ee/wpcms/wp-content/uploads/ems/temp/d31f89ff-fd09-42b0-9f84-1000a77242a5.jpg,male
e1706d66-0987-4bb5-ae78-65bcd160d9a0,Heljo Pikhof,Heljo Pikhof,Heljo.Pikhof@riigikogu.ee,,100006155179175,Sotsiaaldemokraatliku Erakonna fraktsioon,f8b6d88a-65e1-45b0-a230-501ceefd90eb,,,Riigikogu,12,,,https://www.riigikogu.ee/wpcms/wp-content/uploads/ems/temp/4e6691f8-8bec-411e-87c2-1a5a6024e3b4.jpg,female
f9e8ab84-eba2-493c-a246-e3ba6665578a,Helmen Kütt,Helmen Kütt,Helmen.Kytt@riigikogu.ee,,Helmen.Kytt,Sotsiaaldemokraatliku Erakonna fraktsioon,f8b6d88a-65e1-45b0-a230-501ceefd90eb,,,Riigikogu,12,,2014-03-26,https://www.riigikogu.ee/wpcms/wp-content/uploads/ems/temp/011a9bed-d7eb-48c9-b448-024063027391.jpg,female
baf18a5d-4968-4676-b2cf-655d1ff4a17c,Igor Gräzin,Igor Gräzin,Igor.Grazin@riigikogu.ee,,igor.grazin,Eesti Reformierakonna fraktsioon,809ffcc5-c6cf-40f2-a985-2e859e3a0396,,,Riigikogu,12,,,https://www.riigikogu.ee/wpcms/wp-content/uploads/ems/temp/c654ac21-e22c-457e-abe3-45e65283ea6e.jpg,male
dddd7e0d-18de-495e-a5b1-3355d86b3a54,Imre Sooäär,Imre Sooäär,Imre.Sooaar@riigikogu.ee,muhumees,610813978,Eesti Reformierakonna fraktsioon,809ffcc5-c6cf-40f2-a985-2e859e3a0396,,,Riigikogu,12,2011-04-06,,http://www.riigikogu.ee/wpcms/wp-content/uploads/ems/temp/b6050618-325a-49e0-a621-081b37137863.jpg,male
be215647-b37d-439b-81fe-fd0f4f2c332c,Inara Luigas,Inara Luigas,inara.luigas@riigikogu.ee,,Inara-Luigas,Eesti Keskerakonna fraktsioon,f6b76a72-7b02-433b-8ced-4f9b8d3f980c,,,Riigikogu,12,,2012-04-08,https://www.riigikogu.ee/wpcms/wp-content/uploads/ems/temp/e3042208-f15d-401f-b859-bf98e4de607b.jpg,female
be215647-b37d-439b-81fe-fd0f4f2c332c,Inara Luigas,Inara Luigas,inara.luigas@riigikogu.ee,,Inara-Luigas,Fraktsiooni mittekuuluvad Riigikogu liikmed,b17101c9-6e7b-4c8e-a34d-e7affd450ff3,,,Riigikogu,12,2012-04-09,,https://www.riigikogu.ee/wpcms/wp-content/uploads/ems/temp/e3042208-f15d-401f-b859-bf98e4de607b.jpg,female
ad430c02-b0fc-4289-9e83-a3529d570b04,Indrek Raudne,Indrek Raudne,,,,Isamaa ja Res Publica Liidu fraktsioon,c52ce7c4-e725-407e-81c4-d903f6b61b93,,,Riigikogu,12,,2011-12-05,https://upload.wikimedia.org/wikipedia/commons/4/4d/IRL_Indrek_Raudne.jpg,male
10ddfe8e-def5-46e9-a15f-5a76a6eb6d1b,Indrek Saar,Indrek Saar,Indrek.Saar@riigikogu.ee,indreksaar,,Sotsiaaldemokraatliku Erakonna fraktsioon,f8b6d88a-65e1-45b0-a230-501ceefd90eb,,,Riigikogu,12,,,https://upload.wikimedia.org/wikipedia/commons/9/9c/SDE_Indrek_Saar.jpg,male
2b1400a3-f64b-4938-a401-cba1137bc28e,Innar Mäesalu,Innar Mäesalu,,,,Eesti Reformierakonna fraktsioon,809ffcc5-c6cf-40f2-a985-2e859e3a0396,,,Riigikogu,12,2014-10-14,,,male
72e3aa88-8434-4da2-9760-0177ab88f56b,Ivari Padar,Ivari Padar,Ivari.Padar@riigikogu.ee,,ivaripadar,Sotsiaaldemokraatliku Erakonna fraktsioon,f8b6d88a-65e1-45b0-a230-501ceefd90eb,,,Riigikogu,12,,2011-04-01,https://www.riigikogu.ee/wpcms/wp-content/uploads/ems/temp/a14d5bcb-626c-4d15-9181-b74fdb3646d5.jpg,male
dcab809b-7a75-4fe3-a4cf-488e510d07b9,Jaak Aaviksoo,Jaak Aaviksoo,Jaak.Aaviksoo@riigikogu.ee,jaakaaviksoo,,Isamaa ja Res Publica Liidu fraktsioon,c52ce7c4-e725-407e-81c4-d903f6b61b93,,,Riigikogu,12,,2011-04-05,"https://upload.wikimedia.org/wikipedia/commons/e/e9/Jaak_Aaviksoo,_2011.jpg",male
dcab809b-7a75-4fe3-a4cf-488e510d07b9,Jaak Aaviksoo,Jaak Aaviksoo,Jaak.Aaviksoo@riigikogu.ee,jaakaaviksoo,,Isamaa ja Res Publica Liidu fraktsioon,c52ce7c4-e725-407e-81c4-d903f6b61b93,,,Riigikogu,12,2014-03-26,,"https://upload.wikimedia.org/wikipedia/commons/e/e9/Jaak_Aaviksoo,_2011.jpg",male
0f616bd9-0e2d-4993-bee3-c7b3a6a82708,Jaak Allik,Jaak Allik,,,,Sotsiaaldemokraatliku Erakonna fraktsioon,f8b6d88a-65e1-45b0-a230-501ceefd90eb,,,Riigikogu,12,,,https://upload.wikimedia.org/wikipedia/commons/8/8b/SDE_Jaak_Allik.jpg,male
93c9f00c-5a92-45a1-bbc4-2c7899a33557,Jaan Õunapuu,Jaan Õunapuu,,,,Sotsiaaldemokraatliku Erakonna fraktsioon,f8b6d88a-65e1-45b0-a230-501ceefd90eb,,,Riigikogu,12,,,https://upload.wikimedia.org/wikipedia/commons/e/e5/SDE_Jaan_Õunapuu.jpg,male
89da6035-2917-4ebe-9fcf-c927aa576942,Jaanus Tamkivi,Jaanus Tamkivi,,,,Eesti Reformierakonna fraktsioon,809ffcc5-c6cf-40f2-a985-2e859e3a0396,,,Riigikogu,12,,,https://upload.wikimedia.org/wikipedia/commons/4/4c/Jaanus_Tamkivi.jpg,male
fb7fe98f-f304-44d4-b055-24a94ba7b0c0,Jevgeni Ossinovski,Jevgeni Ossinovski,Jevgeni.Ossinovski@riigikogu.ee,JevgeniO,,Sotsiaaldemokraatliku Erakonna fraktsioon,f8b6d88a-65e1-45b0-a230-501ceefd90eb,,,Riigikogu,12,,2014-03-26,https://upload.wikimedia.org/wikipedia/commons/0/09/SDE_Jevgeni_Ossinovski.jpg,male
8288a3ee-f554-42a8-b98d-8f0f1e11bd86,Juhan Parts,Juhan Parts,Juhan.Parts@riigikogu.ee,JuhanParts,juhan.parts.1,Isamaa ja Res Publica Liidu fraktsioon,c52ce7c4-e725-407e-81c4-d903f6b61b93,,,Riigikogu,12,,2011-04-05,https://www.riigikogu.ee/wpcms/wp-content/uploads/ems/temp/807692ee-7cd9-43a3-83ba-7e85e15616e6.jpg,male
8288a3ee-f554-42a8-b98d-8f0f1e11bd86,Juhan Parts,Juhan Parts,Juhan.Parts@riigikogu.ee,JuhanParts,juhan.parts.1,Isamaa ja Res Publica Liidu fraktsioon,c52ce7c4-e725-407e-81c4-d903f6b61b93,,,Riigikogu,12,2014-03-26,,https://www.riigikogu.ee/wpcms/wp-content/uploads/ems/temp/807692ee-7cd9-43a3-83ba-7e85e15616e6.jpg,male
224c7fed-2881-4d9c-8f4c-3c71d2c82b41,Juku-Kalle Raid,Juku-Kalle Raid,,,,Isamaa ja Res Publica Liidu fraktsioon,c52ce7c4-e725-407e-81c4-d903f6b61b93,,,Riigikogu,12,2011-04-06,2014-03-26,https://upload.wikimedia.org/wikipedia/commons/6/68/Jukukalle.jpg,male
508adc11-672e-401d-bf60-7912e9ebf6fc,Jürgen Ligi,Jürgen Ligi,Jyrgen.Ligi@riigikogu.ee,,JurgenLigi,Eesti Reformierakonna fraktsioon,809ffcc5-c6cf-40f2-a985-2e859e3a0396,,,Riigikogu,12,,2011-04-05,https://www.riigikogu.ee/wpcms/wp-content/uploads/ems/temp/a0af4f4a-fc66-43e6-be9c-8891b923b78d.jpg,male
508adc11-672e-401d-bf60-7912e9ebf6fc,Jürgen Ligi,Jürgen Ligi,Jyrgen.Ligi@riigikogu.ee,,JurgenLigi,Eesti Reformierakonna fraktsioon,809ffcc5-c6cf-40f2-a985-2e859e3a0396,,,Riigikogu,12,2014-11-04,,https://www.riigikogu.ee/wpcms/wp-content/uploads/ems/temp/a0af4f4a-fc66-43e6-be9c-8891b923b78d.jpg,male
04659229-df5d-414e-95df-819496c98d5b,Jüri Jaanson,Jüri Jaanson,Jyri.Jaanson@riigikogu.ee,Jyriam,juri.jaanson,Eesti Reformierakonna fraktsioon,809ffcc5-c6cf-40f2-a985-2e859e3a0396,,,Riigikogu,12,,,https://www.riigikogu.ee/wpcms/wp-content/uploads/ems/temp/5d13eec1-c71d-4223-941e-af6a46744ac8.jpg,male
0a5a16b9-2ba0-4cfe-8f4b-5e280937ecbc,Jüri Morozov,Jüri Morozov,,,,Sotsiaaldemokraatliku Erakonna fraktsioon,f8b6d88a-65e1-45b0-a230-501ceefd90eb,,,Riigikogu,12,2013-11-13,,,male
901f4a1e-5d98-491f-aa4c-de0c2a8653cb,Jüri Ratas,Jüri Ratas,Jyri.Ratas@riigikogu.ee,,ratasjuri,Eesti Keskerakonna fraktsioon,f6b76a72-7b02-433b-8ced-4f9b8d3f980c,,,Riigikogu,12,,,http://www.riigikogu.ee/wpcms/wp-content/uploads/ems/temp/94e1bbf2-42b5-4a73-9281-10b8f118a981.jpg,male
8ee9c71b-be5a-4083-8076-aeb11a41e261,Kadri Simson,Kadri Simson,Kadri.Simson@riigikogu.ee,kadrisimson,mepkadrisimson,Eesti Keskerakonna fraktsioon,f6b76a72-7b02-433b-8ced-4f9b8d3f980c,,,Riigikogu,12,,,http://www.riigikogu.ee/wpcms/wp-content/uploads/ems/temp/e79146eb-4045-4527-be60-6762a5aeffc3.jpg,female
f28ae6fa-17c4-4025-83ae-0ca63db6df6c,Kaia Iva,Kaia Iva,,KaiaIva,,Isamaa ja Res Publica Liidu fraktsioon,c52ce7c4-e725-407e-81c4-d903f6b61b93,,,Riigikogu,12,,,https://upload.wikimedia.org/wikipedia/commons/a/aa/Kaia_Iva_2017-05-25.jpg,female
228ba218-43db-4b81-9a34-44ec36b98b24,Kaja Kallas,Kaja Kallas,,kajakallas,,Eesti Reformierakonna fraktsioon,809ffcc5-c6cf-40f2-a985-2e859e3a0396,,,Riigikogu,12,,2011-11-14,https://upload.wikimedia.org/wikipedia/commons/e/e0/RE_Kaja_Kallas.jpg,female
228ba218-43db-4b81-9a34-44ec36b98b24,Kaja Kallas,Kaja Kallas,,kajakallas,,Eesti Reformierakonna fraktsioon,809ffcc5-c6cf-40f2-a985-2e859e3a0396,,,Riigikogu,12,2012-07-02,2014-06-18,https://upload.wikimedia.org/wikipedia/commons/e/e0/RE_Kaja_Kallas.jpg,female
daf7511d-7d6c-45b3-aa63-f14a5a1df523,Kaja Kreisman,Kaja Kreisman,,,,Isamaa ja Res Publica Liidu fraktsioon,c52ce7c4-e725-407e-81c4-d903f6b61b93,,,Riigikogu,12,2013-01-22,2014-03-26,,female
35d5b970-ece7-4484-b170-518337c5424a,Kajar Lember,Kajar Lember,,,,Sotsiaaldemokraatliku Erakonna fraktsioon,f8b6d88a-65e1-45b0-a230-501ceefd90eb,,,Riigikogu,12,,2013-11-12,https://upload.wikimedia.org/wikipedia/commons/e/ed/SDE_Kajar_Lember.jpg,male
29acd097-10b3-46a9-b5bf-edabd1579b75,Kalev Kallemets,Kalev Kallemets,,,,Eesti Reformierakonna fraktsioon,809ffcc5-c6cf-40f2-a985-2e859e3a0396,,,Riigikogu,12,2012-06-19,2012-07-01,,male
29acd097-10b3-46a9-b5bf-edabd1579b75,Kalev Kallemets,Kalev Kallemets,,,,Eesti Reformierakonna fraktsioon,809ffcc5-c6cf-40f2-a985-2e859e3a0396,,,Riigikogu,12,2014-06-18,,,male
49579126-10a9-4a83-a019-23a7d7c489b9,Kalev Kallo,Kalev Kallo,Kalev.Kallo@riigikogu.ee,,,Eesti Keskerakonna fraktsioon,f6b76a72-7b02-433b-8ced-4f9b8d3f980c,,,Riigikogu,12,,,https://upload.wikimedia.org/wikipedia/commons/1/19/KE_Kalev_Kallo.jpg,male
957d15b1-a5c5-45a6-bf25-971b32ef9aa0,Kalev Kotkas,Kalev Kotkas,kalev.kotkas@riigikogu.ee,,,Sotsiaaldemokraatliku Erakonna fraktsioon,f8b6d88a-65e1-45b0-a230-501ceefd90eb,,,Riigikogu,12,,,http://www.riigikogu.ee/wpcms/wp-content/uploads/ems/temp/e41d33c8-10da-4f38-9d5e-2ba80083684a.jpg,male
e37d3441-d678-4e56-94a7-5df84d7652e9,Kalev Lillo,Kalev Lillo,,,,Eesti Reformierakonna fraktsioon,809ffcc5-c6cf-40f2-a985-2e859e3a0396,,,Riigikogu,12,,,https://upload.wikimedia.org/wikipedia/commons/f/fe/RE_Kalev_Lillo.jpg,male
a0e6dbc0-9a0d-4e2e-a4e2-a84e9d1955a4,Kalle Jents,Kalle Jents,,,,Eesti Reformierakonna fraktsioon,809ffcc5-c6cf-40f2-a985-2e859e3a0396,,,Riigikogu,12,,,https://upload.wikimedia.org/wikipedia/commons/e/ec/RE_Kalle_Jents.jpg,male
c4a5d205-2d51-495f-9c8a-36afdbf2549c,Kalle Laanet,Kalle Laanet,Kalle.Laanet@riigikogu.ee,,kalle.laanet,Eesti Keskerakonna fraktsioon,f6b76a72-7b02-433b-8ced-4f9b8d3f980c,,,Riigikogu,12,,2012-03-19,https://www.riigikogu.ee/wpcms/wp-content/uploads/ems/temp/b962a720-0f68-4121-99d7-9e8db216e98c.jpg,male
c4a5d205-2d51-495f-9c8a-36afdbf2549c,Kalle Laanet,Kalle Laanet,Kalle.Laanet@riigikogu.ee,,kalle.laanet,Fraktsiooni mittekuuluvad Riigikogu liikmed,b17101c9-6e7b-4c8e-a34d-e7affd450ff3,,,Riigikogu,12,2012-03-20,,https://www.riigikogu.ee/wpcms/wp-content/uploads/ems/temp/b962a720-0f68-4121-99d7-9e8db216e98c.jpg,male
06d37ec8-45bc-44fe-a138-3427ef12c8dc,Kalle Palling,Kalle Palling,Kalle.Palling@riigikogu.ee,KallePalling,palling,Eesti Reformierakonna fraktsioon,809ffcc5-c6cf-40f2-a985-2e859e3a0396,,,Riigikogu,12,,,https://www.riigikogu.ee/wpcms/wp-content/uploads/ems/temp/5e935044-0b13-4d5c-91fc-5cfb255691e6.jpg,male
3f9a688f-e072-4313-8833-aa82222c15a4,Kalmer Lain,Kalmer Lain,,,,Eesti Reformierakonna fraktsioon,809ffcc5-c6cf-40f2-a985-2e859e3a0396,,,Riigikogu,12,2014-11-19,,,male
ce1fb717-6b0f-4de2-bdb3-f64cd1915184,Kalvi Kõva,Kalvi Kõva,Kalvi.Kova@riigikogu.ee,,,Sotsiaaldemokraatliku Erakonna fraktsioon,f8b6d88a-65e1-45b0-a230-501ceefd90eb,,,Riigikogu,12,,,https://www.riigikogu.ee/wpcms/wp-content/uploads/ems/temp/81bb7cc5-afc7-4788-a981-0f187ae26167.jpg,male
7140a07c-80cb-4625-b86f-d7be4d44c146,Karel Rüütli,Karel Rüütli,,,,Sotsiaaldemokraatliku Erakonna fraktsioon,f8b6d88a-65e1-45b0-a230-501ceefd90eb,,,Riigikogu,12,,,https://upload.wikimedia.org/wikipedia/commons/1/18/SDE_Karel_Rüütli.jpg,male
39eea09b-e99c-42cb-b19b-ca0400076b1a,Katrin Saks,Katrin Saks,,,,Sotsiaaldemokraatliku Erakonna fraktsioon,f8b6d88a-65e1-45b0-a230-501ceefd90eb,,,Riigikogu,12,2014-03-27,2014-03-28,https://upload.wikimedia.org/wikipedia/commons/a/a2/Katrinsaks.jpg,female
ed651195-2f16-4074-86d0-ba81c2581f36,Keit Pentus-Rosimannus,Keit Pentus-Rosimannus,Keit.Pentus-Rosimannus@riigikogu.ee,KeitPentus,1116104913,Eesti Reformierakonna fraktsioon,809ffcc5-c6cf-40f2-a985-2e859e3a0396,,,Riigikogu,12,,2011-04-05,https://www.riigikogu.ee/wpcms/wp-content/uploads/ems/temp/6deaf7ff-f7e8-49fe-972a-fc8c1c2376d7.jpg,female
dd71454a-fb2f-4ec4-9c51-ef0956e0d39f,Ken-Marti Vaher,Ken-Marti Vaher,Ken-Marti.Vaher@riigikogu.ee,,vaher.kenmarti,Isamaa ja Res Publica Liidu fraktsioon,c52ce7c4-e725-407e-81c4-d903f6b61b93,,,Riigikogu,12,,2011-04-05,https://www.riigikogu.ee/wpcms/wp-content/uploads/ems/temp/172bef1c-d145-4bc8-82ad-1211f6bc0ec8.jpg,male
dd71454a-fb2f-4ec4-9c51-ef0956e0d39f,Ken-Marti Vaher,Ken-Marti Vaher,Ken-Marti.Vaher@riigikogu.ee,,vaher.kenmarti,Isamaa ja Res Publica Liidu fraktsioon,c52ce7c4-e725-407e-81c4-d903f6b61b93,,,Riigikogu,12,2014-03-26,,https://www.riigikogu.ee/wpcms/wp-content/uploads/ems/temp/172bef1c-d145-4bc8-82ad-1211f6bc0ec8.jpg,male
e6279173-c122-46a0-a4e1-0155c8df817c,Kristen Michal,Kristen Michal,Kristen.Michal@riigikogu.ee,,kristen.michal.5,Eesti Reformierakonna fraktsioon,809ffcc5-c6cf-40f2-a985-2e859e3a0396,,,Riigikogu,12,,2011-04-05,https://www.riigikogu.ee/wpcms/wp-content/uploads/ems/temp/a5fcacfe-2ca1-4cea-a9fe-bcc171057246.jpg,male
e6279173-c122-46a0-a4e1-0155c8df817c,Kristen Michal,Kristen Michal,Kristen.Michal@riigikogu.ee,,kristen.michal.5,Eesti Reformierakonna fraktsioon,809ffcc5-c6cf-40f2-a985-2e859e3a0396,,,Riigikogu,12,2012-12-11,,https://www.riigikogu.ee/wpcms/wp-content/uploads/ems/temp/a5fcacfe-2ca1-4cea-a9fe-bcc171057246.jpg,male
6c6e3b63-d1ac-4744-affe-e8545737a830,Kristiina Ojuland,Kristiina Ojuland,,OjulandK,,Eesti Reformierakonna fraktsioon,809ffcc5-c6cf-40f2-a985-2e859e3a0396,,,Riigikogu,12,,2011-04-01,https://upload.wikimedia.org/wikipedia/commons/6/6a/Ojuland_2014_by_Ave_Maria_Mõistlik.IMG_4740.JPG,female
f04fbe53-d4e9-4fc2-b210-d181afcac9b7,Laine Randjärv,Laine Randjärv,Laine.Randjarv@riigikogu.ee,lainerandjarv,laine.randjarv,Eesti Reformierakonna fraktsioon,809ffcc5-c6cf-40f2-a985-2e859e3a0396,,,Riigikogu,12,,,https://www.riigikogu.ee/wpcms/wp-content/uploads/ems/temp/db3a8e50-e1c6-4f0b-9625-ba28b758ddfe.jpg,female
c2da6335-5e63-425f-a899-552afa0c8102,Lauri Laasi,Lauri Laasi,Lauri.Laasi@riigikogu.ee,laurilaasi,,Eesti Keskerakonna fraktsioon,f6b76a72-7b02-433b-8ced-4f9b8d3f980c,,,Riigikogu,12,2011-04-02,,https://upload.wikimedia.org/wikipedia/commons/f/f5/KE_Lauri_Laasi.jpg,male
98334082-f509-4baa-ade3-77d67b124ff3,Lauri Luik,Lauri Luik,Lauri.Luik@riigikogu.ee,lauriluik,669865682,Eesti Reformierakonna fraktsioon,809ffcc5-c6cf-40f2-a985-2e859e3a0396,,,Riigikogu,12,,,https://www.riigikogu.ee/wpcms/wp-content/uploads/ems/temp/0920107a-b061-47d9-8913-8b1ff853ca76.jpg,male
07ed29a1-1e5b-4239-8337-64be5808e382,Lauri Vahtre,Lauri Vahtre,,,,Isamaa ja Res Publica Liidu fraktsioon,c52ce7c4-e725-407e-81c4-d903f6b61b93,,,Riigikogu,12,2014-01-13,2014-06-01,https://upload.wikimedia.org/wikipedia/commons/c/c3/Lauri-Vahtre-2010.jpg,male
8b918a38-56fd-49c5-8786-a590efb6b2f0,Lembit Kaljuvee,Lembit Kaljuvee,,LembitKaljuvee,,Eesti Keskerakonna fraktsioon,f6b76a72-7b02-433b-8ced-4f9b8d3f980c,,,Riigikogu,12,,2012-04-08,https://upload.wikimedia.org/wikipedia/commons/3/39/KE_Lembit_Kaljuvee.jpg,male
8b918a38-56fd-49c5-8786-a590efb6b2f0,Lembit Kaljuvee,Lembit Kaljuvee,,LembitKaljuvee,,Fraktsiooni mittekuuluvad Riigikogu liikmed,b17101c9-6e7b-4c8e-a34d-e7affd450ff3,,,Riigikogu,12,2012-04-09,,https://upload.wikimedia.org/wikipedia/commons/3/39/KE_Lembit_Kaljuvee.jpg,male
807c420d-6083-4839-98e5-932cf6bbf2b8,Liisa Pakosta,Liisa Pakosta,Liisa.Pakosta@riigikogu.ee,Liisapakosta,liisa.pakosta,Isamaa ja Res Publica Liidu fraktsioon,c52ce7c4-e725-407e-81c4-d903f6b61b93,,,Riigikogu,12,2011-04-06,,https://www.riigikogu.ee/wpcms/wp-content/uploads/ems/temp/default-user.jpg,female
12bfe340-4e98-4e45-afa2-75b4a87c373f,Mailis Reps,Mailis Reps,Mailis.Reps@riigikogu.ee,,,Eesti Keskerakonna fraktsioon,f6b76a72-7b02-433b-8ced-4f9b8d3f980c,,,Riigikogu,12,,,http://www.riigikogu.ee/wpcms/wp-content/uploads/ems/temp/1916c9e0-af6d-4c3f-b37b-efafbb357f45.jpg,female
f0d08069-016a-484c-9e9f-c076979c8b6f,Maimu Berg,Maimu Berg,,,,Sotsiaaldemokraatliku Erakonna fraktsioon,f8b6d88a-65e1-45b0-a230-501ceefd90eb,,,Riigikogu,12,,,https://upload.wikimedia.org/wikipedia/commons/c/cf/Berg_MaimuIMGP6876.JPG,female
8b23cd8f-fe08-4f63-a321-3aa53ae9940e,Maret Maripuu,Maret Maripuu,,,,Eesti Reformierakonna fraktsioon,809ffcc5-c6cf-40f2-a985-2e859e3a0396,,,Riigikogu,12,2011-04-07,2013-12-31,https://upload.wikimedia.org/wikipedia/commons/e/e6/RE_Maret_Maripuu.jpg,female
a7cf5ead-b4dd-4113-bc14-62dc4990b416,Margus Hanson,Margus Hanson,,,,Eesti Reformierakonna fraktsioon,809ffcc5-c6cf-40f2-a985-2e859e3a0396,,,Riigikogu,12,2011-04-02,,https://upload.wikimedia.org/wikipedia/commons/2/2e/RE_Margus_Hanson.jpg,male
ac4cc87b-1de2-418e-b92d-799fce699e48,Margus Tsahkna,Margus Tsahkna,Margus.Tsahkna@riigikogu.ee,tsahkna,margus.tsahkna,Isamaa ja Res Publica Liidu fraktsioon,c52ce7c4-e725-407e-81c4-d903f6b61b93,,,Riigikogu,12,,,https://www.riigikogu.ee/wpcms/wp-content/uploads/ems/temp/e4609ac1-7a11-4011-9d37-a83fea6aff6a.jpg,male
d88222df-a90a-4cbe-ad0a-317c4556c07b,Marianne Mikko,Marianne Mikko,Marianne.Mikko@riigikogu.ee,mariannemikko,profile.php,Sotsiaaldemokraatliku Erakonna fraktsioon,f8b6d88a-65e1-45b0-a230-501ceefd90eb,,,Riigikogu,12,,,https://www.riigikogu.ee/wpcms/wp-content/uploads/ems/temp/735fb2a8-19f5-462f-af86-c138ec2aa0ad.jpg,female
59baefc9-7c76-4945-941a-0a6f221ae65c,Marika Tuus-Laul,Marika Tuus-Laul,Marika.Tuus-Laul@riigikogu.ee,,,Eesti Keskerakonna fraktsioon,f6b76a72-7b02-433b-8ced-4f9b8d3f980c,,,Riigikogu,12,,,https://www.riigikogu.ee/wpcms/wp-content/uploads/ems/temp/85747bf2-d9fa-4513-90ed-aaa8a69bc448.jpg,female
db580723-baf6-4843-9aa1-f30258890715,Marko Mihkelson,Marko Mihkelson,Marko.Mihkelson@riigikogu.ee,markomihkelson,mihkelson,Isamaa ja Res Publica Liidu fraktsioon,c52ce7c4-e725-407e-81c4-d903f6b61b93,,,Riigikogu,12,,,https://www.riigikogu.ee/wpcms/wp-content/uploads/ems/temp/910a0506-1f9e-455f-905b-0ee4dd479133.jpg,male
0259486a-0410-49f3-aef9-8b79c15741a7,Marko Pomerants,Marko Pomerants,Marko.Pomerants@riigikogu.ee,MPomerants,100000234181959,Isamaa ja Res Publica Liidu fraktsioon,c52ce7c4-e725-407e-81c4-d903f6b61b93,,,Riigikogu,12,,,https://www.riigikogu.ee/wpcms/wp-content/uploads/ems/temp/5a0b0d07-31ce-4a96-a574-c3413ed3e7a5.jpg,male
fb57a6ab-7353-4608-a7e8-6c7e8adf9997,Mart Laar,Mart Laar,,martlaar,,Isamaa ja Res Publica Liidu fraktsioon,c52ce7c4-e725-407e-81c4-d903f6b61b93,,,Riigikogu,12,,2011-04-05,https://upload.wikimedia.org/wikipedia/commons/4/42/MartLaar2007.jpg,male
fb57a6ab-7353-4608-a7e8-6c7e8adf9997,Mart Laar,Mart Laar,,martlaar,,Isamaa ja Res Publica Liidu fraktsioon,c52ce7c4-e725-407e-81c4-d903f6b61b93,,,Riigikogu,12,2012-05-12,2013-06-13,https://upload.wikimedia.org/wikipedia/commons/4/42/MartLaar2007.jpg,male
c73d8ebe-7f59-4fca-b0c8-965c55efb97e,Mart Meri,Mart Meri,,,,Sotsiaaldemokraatliku Erakonna fraktsioon,f8b6d88a-65e1-45b0-a230-501ceefd90eb,,,Riigikogu,12,2011-11-04,,"https://upload.wikimedia.org/wikipedia/commons/a/a6/Meri,_Mart.IMG_9931.JPG",male
58fb9435-5e48-4be6-bf1d-b4215f42fcec,Mart Nutt,Mart Nutt,Mart.Nutt@riigikogu.ee,MartNutt,martnutt,Isamaa ja Res Publica Liidu fraktsioon,c52ce7c4-e725-407e-81c4-d903f6b61b93,,,Riigikogu,12,2012-05-12,2014-03-26,https://www.riigikogu.ee/wpcms/wp-content/uploads/ems/temp/80023942-ceba-4aa0-b31c-720af00c8d2d.jpg,male
24727280-679e-4ca3-ae34-15051aa40bcf,Mati Raidma,Mati Raidma,Mati.Raidma@riigikogu.ee,,matiraidma,Eesti Reformierakonna fraktsioon,809ffcc5-c6cf-40f2-a985-2e859e3a0396,,,Riigikogu,12,,2014-11-17,http://www.riigikogu.ee/wpcms/wp-content/uploads/ems/temp/55b2953a-a101-409a-8d45-b95ab8acff9e.jpg,male
290158a3-b940-4564-a970-2664f94bdfa2,Meelis Mälberg,Meelis Mälberg,Meelis.Malberg@riigikogu.ee,,meelis.malberg,Eesti Reformierakonna fraktsioon,809ffcc5-c6cf-40f2-a985-2e859e3a0396,,,Riigikogu,12,,,https://www.riigikogu.ee/wpcms/wp-content/uploads/ems/temp/7d589cf6-69c8-4261-abfd-279be72a448f.jpg,male
a0870175-19a7-4f03-80a5-ca52b888880f,Mihhail Korb,Mihhail Korb,Mihhail.Korb@riigikogu.ee,,korbmihhail,Eesti Keskerakonna fraktsioon,f6b76a72-7b02-433b-8ced-4f9b8d3f980c,,,Riigikogu,12,,,https://www.riigikogu.ee/wpcms/wp-content/uploads/ems/temp/c3e95603-995c-4ce3-8884-28e5426533f9.jpg,male
04b0c38f-0cd8-4d0c-b276-f4aeb17bbefb,Mihhail Kõlvart,Mihhail Kõlvart,,,,Eesti Keskerakonna fraktsioon,f6b76a72-7b02-433b-8ced-4f9b8d3f980c,,,Riigikogu,12,,2011-04-07,https://upload.wikimedia.org/wikipedia/commons/6/61/Mihhail-Kolvart.JPG,male
27d0adba-ae78-49f3-9348-24df60add19e,Mihhail Lotman,Mihhail Lotman,,,,Isamaa ja Res Publica Liidu fraktsioon,c52ce7c4-e725-407e-81c4-d903f6b61b93,,,Riigikogu,12,2013-01-22,2013-01-23,"https://upload.wikimedia.org/wikipedia/commons/2/23/Lotman,_Mihhail.IMG_3151.JPG",male
3344a549-e83a-4fdd-8f06-6b5cde0788cd,Mihhail Stalnuhhin,Mihhail Stalnuhhin,Mihhail.Stalnuhhin@riigikogu.ee,,,Eesti Keskerakonna fraktsioon,f6b76a72-7b02-433b-8ced-4f9b8d3f980c,,,Riigikogu,12,,,https://www.riigikogu.ee/wpcms/wp-content/uploads/ems/temp/445bf905-a0c1-4fc7-ad5c-23a0ee283639.jpg,male
4976ec9e-f701-464d-9838-f5eb148e7510,Neeme Suur,Neeme Suur,,,,Sotsiaaldemokraatliku Erakonna fraktsioon,f8b6d88a-65e1-45b0-a230-501ceefd90eb,,,Riigikogu,12,,,"https://upload.wikimedia.org/wikipedia/commons/a/ab/Neeme_Suur,_2011.jpg",male
40b7578a-3cc0-488c-9043-95050262bc37,Olga Sõtnik,Olga Sõtnik,,olgasotnik,,Eesti Keskerakonna fraktsioon,f6b76a72-7b02-433b-8ced-4f9b8d3f980c,,,Riigikogu,12,,,https://upload.wikimedia.org/wikipedia/commons/d/d5/KE_Olga_Sõtnik.jpg,female
4abfac12-b57f-40f8-831c-15f0786e0e03,Paul-Eerik Rummo,Paul-Eerik Rummo,,,,Eesti Reformierakonna fraktsioon,809ffcc5-c6cf-40f2-a985-2e859e3a0396,,,Riigikogu,12,2011-04-07,,https://upload.wikimedia.org/wikipedia/commons/7/74/RE_Paul-Eerik_Rummo.jpg,male
5eb3f11c-99ad-4309-8d6b-be22118d88cc,Peep Aru,Peep Aru,peep.aru@riigikogu.ee,,,Eesti Reformierakonna fraktsioon,809ffcc5-c6cf-40f2-a985-2e859e3a0396,,,Riigikogu,12,,,http://www.riigikogu.ee/wpcms/wp-content/uploads/ems/temp/a5b93b1a-716b-4dcf-aba8-9ddcce524f11.jpg,male
5db703d7-bdb8-4d14-b2dd-1100aa9c1671,Peeter Kreitzberg,Peeter Kreitzberg,,,,Sotsiaaldemokraatliku Erakonna fraktsioon,f8b6d88a-65e1-45b0-a230-501ceefd90eb,,,Riigikogu,12,,2011-11-03,https://upload.wikimedia.org/wikipedia/commons/1/1c/SDE_Peeter_Kreitzberg.jpg,male
40534f4f-1ae5-4f1e-a58f-1cc926c721be,Peeter Laurson,Peeter Laurson,,PeeterLaurson,,Isamaa ja Res Publica Liidu fraktsioon,c52ce7c4-e725-407e-81c4-d903f6b61b93,,,Riigikogu,12,2011-04-06,,https://upload.wikimedia.org/wikipedia/commons/2/25/IRL_Peeter_Laurson.jpg,male
0cf73899-d07e-4085-8e56-225129397f6e,Peeter Võsa,Peeter Võsa,,,,Eesti Keskerakonna fraktsioon,f6b76a72-7b02-433b-8ced-4f9b8d3f980c,,,Riigikogu,12,,,https://upload.wikimedia.org/wikipedia/commons/f/f8/KE_Peeter_Võsa.jpg,male
2ccfeec4-817d-458d-93f5-04b46a539abd,Priit Sibul,Priit Sibul,Priit.Sibul@riigikogu.ee,SibulPriit,priitsibul,Isamaa ja Res Publica Liidu fraktsioon,c52ce7c4-e725-407e-81c4-d903f6b61b93,,,Riigikogu,12,,,https://www.riigikogu.ee/wpcms/wp-content/uploads/ems/temp/e8b7a970-9782-40d0-be4b-4daf47fc31da.jpg,male
1b9ec0aa-02bc-43ce-b047-fefc21b603c1,Priit Toobal,Priit Toobal,Priit.Toobal@riigikogu.ee,PriitToobal,,Eesti Keskerakonna fraktsioon,f6b76a72-7b02-433b-8ced-4f9b8d3f980c,,,Riigikogu,12,,,https://upload.wikimedia.org/wikipedia/commons/4/47/KE_Priit_Toobal.jpg,male
d28b6428-42e9-42c0-8384-ecca6c098a17,Rainer Vakra,Rainer Vakra,Rainer.Vakra@riigikogu.ee,VakraRa,rainer.vakra,Eesti Keskerakonna fraktsioon,f6b76a72-7b02-433b-8ced-4f9b8d3f980c,,,Riigikogu,12,,2012-04-08,https://www.riigikogu.ee/wpcms/wp-content/uploads/ems/temp/596c941c-4994-44b0-ac80-b2effaa51944.jpg,male
d28b6428-42e9-42c0-8384-ecca6c098a17,Rainer Vakra,Rainer Vakra,Rainer.Vakra@riigikogu.ee,VakraRa,rainer.vakra,Fraktsiooni mittekuuluvad Riigikogu liikmed,b17101c9-6e7b-4c8e-a34d-e7affd450ff3,,,Riigikogu,12,2012-04-09,,https://www.riigikogu.ee/wpcms/wp-content/uploads/ems/temp/596c941c-4994-44b0-ac80-b2effaa51944.jpg,male
0e2ae024-efe8-49ff-b627-fa4a9305c9b8,Rait Maruste,Rait Maruste,rait.maruste@riigikogu.ee,,100008839053633,Eesti Reformierakonna fraktsioon,809ffcc5-c6cf-40f2-a985-2e859e3a0396,,,Riigikogu,12,,,http://www.riigikogu.ee/wpcms/wp-content/uploads/ems/temp/7059252b-9663-457c-bab5-5708989fc289.jpg,male
4eafaa8d-7470-4082-a9af-207ae4bafe3e,Raivo Järvi,Raivo Järvi,,,,Eesti Reformierakonna fraktsioon,809ffcc5-c6cf-40f2-a985-2e859e3a0396,,,Riigikogu,12,2011-04-06,2012-06-17,https://upload.wikimedia.org/wikipedia/commons/3/3a/RE_Raivo_Järvi.jpg,male
fde979c9-f1b8-48c6-85e5-7448e1815ad3,Rannar Vassiljev,Rannar Vassiljev,,Vassiljev,,Sotsiaaldemokraatliku Erakonna fraktsioon,f8b6d88a-65e1-45b0-a230-501ceefd90eb,,,Riigikogu,12,,,https://upload.wikimedia.org/wikipedia/commons/c/c6/SDE_Rannar_Vassiljev.jpg,male
881b5437-0dcf-4b6e-b023-e3e708ef986b,Reet Roos,Reet Roos,,,,Isamaa ja Res Publica Liidu fraktsioon,c52ce7c4-e725-407e-81c4-d903f6b61b93,,,Riigikogu,12,,2014-01-13,https://upload.wikimedia.org/wikipedia/commons/3/3a/IRL_Reet_Roos.jpg,female
881b5437-0dcf-4b6e-b023-e3e708ef986b,Reet Roos,Reet Roos,,,,Isamaa ja Res Publica Liidu fraktsioon,c52ce7c4-e725-407e-81c4-d903f6b61b93,,,Riigikogu,12,2014-06-02,,https://upload.wikimedia.org/wikipedia/commons/3/3a/IRL_Reet_Roos.jpg,female
98b144ba-365a-473d-a987-3f4350b6510f,Rein Aidma,Rein Aidma,,,,Eesti Reformierakonna fraktsioon,809ffcc5-c6cf-40f2-a985-2e859e3a0396,,,Riigikogu,12,2011-04-02,,https://upload.wikimedia.org/wikipedia/commons/5/54/RE_Rein_Aidma.jpg,male
4b060a08-805e-45c3-8477-f770d4e52c1a,Rein Lang,Rein Lang,,,,Eesti Reformierakonna fraktsioon,809ffcc5-c6cf-40f2-a985-2e859e3a0396,,,Riigikogu,12,,2011-04-05,https://upload.wikimedia.org/wikipedia/commons/1/11/Balticfestival_1c563_7266.Rein_Lang.jpg,male
4b060a08-805e-45c3-8477-f770d4e52c1a,Rein Lang,Rein Lang,,,,Eesti Reformierakonna fraktsioon,809ffcc5-c6cf-40f2-a985-2e859e3a0396,,,Riigikogu,12,2013-12-05,,https://upload.wikimedia.org/wikipedia/commons/1/11/Balticfestival_1c563_7266.Rein_Lang.jpg,male
acdfe7cf-1b7c-49c6-b3f2-46cacc8d1d24,Rein Randver,Rein Randver,,,,Sotsiaaldemokraatliku Erakonna fraktsioon,f8b6d88a-65e1-45b0-a230-501ceefd90eb,,,Riigikogu,12,2011-04-02,,https://upload.wikimedia.org/wikipedia/commons/7/78/SDE_Rein_Randver.jpg,male
0278761b-a076-4dd4-9d39-e80243f9950b,Remo Holsmer,Remo Holsmer,Remo.Holsmer@riigikogu.ee,,remo.holsmer,Eesti Reformierakonna fraktsioon,809ffcc5-c6cf-40f2-a985-2e859e3a0396,,,Riigikogu,12,,,https://www.riigikogu.ee/wpcms/wp-content/uploads/ems/temp/0b1e822e-8352-4f88-b7e1-fd40e02fe657.jpg,male
79dcc637-2396-4f99-a0ba-c573ec9a9282,Siim Kabrits,Siim Kabrits,,,,Isamaa ja Res Publica Liidu fraktsioon,c52ce7c4-e725-407e-81c4-d903f6b61b93,,,Riigikogu,12,2011-04-06,2014-03-26,https://upload.wikimedia.org/wikipedia/commons/d/d1/IRL_Siim_Kabrits.jpg,male
51ff72fb-c6e8-4200-984e-471441cdcc6b,Siim Valmar Kiisler,Siim Valmar Kiisler,siim.kiisler@riigikogu.ee,,siim.kiisler,Isamaa ja Res Publica Liidu fraktsioon,c52ce7c4-e725-407e-81c4-d903f6b61b93,,,Riigikogu,12,,2011-04-05,https://www.riigikogu.ee/wpcms/wp-content/uploads/ems/temp/93a2ce46-2d81-405e-b5be-7c4b1c8cf533.jpg,male
51ff72fb-c6e8-4200-984e-471441cdcc6b,Siim Valmar Kiisler,Siim Valmar Kiisler,siim.kiisler@riigikogu.ee,,siim.kiisler,Isamaa ja Res Publica Liidu fraktsioon,c52ce7c4-e725-407e-81c4-d903f6b61b93,,,Riigikogu,12,2014-03-26,,https://www.riigikogu.ee/wpcms/wp-content/uploads/ems/temp/93a2ce46-2d81-405e-b5be-7c4b1c8cf533.jpg,male
a1eae1bc-73da-4d7d-8943-66df0d030b35,Siret Kotka,Siret Kotka,Siret.Kotka@riigikogu.ee,,siret.kotka,Eesti Keskerakonna fraktsioon,f6b76a72-7b02-433b-8ced-4f9b8d3f980c,,,Riigikogu,12,2014-07-01,,https://www.riigikogu.ee/wpcms/wp-content/uploads/ems/temp/7d0b41d7-8c67-4a9a-8ada-4eedaf8e5819.jpg,female
fa8a4384-62a5-4d09-9b6e-1a93c6cc8ef0,Sven Mikser,Sven Mikser,Sven.Mikser@riigikogu.ee,svenmikser,SvenMikser1,Sotsiaaldemokraatliku Erakonna fraktsioon,f8b6d88a-65e1-45b0-a230-501ceefd90eb,,,Riigikogu,12,,2014-03-26,http://www.riigikogu.ee/wpcms/wp-content/uploads/ems/temp/6ea18b87-3bff-4278-816f-f470a3980210.jpg,male
fadf4b85-2782-4159-8a94-457448957956,Sven Sester,Sven Sester,sven.sester@riigikogu.ee,SvenSester,sven.sester1,Isamaa ja Res Publica Liidu fraktsioon,c52ce7c4-e725-407e-81c4-d903f6b61b93,,,Riigikogu,12,,,https://www.riigikogu.ee/wpcms/wp-content/uploads/ems/temp/84749bf2-ba33-4c99-84f1-a8b5e78a10b7.jpg,male
6b71eefc-413d-4db6-88f0-d7ff845ebaf1,Taavi Rõivas,Taavi Rõivas,Taavi.Roivas@riigikogu.ee,TaaviRoivas,taavi.roivas,Eesti Reformierakonna fraktsioon,809ffcc5-c6cf-40f2-a985-2e859e3a0396,,,Riigikogu,12,,2012-12-11,https://www.riigikogu.ee/wpcms/wp-content/uploads/ems/temp/c402740a-1fa9-4118-ad92-457f1523eb13.jpg,male
9adfdc20-12a8-4242-9d1c-0c14943f4c2b,Tarmo Leinatamm,Tarmo Leinatamm,,,,Eesti Reformierakonna fraktsioon,809ffcc5-c6cf-40f2-a985-2e859e3a0396,,,Riigikogu,12,,2014-10-13,https://upload.wikimedia.org/wikipedia/commons/4/40/RE_Tarmo_Leinatamm.jpg,male
42e7b295-d77e-4409-9cbf-35db9c66318d,Tarmo Mänd,Tarmo Mänd,,,,Eesti Reformierakonna fraktsioon,809ffcc5-c6cf-40f2-a985-2e859e3a0396,,,Riigikogu,12,2013-12-05,,,male
b4cdf456-a2f2-4e42-9f99-444138a2b16d,Tarmo Tamm,Tarmo Tamm,Tarmo.Tamm@riigikogu.ee,tarmotamm,,Eesti Keskerakonna fraktsioon,f6b76a72-7b02-433b-8ced-4f9b8d3f980c,,,Riigikogu,12,2011-04-08,,https://www.riigikogu.ee/wpcms/wp-content/uploads/ems/temp/ef49c13d-681c-448e-83c0-a5f33397fdec.jpg,male
ada1dd1d-b113-4784-b100-f685ece89eab,Tatjana Jaanson,Tatjana Jaanson,,,,Sotsiaaldemokraatliku Erakonna fraktsioon,f8b6d88a-65e1-45b0-a230-501ceefd90eb,,,Riigikogu,12,2014-03-27,,,female
f762351d-893e-4956-8715-779ed8fb2e70,Terje Trei,Terje Trei,Terje.Trei@riigikogu.ee,,terjetrei,Eesti Reformierakonna fraktsioon,809ffcc5-c6cf-40f2-a985-2e859e3a0396,,,Riigikogu,12,2011-11-14,2012-12-10,https://www.riigikogu.ee/wpcms/wp-content/uploads/ems/temp/1fd5700b-f86c-4ad3-8981-58daece5a03d.jpg,male
f762351d-893e-4956-8715-779ed8fb2e70,Terje Trei,Terje Trei,Terje.Trei@riigikogu.ee,,terjetrei,Eesti Reformierakonna fraktsioon,809ffcc5-c6cf-40f2-a985-2e859e3a0396,,,Riigikogu,12,2014-01-01,,https://www.riigikogu.ee/wpcms/wp-content/uploads/ems/temp/1fd5700b-f86c-4ad3-8981-58daece5a03d.jpg,male
ccb289cc-8b57-45e9-aefd-99ef6946a8a1,Tiina Lokk-Tramberg,Tiina Lokk-Tramberg,,,,Eesti Reformierakonna fraktsioon,809ffcc5-c6cf-40f2-a985-2e859e3a0396,,,Riigikogu,12,2012-12-12,,"https://upload.wikimedia.org/wikipedia/commons/a/a8/Tiina_Lokk,_2011.jpg",female
660009df-70d6-41db-9c62-a2f4b3954649,Tiit Tammsaar,Tiit Tammsaar,,,,Sotsiaaldemokraatliku Erakonna fraktsioon,f8b6d88a-65e1-45b0-a230-501ceefd90eb,,,Riigikogu,12,2013-03-15,2013-06-17,,male
660009df-70d6-41db-9c62-a2f4b3954649,Tiit Tammsaar,Tiit Tammsaar,,,,Sotsiaaldemokraatliku Erakonna fraktsioon,f8b6d88a-65e1-45b0-a230-501ceefd90eb,,,Riigikogu,12,2014-03-26,,,male
7b36e16a-c1c8-40a8-9353-23addef1904e,Toomas Tõniste,Toomas Tõniste,,,,Isamaa ja Res Publica Liidu fraktsioon,c52ce7c4-e725-407e-81c4-d903f6b61b93,,,Riigikogu,12,,,https://upload.wikimedia.org/wikipedia/commons/e/e4/IRL_Toomas_Tõniste.jpg,male
f7ea60dd-ca64-4adb-96b5-faa8ab23d2f0,Tõnis Kõiv,Tõnis Kõiv,,toniskoiv,,Eesti Reformierakonna fraktsioon,809ffcc5-c6cf-40f2-a985-2e859e3a0396,,,Riigikogu,12,,,https://upload.wikimedia.org/wikipedia/commons/b/bc/RE_Tõnis_Kõiv.jpg,male
3d3d1918-5637-49e1-ae01-14a1358ad702,Tõnis Lukas,Tõnis Lukas,,,,Isamaa ja Res Publica Liidu fraktsioon,c52ce7c4-e725-407e-81c4-d903f6b61b93,,,Riigikogu,12,,2013-01-21,https://upload.wikimedia.org/wikipedia/commons/d/dc/Estonian_education_minister_Tõnis_Lukas_in_Tartu_18_October_2007.jpg,male
06c667e1-ad6e-4d82-8881-baeeb6311493,Tõnis Palts,Tõnis Palts,,,,Isamaa ja Res Publica Liidu fraktsioon,c52ce7c4-e725-407e-81c4-d903f6b61b93,,,Riigikogu,12,,,https://upload.wikimedia.org/wikipedia/commons/b/b2/IRL_Tõnis_Palts.jpg,male
cdad9e67-7061-4412-ada2-53ee03b89eae,Tõnu Juul,Tõnu Juul,,,,Eesti Reformierakonna fraktsioon,809ffcc5-c6cf-40f2-a985-2e859e3a0396,,,Riigikogu,12,2011-04-06,2014-11-04,https://upload.wikimedia.org/wikipedia/commons/f/f0/RE_Tõnu_Juul.jpg,male
ca087e91-a52c-43de-b7fa-bf07bdfe5747,Urbo Vaarmann,Urbo Vaarmann,,,,Eesti Keskerakonna fraktsioon,f6b76a72-7b02-433b-8ced-4f9b8d3f980c,,,Riigikogu,12,2013-10-31,,,male
1a8c0540-64fd-4d50-b33b-a4c37ef596a3,Urmas Klaas,Urmas Klaas,,,,Eesti Reformierakonna fraktsioon,809ffcc5-c6cf-40f2-a985-2e859e3a0396,,,Riigikogu,12,,2014-04-08,https://upload.wikimedia.org/wikipedia/commons/c/cd/RE_Urmas_Klaas.jpg,male
173df2d0-3584-4a91-bd88-abd1799f83d6,Urmas Kruuse,Urmas Kruuse,Urmas.Kruuse@riigikogu.ee,urmaskruuse,urmas.kruuse,Eesti Reformierakonna fraktsioon,809ffcc5-c6cf-40f2-a985-2e859e3a0396,,,Riigikogu,12,,2011-04-01,https://www.riigikogu.ee/wpcms/wp-content/uploads/ems/temp/f86027f8-3534-4843-811f-0b8a72195fc5.jpg,male
22d0ca41-c8a6-4475-9cad-6b932a909a48,Urmas Paet,Urmas Paet,,Urmaspaet,,Eesti Reformierakonna fraktsioon,809ffcc5-c6cf-40f2-a985-2e859e3a0396,,,Riigikogu,12,,2011-04-05,https://upload.wikimedia.org/wikipedia/commons/1/17/Urmas_Paet.jpg,male
75a1da0b-ed40-418a-b412-0595bb0f617e,Urmas Reinsalu,Urmas Reinsalu,Urmas.Reinsalu@riigikogu.ee,,,Isamaa ja Res Publica Liidu fraktsioon,c52ce7c4-e725-407e-81c4-d903f6b61b93,,,Riigikogu,12,,2012-04-11,https://upload.wikimedia.org/wikipedia/commons/c/c9/IRL_Urmas_Reinsalu.jpg,male
75a1da0b-ed40-418a-b412-0595bb0f617e,Urmas Reinsalu,Urmas Reinsalu,Urmas.Reinsalu@riigikogu.ee,,,Isamaa ja Res Publica Liidu fraktsioon,c52ce7c4-e725-407e-81c4-d903f6b61b93,,,Riigikogu,12,2014-03-26,,https://upload.wikimedia.org/wikipedia/commons/c/c9/IRL_Urmas_Reinsalu.jpg,male
cdb00a6d-65c7-4f22-a8d5-57dd296b30a3,Urve Palo,Urve Palo,Urve.Palo@riigikogu.ee,,Urve-Palo,Sotsiaaldemokraatliku Erakonna fraktsioon,f8b6d88a-65e1-45b0-a230-501ceefd90eb,,,Riigikogu,12,,2013-03-15,http://www.riigikogu.ee/wpcms/wp-content/uploads/ems/temp/0f797948-3b3d-4ec1-86bf-293883798c7b.jpg,female
cdb00a6d-65c7-4f22-a8d5-57dd296b30a3,Urve Palo,Urve Palo,Urve.Palo@riigikogu.ee,,Urve-Palo,Sotsiaaldemokraatliku Erakonna fraktsioon,f8b6d88a-65e1-45b0-a230-501ceefd90eb,,,Riigikogu,12,2013-06-15,2014-03-26,http://www.riigikogu.ee/wpcms/wp-content/uploads/ems/temp/0f797948-3b3d-4ec1-86bf-293883798c7b.jpg,female
13d18bf2-db98-4bda-b8b5-cf2f09c00ae9,Urve Tiidus,Urve Tiidus,Urve.Tiidus@riigikogu.ee,urvetiidus,,Eesti Reformierakonna fraktsioon,809ffcc5-c6cf-40f2-a985-2e859e3a0396,,,Riigikogu,12,,2013-12-04,https://www.riigikogu.ee/wpcms/wp-content/uploads/ems/temp/b3b7e86b-a159-49c7-880b-c8a238f2e6dd.jpg,female
d0acd084-e9b7-479e-8c01-fd93864e971a,Valdo Randpere,Valdo Randpere,Valdo.Randpere@riigikogu.ee,Randpere,valdo.randpere,Eesti Reformierakonna fraktsioon,809ffcc5-c6cf-40f2-a985-2e859e3a0396,,,Riigikogu,12,,,https://www.riigikogu.ee/wpcms/wp-content/uploads/ems/temp/b5ddf941-4b08-45ab-b92e-fc10d23d8668.jpg,male
a579de1e-f1bd-40fa-8afa-08d392dcb7a0,Valeri Korb,Valeri Korb,Valeri.Korb@riigikogu.ee,,korbvaleri,Eesti Keskerakonna fraktsioon,f6b76a72-7b02-433b-8ced-4f9b8d3f980c,,,Riigikogu,12,,,https://www.riigikogu.ee/wpcms/wp-content/uploads/ems/temp/61a7d20b-a761-4143-8b50-d4f8220291b7.jpg,male
a3be2b16-c638-4405-932a-9b0c466a77eb,Viktor Vassiljev,Viktor Vassiljev,Viktor.Vassiljev@riigikogu.ee,,100000507924540,Eesti Keskerakonna fraktsioon,f6b76a72-7b02-433b-8ced-4f9b8d3f980c,,,Riigikogu,12,,,https://www.riigikogu.ee/wpcms/wp-content/uploads/ems/temp/d5bd89b3-8147-4f43-bc1a-c79b8f1ec62b.jpg,male
9f7d1d83-7cbe-4b84-a6c1-d6ba6db50959,Vladimir Velman,Vladimir Velman,Vladimir.Velman@riigikogu.ee,,vladimir.velman,Eesti Keskerakonna fraktsioon,f6b76a72-7b02-433b-8ced-4f9b8d3f980c,,,Riigikogu,12,,,https://www.riigikogu.ee/wpcms/wp-content/uploads/ems/temp/dc77417c-a093-4179-aeb4-6ecc613cfb0d.jpg,male
275f82b8-b436-4a60-9067-06e8a2e0fc86,Väino Linde,Väino Linde,,,,Eesti Reformierakonna fraktsioon,809ffcc5-c6cf-40f2-a985-2e859e3a0396,,,Riigikogu,12,,,https://upload.wikimedia.org/wikipedia/commons/0/0c/RE_Väino_Linde.jpg,male
77605932-0f05-461e-8a0d-a5618f0fe6b8,Yana Toom,Yana Toom,,,,Eesti Keskerakonna fraktsioon,f6b76a72-7b02-433b-8ced-4f9b8d3f980c,,,Riigikogu,12,,,https://upload.wikimedia.org/wikipedia/commons/5/53/KE_Yana_Toom.jpg,female
5683b57d-b38b-4d9c-9484-6707a2e32ef5,Ülle Rajasalu,Ülle Rajasalu,,,,Eesti Reformierakonna fraktsioon,809ffcc5-c6cf-40f2-a985-2e859e3a0396,,,Riigikogu,12,2011-04-06,2011-04-07,,female
31c1ce3e-dace-4ab8-8cb0-f4257947b976,Ülo Tulik,Ülo Tulik,,,,Isamaa ja Res Publica Liidu fraktsioon,c52ce7c4-e725-407e-81c4-d903f6b61b93,,,Riigikogu,12,2011-04-06,2014-03-26,https://upload.wikimedia.org/wikipedia/commons/b/bb/IRL_Ülo_Tulik.jpg,male
