id,name__fr,name__nl,name__de,name__en,name__it,name,wikipedia__fr,wikipedia__nl,gender,birth_date,given_name,original_wikiname,name__pl,name__es,name__nb,name__da,name__nn,name__sv,name__hu,name__et,wikipedia__commons,wikipedia__de,wikipedia__en,wikipedia__et,wikipedia__no,wikipedia__pl,image,identifier__ISNI,identifier__VIAF,identifier__GND,identifier__LCAuth,identifier__BNF,identifier__SUDOC,identifier__freebase,website,identifier__NTA,name__ca,wikipedia__ca,wikipedia__es,wikipedia__sv,name__zh_hant,name__zh_cn,name__ku,name__tr,name__ckb,name__ro,name__bg,wikipedia__bg,wikipedia__ckb,wikipedia__ku,wikipedia__ro,wikipedia__tr,name__eo,name__de_ch,name__en_ca,name__en_gb,name__lb,name__oc,name__ru,name__uk,name__el,name__zh,name__vi,name__ko,name__la,name__cs,name__br,name__ja,name__ar,name__he,name__id,name__ie,name__io,name__fi,name__af,name__fa,name__li,wikipedia__af,wikipedia__ar,wikipedia__br,wikipedia__cs,wikipedia__da,wikipedia__el,wikipedia__eo,wikipedia__fa,wikipedia__fi,wikipedia__he,wikipedia__hu,wikipedia__id,wikipedia__ie,wikipedia__io,wikipedia__it,wikipedia__ja,wikipedia__ko,wikipedia__la,wikipedia__lb,wikipedia__li,wikipedia__oc,wikipedia__ru,wikipedia__ruwikinews,wikipedia__uk,wikipedia__vi,wikipedia__zh,family_name,name__an,name__ast,name__bar,name__co,name__cy,name__de_at,name__eu,name__frp,name__fur,name__ga,name__gd,name__gl,name__gsw,name__hr,name__ia,name__is,name__kg,name__lij,name__mg,name__min,name__ms,name__nap,name__nds,name__nds_nl,name__nrm,name__pcd,name__pms,name__pt,name__pt_br,name__rm,name__sc,name__scn,name__sco,name__sk,name__sl,name__sr_el,name__sw,name__vec,name__vls,name__vo,name__wa,name__wo,name__zu,wikipedia__wa,name__bs,name__ceb,name__lmo,name__lt,name__sq,wikipedia__vls,death_date,twitter,identifier__ODIS,name__be,name__mr,name__sh,name__sr,name__th,name__nan,wikipedia__be,wikipedia__cswikiquote,wikipedia__cy,wikipedia__frwikiquote,wikipedia__hr,wikipedia__lmo,wikipedia__lt,wikipedia__mg,wikipedia__mr,wikipedia__ms,wikipedia__plwikiquote,wikipedia__pt,wikipedia__sco,wikipedia__sh,wikipedia__simple,wikipedia__sk,wikipedia__sr,wikipedia__th,wikipedia__zh_min_nan,identifier__EuroparlMEP,identifier__Munzinger,identifier__parlement,identifier__FAST,facebook,wikipedia__nlwikiquote,name__ksh,name__frr,name__fy,name__lfn,name__pdc,name__pdt,name__pfl,name__sli,name__stq,name__vmf,identifier__IMDB,identifier__DBNL,name__rw,wikipedia__rw,identifier__PACE,wikipedia__hsb,name__hsb,occupation,wikipedia__ga,identifier__belgian_senate,identifier__flemish_parliament,identifier__quora,identifier__NUKAT,identifier__persee,name__hy,linkedin,name__ext,identifier__Britannica,email,identifier__youtube,name__be_tarask,identifier__google_knowledge,identifier__OLID
Q1151266,Emir Kir,Emir Kir,Emir Kir,Emir Kir,Emir Kir,Emir Kir,Emir Kir,Emir Kir,male,1968-10-17,Emir,,,Emir Kir,,,,,,,,,,,,,https://upload.wikimedia.org/wikipedia/commons/e/e2/Emir_kir.jpg,,,,,,,,,,,,,,,,,Emir Kır,,,,,,,,Emir Kır,,,,,,,Эмир Кир,,,,,,,,,,,,,,,,,,,,,,,,,,,,,,,,,,,,,,,,,,,,,,,,,,,,,,,,,,,,,,,,,,,,,,,,,,,,,,,,,,,,,,,,,,,,,,,,,,,,,,,,,,,,,,,,,,,,,,,,,,,,,,,,,,,,,,,,,,,,,,,,,,,politician,,,,,,,,,,,,,,,
Q1240812,Koen Geens,Koen Geens,Koen Geens,Koen Geens,Koen Geens,Koen Geens,Koen Geens,Koen Geens,male,1958-01-22,Koen,,Koen Geens,Koen Geens,Koen Geens,Koen Geens,Koen Geens,Koen Geens,Koen Geens,Koen Geens,Category:Koen Geens,Koen Geens,Koen Geens,Koen Geens,Koen Geens,Koen Geens,https://upload.wikimedia.org/wikipedia/commons/0/0a/Koen-geens-1362508702.jpg,0000 0000 6650 4894,93476347,131436686,n90678116,12432875b,033465770,/m/0gwgcjk,http://www.koengeens.be/,074864017,,,,,,,,,,,,,,,,,,,,,,,,,,科恩·吉恩斯,,,,,,クーン・ヘーンス,,,,,,,,,,,,,,,,,,,,,,,,,,,,,,,,,,,,,,,,,,,,,,,,,,,,,,,,,,,,,,,,,,,,,,,,,,,,,,,,,,,,,,,,,,,,,,,,,,,,,,,,,,,,,,,,,,,,,,,,,,,,,,,,,,,,,,,,,,university teacher,,,,,,,,,,,,,,,
Q1344265,Filip Dewinter,Filip Dewinter,Filip Dewinter,Filip Dewinter,Filip Dewinter,Filip Dewinter,Filip Dewinter,Filip Dewinter,male,1962-09-11,Filip,Filip Dewinter,Filip Dewinter,Filip Dewinter,Filip Dewinter,Filip Dewinter,Filip Dewinter,Filip Dewinter,Filip Dewinter,,,Filip Dewinter,Filip Dewinter,,,Filip Dewinter,https://upload.wikimedia.org/wikipedia/commons/f/fb/Filip_Dewinter_6_juni_2004.png,,55199279,12844875X,,,,/m/040_c2,http://www.filipdewinter.be,,Filip Dewinter,Filip Dewinter,,,,,,,,,,,,,,,,,,,,,"Девинтер, Филипп",,,,,,,,,,,פיליפ דה וינטר,,,,Filip Dewinter,,,,,,,,,,,,Filip Dewinter,פיליפ דה וינטר,,,,,,,,,,,,"Девинтер, Филипп",,,,,,,,,,,,,,,,,,,,,,,,,,,,,,,,,,,,,,,,,,,,,,,,,,,,,,,,,,,,,,,,,,,,,,,,,,,,,,,,,,,,,,,,,Filip Dewinter,,,,,,,,,,,,,,,,,,politician,,317,1803,,,,,,,,,,,,
Q14084072,Peter De Roover,Peter De Roover,Peter De Roover,Peter De Roover,Peter De Roover,Peter De Roover,,Peter De Roover,male,1962-05-20,Peter,Peter De Roover,Peter De Roover,Peter De Roover,Peter De Roover,Peter De Roover,Peter De Roover,Peter De Roover,Peter De Roover,Peter De Roover,,,,,,,,,,,,,,,,,Peter De Roover,,,,,,,,,Peter De Roover,,,,,,,Peter De Roover,Peter De Roover,Peter De Roover,Peter De Roover,Peter De Roover,Peter De Roover,,,,,Peter De Roover,,,Peter De Roover,Peter De Roover,,,,Peter De Roover,Peter De Roover,Peter De Roover,Peter De Roover,Peter De Roover,,Peter De Roover,,,,,,,,,,,,,,,,,,,,,,,,,,,,Peter De Roover,Peter De Roover,Peter De Roover,Peter De Roover,Peter De Roover,Peter De Roover,Peter De Roover,Peter De Roover,Peter De Roover,Peter De Roover,Peter De Roover,Peter De Roover,Peter De Roover,Peter De Roover,Peter De Roover,Peter De Roover,Peter De Roover,Peter De Roover,Peter De Roover,Peter De Roover,Peter De Roover,Peter De Roover,Peter De Roover,Peter De Roover,Peter De Roover,Peter De Roover,Peter De Roover,Peter De Roover,Peter De Roover,Peter De Roover,Peter De Roover,Peter De Roover,Peter De Roover,Peter De Roover,Peter De Roover,Peter De Roover,Peter De Roover,Peter De Roover,Peter De Roover,Peter De Roover,Peter De Roover,Peter De Roover,Peter De Roover,,,,,,,,,,,,,,,,,,,,,,,,,,,,,,,,,,,,,,,,,,,,,,,,,,,,,,,,,,,politician,,,,,,,,,,,,,,,
Q1441464,Francis Delpérée,Francis Delpérée,Francis Delpérée,Francis Delpérée,Francis Delpérée,Francis Delpérée,Francis Delpérée,Francis Delpérée,male,1942-01-14,Francis,,,Francis Delpérée,Francis Delpérée,Francis Delpérée,Francis Delpérée,Francis Delpérée,Francis Delpérée,,,Francis Delpérée,Francis Delpérée,,,,,0000 0001 2026 0043,54180402,101242717X,n81119527,12118925k,029597021,/m/064m1jm,,068339828,,,,,,,,,,,,,,,,,,,,,,,,,,,,,,,,,,,,,,,,,,,,,,,,,,,,,,,,,,,,,,,,,,,,,,,,,,,,,,,,,,,,,,,,,,,,,,,,,,,,,,,,,,,,,,,,,,,,,,,,,,,,,,,,,,,,,,,,,,,,,,,,,,,,,,,,,,,,,,,,,,,,,,,,,,lawyer,,4381,,,,270290,,,,,,,,,
Q1471482,Frédéric Daerden,Frédéric Daerden,Frédéric Daerden,Frédéric Daerden,Frédéric Daerden,Frédéric Daerden,Frédéric Daerden,Frédéric Daerden,male,1970-01-11,Frédéric,,Frédéric Daerden,Frédéric Daerden,Frédéric Daerden,Frédéric Daerden,Frédéric Daerden,Frédéric Daerden,Frédéric Daerden,,Category:Frédéric Daerden,Frédéric Daerden,Frédéric Daerden,,,Frédéric Daerden,"https://upload.wikimedia.org/wikipedia/commons/e/ef/Daerden,_Frédéric-0071.jpg",,48622737,1061015351,n2004092367,,076110478,/m/0_lgnsy,,,,,,,,,,,,,,,,,,,,,,,,,,,,,,,,,,,,,,,,,,,,,,,,,,,,,,,,,,,,,,,,,,,,,,,,,,,,,,,,,,,,,,,,,,,,,,,,,,,,,,,,,,,,,,,,,,,,,,,,,,fredericdaerden,,,,,,,,,,,,,,,,,,,,,,,,,,,97125,,,,frederic.daerden.5,,,,,,,,,,,,,,,,,,,politician,,,,,,,,,,,,,,,
Q14856202,Tim Vandenput,Tim Vandenput,Tim Vandenput,Tim Vandenput,Tim Vandenput,Tim Vandenput,Tim Vandenput,Tim Vandenput,male,1971-11-06,Tim,,,Tim Vandenput,,,,,,,,,,,,,https://upload.wikimedia.org/wikipedia/commons/f/f9/Tim-Vandenput.jpg,,,,,,,,,,,,,,,,,,,,,,,,,,,,,,,,,,,,,,,,,,,,,,,,,,,,,,,,,,,,,,,,,,,,,,,,,,,,,,,,,,,,,,,,,,,,,,,,,,,,,,,,,,,,,,,,,,,,,,,,,,,,,,,,,,,,,,,,,,,,,,,,,,,,,,,,,,,,,,,,,,,,,,,,,,,,,,,,,,,politician,,,,,,,,,,,,,,,
Q15048,Elio Di Rupo,Elio Di Rupo,Elio Di Rupo,Elio Di Rupo,Elio Di Rupo,Elio Di Rupo,Elio Di Rupo,Elio Di Rupo,male,1951-07-18,Elio,Elio Di Rupo,Elio Di Rupo,Elio Di Rupo,Elio Di Rupo,Elio Di Rupo,Elio Di Rupo,Elio Di Rupo,Elio Di Rupo,Elio Di Rupo,Elio Di Rupo,Elio Di Rupo,Elio Di Rupo,Elio Di Rupo,Elio Di Rupo,Elio Di Rupo,https://upload.wikimedia.org/wikipedia/commons/c/c4/Elio_Di_Rupo_PES-Kongress_2014.jpg,,4426085,102400578X,nb99001197,,16530359X,/m/01hgwl,,,Elio Di Rupo,Elio Di Rupo,Elio Di Rupo,Elio Di Rupo,,,,Elio Di Rupo,,Elio Di Rupo,Елио Ди Рупо,Елио Ди Рупо,,,Elio Di Rupo,Elio Di Rupo,Elio Di Rupo,,Elio Di Rupo,Elio Di Rupo,Elio Di Rupo,Elio Di Rupo,"Ди Рупо, Элио",Еліо ді Рупо,Έλιο Ντι Ρούπο,埃利奥·迪吕波,Elio Di Rupo,엘리오 디 뤼포,Aelius Di Rupo,Elio Di Rupo,Elio Di Rupo,エリオ・ディルポ,ليو دي روبو,אליו די רופו,Elio Di Rupo,,Elio Di Rupo,Elio Di Rupo,Elio Di Rupo,الیو دی روپو,Elio Di Rupo,Elio Di Rupo,ليو دي روبو,Elio Di Rupo,Elio Di Rupo,Elio Di Rupo,Έλιο Ντι Ρούπο,Elio Di Rupo,الیو دی روپو,Elio Di Rupo,אליו די רופו,Elio Di Rupo,Elio Di Rupo,,Elio Di Rupo,Elio Di Rupo,エリオ・ディルポ,엘리오 디 뤼포,Aelius Di Rupo,Elio Di Rupo,Elio Di Rupo,Elio Di Rupo,"Ди Рупо, Элио",,Еліо ді Рупо,Elio Di Rupo,埃利奥·迪吕波,,,,,,Elio Di Rupo,,,,,,,,,Elio Di Rupo,,,,,Elio Di Rupo,,Elio Di Rupo,,,,,,,Elio Di Rupo,Elio Di Rupo,,,,Elio Di Rupo,Elio Di Rupo,,,,,,,Elio Di Rupo,,,Elio Di Rupo,,,Elio Di Rupo,Elijas di Rupas,,,,,,Эліа дзі Рупо,एल्यो दि र् युपो,Elio Di Rupo,Елио ди Рупо,เอลีโย ดี รูโป,Elio Di Rupo,Эліа дзі Рупо,Elio Di Rupo,Elio Di Rupo,Elio Di Rupo,Elio Di Rupo,Elio Di Rupo,Elio di Rupo,Elio Di Rupo,एल्यो दि र्‍युपो,Elio Di Rupo,Elio Di Rupo,Elio Di Rupo,Elio Di Rupo,Elio Di Rupo,Elio Di Rupo,Elio Di Rupo,Елио ди Рупо,เอลีโย ดี รูโป,Elio Di Rupo,1294,00000028949,vi5sadm4vbzb,426897,,,,,,,,,,,,,,,,,,,,chemist,,,,Elio-Di-Rupo-1,,,,,,biography/Elio-Di-Rupo,,,,,
Q15127115,Egbert Lachaert,Egbert Lachaert,Egbert Lachaert,Egbert Lachaert,Egbert Lachaert,Egbert Lachaert,Egbert Lachaert,Egbert Lachaert,male,1977-07-04,Egbert,Egbert Lachaert,,Egbert Lachaert,,,,,Egbert Lachaert,,,,,,,,,,,,,,,,http://www.egbertlachaert.be/,,,,,,,,,,,,,,,,,,,,,,,,,,,,,,,,,,,,,,,,,,,,,,,,,,,,,,,,,,,,,,,,,,,,,,,,,,,,,,,,,,,,,,,,,,,,,,,,,,,,,,,,,,,,,,,,,,,,,,,,,,,,,,,,,,,,,,,,,,,,,,,,,,,,,,,,,,,,,,,,,,,,,,,,,,,politician,,,3965,,,,,,,,,,,,
Q1534851,Pieter De Crem,Pieter De Crem,Pieter De Crem,Pieter De Crem,Pieter De Crem,Pieter De Crem,Pieter De Crem,Pieter De Crem,male,1962-07-22,Pieter,Pieter De Crem,Pieter De Crem,Pieter De Crem,Pieter De Crem,Pieter De Crem,Pieter De Crem,Pieter De Crem,Pieter De Crem,,,Pieter De Crem,Pieter De Crem,,,Pieter De Crem,https://upload.wikimedia.org/wikipedia/commons/5/5a/Pieter_De_Crem_EDA_conference_2014.jpg,,53146708109300840611,1104220393,,,,/m/02rzq_k,http://www.pieterdecrem.be/,,,,Pieter De Crem,,,,,,,,,,,,,,,,,,,,Питер де Крем,,,彼得·德克雷姆,,,,,,ピーター・デ・クレム,,,,,,,,,,,,,,,,,,,,,,,,,,,,,,,,,,,,,,,,,,,,,,,,,,,,,,,,,,,,,,,,,,,,,,,,,,,,,,,,,,,,,,,,,,,,,,,,,,,,,,,,,,,,,,,,,,,,,,,,,,,,,,,,,,,,,,,,,,politician,,,,,,,,,,,,,,,
Q15883457,Vincent Scourneau,Vincent Scourneau,Vincent Scourneau,Vincent Scourneau,Vincent Scourneau,Vincent Scourneau,Vincent Scourneau,Vincent Scourneau,male,1967-06-22,Vincent,,,Vincent Scourneau,,,,,,,,,,,,,,,,,,,,,,,,,,,,,,,,,,,,,,,,,,,,,,,,,,,,,,,,,,,,,,,,,,,,,,,,,,,,,,,,,,,,,,,,,,,,,,,,,,,,,,,,,,,,,,,,,,,,,,,,,,,,,,,,,,,,,,,,,,,,,,,,,,,,,,,,,,,,,,,,,,,,,,,,,,,,,,,,,,,,,,,,,,,,,,,,politician,,,,,,,,,,,,,,,
Q15992,Patrick Dewael,Patrick Dewael,Patrick Dewael,Patrick Dewael,Patrick Dewael,Patrick Dewael,Patrick Dewael,Patrick Dewael,male,1955-10-13,Patrick,,Patrick Dewael,Patrick Dewael,Patrick Dewael,Patrick Dewael,Patrick Dewael,Patrick Dewael,Patrick Dewael,,,Patrick Dewael,Patrick Dewael,,,Patrick Dewael,,0000 0000 4400 5082,48453866,,n94029114,,,/m/03vpp3,,073959812,Patrick Dewael,,Patrick Dewael,,,,,,,,,,,,,,,Patrick Dewael,Patrick Dewael,Patrick Dewael,,Patrick Dewael,,,,,,,,,,,,,,,,,,,,,,,,,,,,,,,,,,,,,,,,,,,,,,,Patrick Dewael,Patrick Dewael,,,,,,,,,,Patrick Dewael,,,,,,,Patrick Dewael,,,,,,,,,,,,,,,,,,,,,,,,,,,,,,,,,,,,,,,,,,,,,,,,Patrick Dewael,,,,,,,,,,,,,,,,,,,,,,,,,,,,,dewa010,,,,,,politician,,,1802,,,,,,Patrick Dewael,,,,,,
Q16069165,Sarah Claerhout,Sarah Claerhout,Sarah Claerhout,Sarah Claerhout,Sarah Claerhout,Sarah Claerhout,Sarah Claerhout,Sarah Claerhout,female,1977-07-14,Sarah,Sarah Claerhout,,Sarah Claerhout,,,,,,,,,,,,,https://upload.wikimedia.org/wikipedia/commons/a/a0/Sarah_Claerhout.jpg,,310599466,,,,,,,,,,,,,,,,,,,,,,,,,,,,,,,,,,,,,,,,,,,,,,,,,,,,,,,,,,,,,,,,,,,,,,,,,,,,,,,,,,,,,,,,,,,,,,,,,,,,,,,,,,,,,,,,,,,,,,,,,,,,,,,,,,,,,,,,,,,,,,,,,,,,,,,,,,,,,,,,,,,,,,,,,,,,,,,,,politician,,,,,,,,,,,,,,,
Q1663490,Alain Mathot,Alain Mathot,Alain Mathot,Alain Mathot,Alain Mathot,Alain Mathot,Alain Mathot,Alain Mathot,male,1972-08-29,Alain,,,Alain Mathot,Alain Mathot,Alain Mathot,Alain Mathot,Alain Mathot,,,,Alain Mathot,,,,,,,,,,,,,http://www.alainmathot.be,,,,,,,,,,,,,,,,,,,,,,,,,,,,,,,,,,,,,,,,,,,,,,,,,,,,,,,,,,,,,,,,,,,,,,,,,,,,,,,,,,,,,,,,,,,,,,,,,,,,,,,,,,,,,,,,,,,,,,,,,,,,,,,,,,,,,,,,,,,,,,,,,,,,,,,,,,,,,,,,,,,,,,,,,,,politician,,,,,,,,,,,,,,,
Q16662935,Marco Van Hees,Marco Van Hees,Marco Van Hees,Marco Van Hees,Marco Van Hees,Marco Van Hees,Marco Van Hees,Marco Van Hees,male,1964-03-15,Marco,,,Marco Van Hees,,,,,,,,,,,,,,,,,,,,,,,,,,,,,,,,,,,,,,,Marco Van Hees,,,,,,,,,,,,,,,,,,,,,,,,,,,,,,,Marco Van Hees,,,,,,,,,,,,,,,,,,,,,,,,,,,,,,,,,,,,,,,,,,,,,,,,,,,,,,,,,,,,,,,,,,,,,,,,,,,,,,,,,,,,,,,,,,,,,,,,,,,,,,,,,,,,,,,,,,,,,,,,,,journalist,,,,,,,,,,,,,,,
Q16672153,Raoul Hedebouw,Raoul Hedebouw,Raoul Hedebouw,Raoul Hedebouw,Raoul Hedebouw,Raoul Hedebouw,Raoul Hedebouw,Raoul Hedebouw,male,1977-07-12,Raoul,,,Raoul Hedebouw,,,,,,,,,Raoul Hedebouw,,,,,,303911066,1043833145,,16700214f,,,,,,,,,,,,,,,,,,,,,,,,,,,,,,,,,,,,,,,,,,,,,,,,,,,,,,,,,,,,,,,,,,,,,,,,,,,,,,,,,,,,,,,,,,,,,,,,,,,,,,,,,,,,,,,,,,,,,,,,,,,,,,,,,,,,,,,,,,,,,,,,,,,,,,,,,,,,,,,,,,,,,,,,,,,,,,politician,,,,,,,,,,,,,,,
Q17038223,Jan Spooren,Jan Spooren,Jan Spooren,Jan Spooren,Jan Spooren,Jan Spooren,,Jan Spooren,male,1969-01-12,Jan,,,Jan Spooren,,,,,,,,,,,,,,,,,,,,,,,,,,,,,,,,,,,,,,,,,,,,,,,,,,,,,,,,,,,,,,,,,,,,,,,,,,,,,,,,,,,,,,,,,,,,,,,,,,,,,,,,,,,,,,,,,,,,,,,,,,,,,,,,,,,,,,,,,,,,,,,,,,,,,,,,,,,,,,,,,,,,,,,,,,,,,,,,,,,,,,,,,,,,,,,,politician,,,,,,,,,,,,,,,
Q17048132,Brecht Vermeulen,Brecht Vermeulen,Brecht Vermeulen,Brecht Vermeulen,Brecht Vermeulen,Brecht Vermeulen,,Brecht Vermeulen,male,1969-06-17,Brecht,,,Brecht Vermeulen,,,,,,,Category:Brecht Vermeulen,,,,,,https://upload.wikimedia.org/wikipedia/commons/a/af/Brecht_Vermeulen_-_September_2016_(cropped).jpg,,,,,,,,,,,,,,,,,,,,,,,,,,,,,,,,,,,,,,,,,,,,,,,,,,,,,,,,,,,,,,,,,,,,,,,,,,,,,Vermeulen,,,,,,,,,,,,,,,,,,,,,,,,,,,,,,,,,,,,,,,,,,,,,,,,,,,,,,,,,,,,,,,,,,,,,,,,,,,,,,,,,,,,,,,,,,,,,,,,,,,,,,politician,,,,,,,,,,,,,,,
Q17149643,Valerie Van Peel,Valerie Van Peel,Valerie Van Peel,Valerie Van Peel,Valerie Van Peel,Valerie Van Peel,,Valerie Van Peel,female,1979-10-11,Valerie,Valerie Van Peel,,Valerie Van Peel,,,,,,,,,,,,,,,,,,,,,,,,,,,,,,,,,,,,,,,,,,,,,,,,,,,,,,,,,,,,,,,,,,,,,,,,,,,,,,,,,,,,,,,,,,,,,,,,,,,,,,,,,,,,,,,,,,,,,,,,,,,,,,,,,,,,,,,,,,,,,,,,,,,,,,,,,,,,,,,,,,,,,,,,,,,,,,,,,,,,,,,,,,,,,,,,politician,,,,,,,,,,,,,,,
Q17149749,Koen Metsu,Koen Metsu,Koen Metsu,Koen Metsu,Koen Metsu,Koen Metsu,,Koen Metsu,male,1981-07-23,,Koen Metsu,,Koen Metsu,,,,,,,,,,,,,,,,,,,,,,,,,,,,,,,,,,,,,,,,,,,,,,,,,,,,,,,,,,,,,,,,,,,,,,,,,,,,,,,,,,,,,,,,,,,,,,,,,,,,,,,,,,,,,,,,,,,,,,,,,,,,,,,,,,,,,,,,,,,,,,,,,,,,,,,,,,,,,,,,,,,,,,,,,,,,,,,,,,,,,,,,,,,,,,,,politician,,,,,,,,,,,,,,,
Q17191473,Yoleen Van Camp,Yoleen Van Camp,Yoleen Van Camp,Yoleen Van Camp,Yoleen Van Camp,Yoleen Van Camp,,Yoleen Van Camp,female,1987-08-25,,Yoleen Van Camp,,Yoleen Van Camp,,,,,,,,,Yoleen Van Camp,,,,https://upload.wikimedia.org/wikipedia/commons/2/27/YoleenVC_by_MVC_14-03-2014.JPG,,,,,,,,,,,,,,,,,,,,,,,,,,,,,,,,,,,,,,,,,,,,,,,,,,,,,,,,,,,,,,,,,,,,,,,,,,,,,,,,,,,,,,,,,,,,,,,,,,,,,,,,,,,,,,,,,,,,,,,,,,,,,,,,,,,,,,,,,,,,,,,,,,,,,,,,,,,,,,,,,,,,,,,,,,,,,,,,,,,politician,,,,,,,,,,,,,,,
Q17350463,Nawal Ben Hamou,Nawal Ben Hamou,Nawal Ben Hamou,Nawal Ben Hamou,Nawal Ben Hamou,Nawal Ben Hamou,Nawal Ben Hamou,Nawal Ben Hamou,female,1987-06-11,,,,Nawal Ben Hamou,,,,,,,,,,,,,,,,,,,,,,,,,,,,,,,,,,,,,,,,,,,,,,,,,,,,,,,,,,,,,,,,,,,,,,,,,,,,,,,,,,,,,,,,,,,,,,,,,,,,,,,,,,,,,,,,,,,,,,,,,,,,,,,,,,,,,,,,,,,,,,,,,,,,,,,,,,,,,,,,,,,,,,,,,,,,,,,,,,,,,,,,,,,,,,,,politician,,,,,,,,,,,,,,,
Q17350584,Gilles Foret,Gilles Foret,Gilles Foret,Gilles Foret,Gilles Foret,Gilles Foret,Gilles Foret,Gilles Foret,male,1978-03-17,Gilles,,,Gilles Foret,,,,,,,,,,,,,,,,,,,,,,,,,,,,,,,,,,,,,,,,,,,,,,,,,,,,,,,,,,,,,,,,,,,,,,,,,,,,,,,,,,,,,,,,,,,,,,,,,,,,,,,,,,,,,,,,,,,,,,,,,,,,,,,,,,,,,,,,,,,,,,,,,,,,,,,,,,,,,,,,,,,,,,,,,,,,,,,,,,,,,,,,,,,,,,,,politician,,,,,,,,,,,,,,,
Q17350626,Gwenaëlle Grovonius,Gwenaëlle Grovonius,Gwenaëlle Grovonius,Gwenaëlle Grovonius,Gwenaëlle Grovonius,Gwenaëlle Grovonius,Gwenaëlle Grovonius,Gwenaëlle Grovonius,female,1978-10-16,Gwenaëlle,,,Gwenaëlle Grovonius,,,,,,,,,,,,,"https://upload.wikimedia.org/wikipedia/commons/f/f6/Gwenaëlle_Grovonius,_2014.jpg",,,,,,,,,,,,,,,,,,,,,,,,,,,,,,,,,,,,,,,,,,,,,,,,,,,,,,,,,,,,,,,,,,,,,,,,,,,,,,,,,,,,,,,,,,,,,,,,,,,,,,,,,,,,,,,,,,,,,,,,,,,,,,,,,,,,,,,,,,,,,,,,,,,,,,,,,,,,,,,,,,,,,,,,,,,,,,,,,,,politician,,,,,,,,,,,,,,,
Q17350847,Benoît Piedboeuf,Benoît Piedbœuf,Benoît Piedboeuf,Benoît Piedboeuf,Benoît Piedboeuf,Benoît Piedbœuf,Benoît Piedboeuf,Benoît Piedbœuf,male,1959-04-06,Benoît,,,Benoît Piedboeuf,,,,,,,,,,,,,,,,,,,,,,,,,,,,,,,,,,,,,,,,,,,,,,,,,,,,,,,,,,,,,,,,,,,,,,,,,,,,,,,,,,,,,,,,,,,,,,,,,,,,,,,,,,,,,,,,,,,,,,,,,,,,,,,,,,,,,,,,,,,,,,,,,,,,,,,,,,,,,,,,,,,,,,,,,,,,,,,,,,,,,,,,,,,,,,,,politician,,,,,,,,,,,,,,,
Q17428035,Rita Bellens,Rita Bellens,Rita Bellens,Rita Bellens,Rita Bellens,Rita Bellens,,Rita Bellens,female,1962-09-29,Rita,Rita Bellens,,Rita Bellens,,,,,,,Category:Rita Bellens,,,,,,https://upload.wikimedia.org/wikipedia/commons/5/56/Rita_Bellens_-_September_2016_(cropped).jpg,,,,,,,,,,,,,,,,,,,,,,,,,,,,,,,,,,,,,,,,,,,,,,,,,,,,,,,,,,,,,,,,,,,,,,,,,,,,,,,,,,,,,,,,,,,,,,,,,,,,,,,,,,,,,,,,,,,,,,,,,,,,,,,,,,,,,,,,,,,,,,,,,,,,,,,,,,,,,,,,,,,,,,,,,,,,,,,,,,,politician,,,,,,,,,,,,,,,
Q17428062,Emmanuel Burton,Emmanuel Burton,Emmanuel Burton,Emmanuel Burton,Emmanuel Burton,Emmanuel Burton,Emmanuel Burton,Emmanuel Burton,male,1973-01-14,Emmanuel,,,Emmanuel Burton,,,,,,,,,,,,,,,,,,,,,,,,,,,,,,,,,,,,,,,,,,,,,,,,,,,,,,,,,,,,,,,,,,,,,,,,,,,,,,,,,,,,,,,,,,,,,,,,,,,,,,,,,,,,,,,,,,,,,,,,,,,,,,,,,,,,,,,,,,,,,,,,,,,,,,,,,,,,,,,,,,,,,,,,,,,,,,,,,,,,,,,,,,,,,,,,politician,,,,,,,,,,,,,,,
Q17428066,Peter Buysrogge,Peter Buysrogge,Peter Buysrogge,Peter Buysrogge,Peter Buysrogge,Peter Buysrogge,,Peter Buysrogge,male,1976-03-15,Peter,Peter Buysrogge,,Peter Buysrogge,,,,,,,,,,,,,,,,,,,,,,,,,,,,,,,,,,,,,,,,,,,,,,,,,,,,,,,,,,,,,,,,,,,,,,,,,,,,,,,,,,,,,,,,,,,,,,,,,,,,,,,,,,,,,,,,,,,,,,,,,,,,,,,,,,,,,,,,,,,,,,,,,,,,,,,,,,,,,,,,,,,,,,,,,,,,,,,,,,,,,,,,,,,,,,,,politician,,,,,,,,,,,,,,,
Q17428073,An Capoen,An Capoen,An Capoen,An Capoen,An Capoen,An Capoen,,An Capoen,female,1982-09-20,,,,An Capoen,,,,,,,,,,,,,,,,,,,,,,,,,,,,,,,,,,,,,,,,,,,,,,,,,,,,,,,,,,,,,,,,,,,,,,,,,,,,,,,,,,,,,,,,,,,,,,,,,,,,,,,,,,,,,,,,,,,,,,,,,,,,,,,,,,,,,,,,,,,,,,,,,,,,,,,,,,,,,,,,,,,,,,,,,,,,,,,,,,,,,,,,,,,,,,,,politician,,,,,,,,,,,,,,,
Q17428129,Inez De Coninck,Inez De Coninck,Inez De Coninck,Inez De Coninck,Inez De Coninck,Inez De Coninck,,Inez De Coninck,female,1977-08-10,Inez,,,Inez De Coninck,,,,,,,,,,,,,,,,,,,,,,,,,,,,,,,,,,,,,,,,,,,,,,,,,,,,,,,,,,,,,,,,,,,,,,,,,,,,,,,,,,,,,,,,,,De Coninck,,,,,,,,,,,,,,,,,,,,,,,,,,,,,,,,,,,,,,,,,,,,,,,,,,,,,,,,,,,,,,,,,,,,,,,,,,,,,,,,,,,,,,,,,,,,,,,,,,,,,,politician,,,,,,,,,,,,,,,
Q17428131,Anne Dedry,Anne Dedry,Anne Dedry,Anne Dedry,Anne Dedry,Anne Dedry,Anne Dedry,Anne Dedry,female,1956-12-30,Anne,,,Anne Dedry,,,,,,,,,,,,,,,,,,,,,http://www.annededry.com,,,,,,,,,,,,,,,,,,,,,,,,,,,,,,,,,,,,,,,,,,,,,,,,,,,,,,,,,,,,,,,,,,,,,,,,,,,,,,,,,,,,,,,,,,,,,,,,,,,,,,,,,,,,,,,,,,,,,,,,,annededry,,,,,,,,,,,,,,,,,,,,,,,,,,,,,,,annededry,,,,,,,,,,,,,,,,,,,politician,,,,,,,,,,,,,,,
Q17428138,Franky Demon,Franky Demon,Franky Demon,Franky Demon,Franky Demon,Franky Demon,Franky Demon,Franky Demon,male,1976-06-28,,,,Franky Demon,,,,,,,,,,,,,https://upload.wikimedia.org/wikipedia/commons/a/a0/Franky_Demon.jpg,,,,,,,,,,,,,,,,,,,,,,,,,,,,,,,,,,,,,,,,,,,,,,,,,,,,,,,,,,,,,,,,,,,,,,,,,,,,,,,,,,,,,,,,,,,,,,,,,,,,,,,,,,,,,,,,,,,,,,,,,,,,,,,,,,,,,,,,,,,,,,,,,,,,,,,,,,,,,,,,,,,,,,,,,,,,,,,,,,,politician,,,,,,,,,,,,,,,
Q17428152,Benoît Dispa,Benoît Dispa,Benoît Dispa,Benoît Dispa,Benoît Dispa,Benoît Dispa,Benoît Dispa,Benoît Dispa,male,1963-09-18,Benoît,,,Benoît Dispa,,,,,,,,,,,,,,,,,,,,,,,,,,,,,,,,,,,,,,,,,,,,,,,,,,,,,,,,,,,,,,,,,,,,,,,,,,,,,,,,,,,,,,,,,,,,,,,,,,,,,,,,,,,,,,,,,,,,,,,,,,,,,,,,,,,,,,,,,,,,,,,,,,,,,,,,,,,,,,,,,,,,,,,,,,,,,,,,,,,,,,,,,,,,,,,,politician,,,,,,,,,,,,,,,
Q17428224,Rita Gantois,Rita Gantois,Rita Gantois,Rita Gantois,Rita Gantois,Rita Gantois,,Rita Gantois,female,1958-06-14,Rita,,,Rita Gantois,,,,,,,,,,,,,,,,,,,,,,,,,,,,,,,,,,,,,,,,,,,,,,,,,,,,,,,,,,,,,,,,,,,,,,,,,,,,,,,,,,,,,,,,,,,,,,,,,,,,,,,,,,,,,,,,,,,,,,,,,,,,,,,,,,,,,,,,,,,,,,,,,,,,,,,,,,,,,,,,,,,,,,,,,,,,,,,,,,,,,,,,,,,,,,,,politician,,,,,,,,,,,,,,,
Q17428394,Werner Janssen,Werner Janssen,Werner Janssen,Werner Janssen,Werner Janssen,Werner Janssen,,Werner Janssen (politicus),male,1969-06-05,Werner,,,Werner Janssen,,,,,,,,,,,,,,,,,,,,,,,,,,,,,,,,,,,,,,,,,,,,,,,,,,,,,,,,,,,,,,,,,,,,,,,,,,,,,,,,,,,,,,,,,,Janssen,,,,,,,,,,,,,,,,,,,,,,,,,,,,,,,,,,,,,,,,,,,,,,,,,,,,,,,,,,,,,,,,,,,,,,,,,,,,,,,,,,,,,,,,,,,,,,,,,,,,,,politician,,,,,,,,,,,,,,,
Q17429217,Isabelle Poncelet,Isabelle Poncelet,Isabelle Poncelet,Isabelle Poncelet,Isabelle Poncelet,Isabelle Poncelet,Isabelle Poncelet,Isabelle Poncelet,female,1967-03-13,Isabelle,,,Isabelle Poncelet,,,,,,,,,,,,,,,,,,,,,,,,,,,,,,,,,,,,,,,,,,,,,,,,,,,,Isabelle Poncelet,,,,,,,,,,,,,,,,,,,,,,,,,,,,,,,,,,,,,,,,,,,,,,,,,,,,,,,,,,,,,,,,,,,,,,,,,,,,,,,,,,,,,,,,,,,,,,,,,,,,,,,,,,,,,,,,,,,,,,,,,,,,,,,,,,,,,,,,,,,,politician,,,,,,,,,,,,,,,
Q17429438,Stéphanie Thoron,Stéphanie Thoron,Stéphanie Thoron,Stéphanie Thoron,Stéphanie Thoron,Stéphanie Thoron,Stéphanie Thoron,Stéphanie Thoron,female,1977-02-07,Stéphanie,,,Stéphanie Thoron,,,,,,,,,,,,,,,,,,,,,,,,,,,,,,,,,,,,,,,,,,,,,,,,,,,,,,,,,,,,,,,,,,,,,,,,,,,,,,,,,,,,,,,,,,,,,,,,,,,,,,,,,,,,,,,,,,,,,,,,,,,,,,,,,,,,,,,,,,,,,,,,,,,,,,,,,,,,,,,,,,,,,,,,,,,,,,,,,,,,,,,,,,,,,,,,politician,,,,,,,,,,,,,,,
Q17429475,Goedele Uyttersprot,Goedele Uyttersprot,Goedele Uyttersprot,Goedele Uyttersprot,Goedele Uyttersprot,Goedele Uyttersprot,,Goedele Uyttersprot,female,1980-10-17,Goedele,Goedele Uyttersprot,,Goedele Uyttersprot,,,,,,,,,,,,,,,,,,,,,,,,,,,,,,,,,,,,,,,,,,,,,,,,,,,,,,,,,,,,,,,,,,,,,,,,,,,,,,,,,,,,,,,,,,,,,,,,,,,,,,,,,,,,,,,,,,,,,,,,,,,,,,,,,,,,,,,,,,,,,,,,,,,,,,,,,,,,,,,,,,,,,,,,,,,,,,,,,,,,,,,,,,,,,,,,politician,,,,,,,,,,,,,,,
Q17429494,Jan Vercammen,Jan Vercammen,Jan Vercammen,Jan Vercammen,Jan Vercammen,Jan Vercammen,,Jan Vercammen (politicus),male,1969-10-18,Jan,,,Jan Vercammen,,,,,,,,,,,,,,,,,,,,,,,,,,,,,,,,,,,,,,,,,,,,,,,,,,,,,,,,,,,,,,,,,,,,,,,,,,,,,,,,,,,,,,,,,,,,,,,,,,,,,,,,,,,,,,,,,,,,,,,,,,,,,,,,,,,,,,,,,,,,,,,,,,,,,,,,,,,,,,,,,,,,,,,,,,,,,,,,,,,,,,,,,,,,,,,,politician,,,,,,,,,,,,,,,
Q17429594,Evita Willaert,Evita Willaert,Evita Willaert,Evita Willaert,Evita Willaert,Evita Willaert,Evita Willaert,Evita Willaert,female,1981-10-11,Evita,Evita Willaert,,Evita Willaert,,,,,,,,,,,,,,,,,,,,,,,,,,,,,,,,,,,,,,,,,,,,,,,,,,,,,,,,,,,,,,,,,,,,,,,,,,,,,,,,,,,,,,,,,,,,,,,,,,,,,,,,,,,,,,,,,,,,,,,,,,,,,,,,,,,,,,,,,,,,,,,,,,,,,,,,,,,,,,,,,,,,,,,,,,,,,,,,,,,,,,,,,,,,,,,,politician,,,,,,,,,,,,,,,
Q17639552,Stéphane Crusnière,Stéphane Crusnière,Stéphane Crusnière,Stéphane Crusnière,Stéphane Crusnière,Stéphane Crusnière,Stéphane Crusnière,Stéphane Crusnière,male,1967-07-10,Stéphane,,,Stéphane Crusnière,,,,,,,Category:Stéphane Crusnière,,,,,,https://upload.wikimedia.org/wikipedia/commons/5/5e/Stéphane_Crusnière_-_October_2016_(cropped).jpg,,,,,,,,,,,,,,,,,,,,,,,,,,,,,,,,,,,,,,,,,,,,,,,,,,,,,,,,,,,,,,,,,,,,,,,,,,,,,,,,,,,,,,,,,,,,,,,,,,,,,,,,,,,,,,,,,,,,,,,,,,,,,,,,,,,,,,,,,,,,,,,,,,,,,,,,,,,,,,,,,,,,,,,,,,,,,,,,,,,politician,,,,,,,,,,,,,,,
Q17836281,Annick Lambrecht,Annick Lambrecht,Annick Lambrecht,Annick Lambrecht,Annick Lambrecht,Annick Lambrecht,,Annick Lambrecht,female,1969-12-09,Annick,,,Annick Lambrecht,,,,,,,,,,,,,,,,,,,,,,,,,,,,,,,,,,,,,,,,,,,,,,,,,,,,,,,,,,,,,,,,,,,,,,,,,,,,,,,,,,,,,,,,,,Lambrecht,,,,,,,,,,,,,,,,,,,,,,,,,,,,,,,,,,,,,,,,,,,,,,,,,,,,,,,,,,,,,,,,,,,,,,,,,,,,,,,,,,,,,,,,,,,,,,,,,,,,,,politician,,,,,,,,,,,,,,,
Q1809481,Veerle Heeren,Veerle Heeren,Veerle Heeren,Veerle Heeren,Veerle Heeren,Veerle Heeren,Veerle Heeren,Veerle Heeren,female,1965-03-27,Veerle,,,Veerle Heeren,Veerle Heeren,Veerle Heeren,Veerle Heeren,Veerle Heeren,,,,,,,,,https://upload.wikimedia.org/wikipedia/commons/f/f6/Veerle_Heeren_2.jpg,,,,,,,,,,,,,,,,,,,,,,,,,,,,,,,,,,,,,,,,,,,,,,,,,,,,,,,,,,,,,,,,,,,,,,,,,,,,,,,,,,,,,,,,,,,,,,,,,,,,,,,,,,,,,,,,,,,,,,,,,,,,,,,,,,,,,,,,,,,,,,,,,,,,,,,,,,,,,,,,,,,,,,,,,,,,,,,,,,,politician,,,1824,,,,,,,,,,,,
Q1817068,Jan Penris,Jan Penris,Jan Penris,Jan Penris,Jan Penris,Jan Penris,Jan Penris,Jan Penris,male,1964-01-12,Jan,Jan Penris,,Jan Penris,,,,,Jan Penris,,,,,,,,,,,,,,,,,,,,,,,,,,,,,,,,,,,,,,,,,,,,,,,,,,,,,,,,,,,,,,,,,,,,,,,,,,,,,,,,,,,,,,,,,,,,,,,,,,,,,,,,,,,,,,,,,,,,,,,,,,,,,,,,,,,,,,,,,,,,,,,,,,,,,,,,,,,,,,,,,,,,,,,,,,,,,,,,,,,,,,,,,,,politician,,,1861,,,,,,,,,,,,
Q1819614,Hendrik Bogaert,Hendrik Bogaert,Hendrik Bogaert,Hendrik Bogaert,Hendrik Bogaert,Hendrik Bogaert,Hendrik Bogaert,Hendrik Bogaert,male,1968-08-30,Hendrik,,Hendrik Bogaert,Hendrik Bogaert,Hendrik Bogaert,Hendrik Bogaert,Hendrik Bogaert,Hendrik Bogaert,Hendrik Bogaert,,,Hendrik Bogaert,Hendrik Bogaert,,,Hendrik Bogaert,,,,,,,,/m/02z1_3d,,,,,,,,,,,,,,,,,,,,,,,,,,,,,,,,,,,,,,,,,,,,,,,,,,,,,,,,,,,,,,,,,,,,,,Bogaert,,,,,,,,,,,,,,,,,,,,,,,,,,,,,,,,,,,,,,,Hendrik Bogaert,,,,,,,,,,,Hendrik Bogaert,,,,,,,,,,,,,,,,,,,,,,,,,,,,,,,,,,,,,,,,,,,,,,,,,,,,politician,,,,,,,,,,,,,,,
Q1820692,Meyrem Almaci,Meyrem Almaci,Meyrem Almaci,Meyrem Almaci,Meyrem Almaci,Meyrem Almaci,Meyrem Almaci,Meyrem Almaci,female,1976-02-25,,Meyrem Almaci,,Meyrem Almaci,,,,,Meyrem Almaci,,Category:Meyrem Almaci,Meyrem Almaci,Meyrem Almaci,,,,https://upload.wikimedia.org/wikipedia/commons/2/2d/Meyrem-almaci-1349265092.jpg,,308228425,,,,,/m/0cc9syz,http://www.meyremalmaci.be/,,,,,,,,,,,,Мейрем Алмаджи,Мейрем Алмаджи,,,,,,,,,,,,,,,,,,,,,,,,,,,,,,,,,,,,,,,,,,,,,,,,,,,,,,,,,,,,,,,,,,,,,,,,,,,,,,,,,,,,,,,,,,,,,,,,,,,,,,,,,,,,meyremalmaci,,,,,,,,,,,,,,,,,,,,,,,,,,,,,,,,,,,,,,,,,,,,,,,,,,politician,,,,,,,,,,,,,,,
Q18285934,Renate Hufkens,Renate Hufkens,Renate Hufkens,Renate Hufkens,Renate Hufkens,Renate Hufkens,,Renate Hufkens,female,1984-05-26,Renate,,,Renate Hufkens,,,,,,,,,,,,,,,,,,,,,,,,,,,,,,,,,,,,,,,,,,,,,,,,,,,,,,,,,,,,,,,,,,,,,,,,,,,,,,,,,,,,,,,,,,,,,,,,,,,,,,,,,,,,,,,,,,,,,,,,,,,,,,,,,,,,,,,,,,,,,,,,,,,,,,,,,,,,,,,,,,,,,,,,,,,,,,,,,,,,,,,,,,,,,,,,politician,,,,,,,,,,,,,,,
Q18285969,Dirk Janssens,Dirk Janssens,Dirk Janssens,Dirk Janssens,Dirk Janssens,Dirk Janssens,,Dirk Janssens,male,1963-03-28,Dirk,,,Dirk Janssens,,,,,,,,,,,,,,,,,,,,,,,,,,,,,,,,,,,,,,,,,,,,,,,,,,,,,,,,,,,,,,,,,,,,,,,,,,,,,,,,,,,,,,,,,,Janssens,,,,,,,,,,,,,,,,,,,,,,,,,,,,,,,,,,,,,,,,,,,,,,,,,,,,,,,,,,,,,,,,,,,,,,,,,,,,,,,,,,,,,,,,,,,,,,,,,,,,,,politician,,,,,,,,,,,,,,,
Q18286545,Wouter Raskin,Wouter Raskin,Wouter Raskin,Wouter Raskin,Wouter Raskin,Wouter Raskin,,Wouter Raskin,male,1972-01-04,Wouter,,,Wouter Raskin,,,,,,,,,,,,,,,,,,,,,,,,,,,,,,,,,,,,,,,,,,,,,,,,,,,,,,,,,,,,,,,,,,,,,,,,,,,,,,,,,,,,,,,,,,,,,,,,,,,,,,,,,,,,,,,,,,,,,,,,,,,,,,,,,,,,,,,,,,,,,,,,,,,,,,,,,,,,,,,,,,,,,,,,,,,,,,,,,,,,,,,,,,,,,,,,politician,,,,,,,,,,,,,,,
Q18365721,Aldo Carcaci,Aldo Carcaci,Aldo Carcaci,Aldo Carcaci,Aldo Carcaci,Aldo Carcaci,Aldo Carcaci,Aldo Carcaci,male,1949-10-30,Aldo,,,Aldo Carcaci,,,,,,,,,,,,,,,,,,,,,,,,,,,,,,,,,,,,,,,,,,,,,,,,,,,,,,,,,,,,,,,,,,,,,,,,,,,,,,,,,,,,,,,,,,,,,,,,,,,,,,,,,,,,,,,,,,,,,,,,,,,,,,,,,,,,,,,,,,,,,,,,,,,,,,,,,,,,,,,,,,,,,,,,,,,,,,,,,,,,,,,,,,,,,,,,politician,,,,,,,,,,,,,,,
Q18433715,Johan Klaps,Johan Klaps,Johan Klaps,Johan Klaps,Johan Klaps,Johan Klaps,,Johan Klaps,male,1970-08-19,Johan,Johan Klaps,,Johan Klaps,,,,,,,,,,,,,,,,,,,,,,,,,,,,,,,,,,,,,,,,,,,,,,,,,,,,,,,,,,,,,,,,,,,,,,,,,,,,,,,,,,,,,,,,,,,,,,,,,,,,,,,,,,,,,,,,,,,,,,,,,,,,,,,,,,,,,,,,,,,,,,,,,,,,,,,,,,,,,,,,,,,,,,,,,,,,,,,,,,,,,,,,,,,,,,,,politician,,,,,,,,,,,,,,,
Q18433796,Katja Gabriëls,Katja Gabriëls,Katja Gabriëls,Katja Gabriëls,Katja Gabriëls,Katja Gabriëls,,Katja Gabriëls,female,1975-02-13,Katja,Katja Gabriëls,,Katja Gabriëls,,,,,,,,,,,,,,,,,,,,,,,,,,,,,,,,,,,,,,,,,,,,,,,,,,,,,,,,,,,,,,,,,,,,,,,,,,,,,,,,,,,,,,,,,,,,,,,,,,,,,,,,,,,,,,,,,,,,,,,,,,,,,,,,,,,,,,,,,,,,,,,,,,,,,,,,,,,,,,,,,,,,,,,,,,,,,,,,,,,,,,,,,,,,,,,,politician,,,,,,,,,,,,,,,
Q18434995,Sophie Wilmes,Sophie Wilmes,Sophie Wilmès,Sophie Wilmès,Sophie Wilmes,Sophie Wilmes,Sophie Wilmès,Sophie Wilmès,female,1975-01-15,Sophie,,Sophie Wilmès,Sophie Wilmès,,,,,,,,Sophie Wilmès,Sophie Wilmès,,,Sophie Wilmès,https://upload.wikimedia.org/wikipedia/commons/e/e1/Sophie_Wilmès.jpg,,,,,,,,,,,,,,,,,,,,,,,,,,,,,,,,,,,,,,,,,,,,,,,,,,,,,,,,,,,,,,,,,,,,,,,,,,,,,,,,,,,,,,,,,,,,,,,,,,,,,,,,,,,,,,,,,,,,,,,,,,,,,,,,,,,,,,,,,,,,,,,,,,,,,,,,,,,,,,,,,,,,,,,,,,,,,,,,,,,politician,,,,,,,,,,,,,,,
Q1865725,Jan Jambon,Jan Jambon,Jan Jambon,Jan Jambon,Jan Jambon,Jan Jambon,Jan Jambon,Jan Jambon,male,1960-04-26,Jan,Jan Jambon,Jan Jambon,Jan Jambon,Jan Jambon,Jan Jambon,Jan Jambon,Jan Jambon,Jan Jambon,Jan Jambon,Category:Jan Jambon,Jan Jambon,Jan Jambon,Jan Jambon,,Jan Jambon,https://upload.wikimedia.org/wikipedia/commons/1/12/Jan_Jambon.jpg,0000 0000 3165 6775,58327911,,n95063496,,,/m/0cm9psj,http://www.n-va.be/cv/jan-jambon,108592219,,,,,楊·莊鵬,杨·庄鹏,,,,,,,,,,,,,,,,,,,,,,얀 얌본,,,,ヤン・ヤンボン,,,,,,,,,,,,,,,,,,,,,,,,Jan Jambon,,얀 얌본,,,,,,,,,,,,,,,,,,,,,,,,,,,,,,,,,,,,,,,,,,,,,,,,,,,,,,,,,,,,,,janjambon,,,,,,,,,,,,,,,,,,,,,,,,,,,,,,,,,,,,,,,,,,,,,,,6327,,,politician,,,,,,,,,,,,,,,
Q1866883,Sarah Smeyers,Sarah Smeyers,Sarah Smeyers,Sarah Smeyers,Sarah Smeyers,Sarah Smeyers,Sarah Smeyers,Sarah Smeyers,female,1980-10-08,Sarah,Sarah Smeyers,,Sarah Smeyers,Sarah Smeyers,Sarah Smeyers,Sarah Smeyers,Sarah Smeyers,Sarah Smeyers,,,,Sarah Smeyers,,,,,,,,,,,,,,,,,,,,,,,,,,,,,,,,,,,,,,,,,,,,,,,,,,,,,,,,,,,,,,,,,,,,,,,,,,,,,,,,,,,,,,,,,,,,,,,,,,,,,,,,,,,,,,,,,,,,,,,,,,,,,,,,,,,,,,,,,,,,,,,,,,,,,,,,,,,,,,,,,,,,,,,,,,,,,,,,,,,,,,,politician,,,,,,,,,,,,,,,
Q1960865,Kristien Van Vaerenbergh,Kristien Van Vaerenbergh,Kristien Van Vaerenbergh,Kristien Van Vaerenbergh,Kristien Van Vaerenbergh,Kristien Van Vaerenbergh,Kristien Van Vaerenbergh,Kristien Van Vaerenbergh,female,1978-04-22,,,,Kristien Van Vaerenbergh,,,,,,,,,Kristien Van Vaerenbergh,,,,https://upload.wikimedia.org/wikipedia/commons/5/56/Kristien_van_vaerenbergh_250x443.jpg,,,,,,,,,,,,,,,,,,,,,,,,,,,,,,,,,,,,,,,,,,,,,,,,,,,,,,,,,,,,,,,,,,,,,,,,,,,,,,,,,,,,,,,,,,,,,,,,,,,,,,,,,,,,,,,,,,,,,,,,,,,,,,,,,,,,,,,,,,,,,,,,,,,,,,,,,,,,,,,,,,,,,,,,,,,,,,,,6644,,,politician,,,,,,,,,,,,,,,
Q1974298,Jef Van den Bergh,Jef Van den Bergh,Jef Van den Bergh,Jef Van den Bergh,Jef Van den Bergh,Jef Van den Bergh,Jef Van den Bergh,Jef Van den Bergh,male,1973-02-05,Jef,Jef Van den Bergh,,Jef Van den Bergh,,,,,,,,,,,,,https://upload.wikimedia.org/wikipedia/commons/1/19/Jef_Van_den_Bergh.jpg,,,,,,,,,,,,,,,,,,,,,,,,,,,,,,,,,,,,,,,,,,,,,,,,,,,,,,,,,,,,,,,,,,,,,,,,,,,,,,,,,,,,,,,,,,,,,,,,,,,,,,,,,,,,,,,,,,,,,,,,,,,,,,,,,,,,,,,,,,,,,,,,,,,,,,,,,,,,,,,,,,,,,,,,,,,,,,,,,,,politician,,,,,,,,,,,,,,,
Q2025218,Stefaan Van Hecke,Stefaan Van Hecke,Stefaan Van Hecke,Stefaan Van Hecke,Stefaan Van Hecke,Stefaan Van Hecke,Stefaan Van Hecke,Stefaan Van Hecke,male,1973-01-04,Stefaan,Stefaan Van Hecke,,Stefaan Van Hecke,Stefaan Van Hecke,Stefaan Van Hecke,Stefaan Van Hecke,Stefaan Van Hecke,Stefaan Van Hecke,,,,Stefaan Van Hecke,,,,https://upload.wikimedia.org/wikipedia/commons/8/87/Stefaan_Van_Hecke_(2).jpg,,,,,,,,http://stefaanvanhecke.be,,,,,,,,,,,,,,,,,,,,,,,,,,,,,,,,,,,,,,,,,,,,,,,,,,,,,,,,,,,,,,,,,,,,,Van Hecke,,,,,,,,,,,,,,,,,,,,,,,,,,,,,,,,,,,,,,,,,,,,,,,,,,,,SVHecke,,,,,,,,,,,,,,,,,,,,,,,,,,,,,,,,,,,,,,,,,,,,,,,,,,politician,,,,,,,,,,,,,,,
Q2032311,Servais Verherstraeten,Servais Verherstraeten,Servais Verherstraeten,Servais Verherstraeten,Servais Verherstraeten,Servais Verherstraeten,Servais Verherstraeten,Servais Verherstraeten,male,1960-01-29,,Servais Verherstraeten,Servais Verherstraeten,Servais Verherstraeten,Servais Verherstraeten,Servais Verherstraeten,Servais Verherstraeten,Servais Verherstraeten,,,,Servais Verherstraeten,,,,Servais Verherstraeten,https://upload.wikimedia.org/wikipedia/commons/3/3f/Servais-verherstraeten-1381144012.jpg,,,,,,,,,,,,,,,,,,,,,,,,,,,,,,,,,,,,,,,,,,,,,,,,,,,,,,,,,,,,,,,,,,,,,,,,,,,,,,,,,,,,,,,,,,,,,,,,,,,,,,,,,,,,,,,,,,,,,,,,,,,,,,,,,,,,,,,,,,,,,,,,,,,,,,,,,,,,,,,,,,,,,,,,,,,,,,,,,,,politician,,,,,,,,,,,,,,,
Q2064794,Siegfried Bracke,Siegfried Bracke,Siegfried Bracke,Siegfried Bracke,Siegfried Bracke,Siegfried Bracke,Siegfried Bracke,Siegfried Bracke,male,1953-02-21,Siegfried,Siegfried Bracke,Siegfried Bracke,Siegfried Bracke,,,,,Siegfried Bracke,,Category:Siegfried Bracke,,Siegfried Bracke,,,Siegfried Bracke,https://upload.wikimedia.org/wikipedia/commons/8/8b/Siegfried_bracke_2014.jpg,0000 0003 9009 3433,283666270,,,,,/m/0cm9t4p,http://www.siegfriedbracke.be/,170108961,Siegfried Bracke,Siegfried Bracke,,,,,,,,,,,,,,,,,,,,,,,,,,,,,,,,,,,,,,,,,,,,,,,,,,,,,,,,,,,,,,,,,,,,,,,,,,,,,,,,,,,,,,,,,,,,,,,,,,,,,,,,,,,,,,,,,,,,,,sthbracke,,,,,,,,,,,,,,,,,,,,,,,,,,,,,,,siegfried.bracke.7,,,,,,,,,,,,,,,,,,,journalist,,,,,,,,,,,,,,,
Q2072384,Theo Francken,Theo Francken,Theo Francken,Theo Francken,Theo Francken,Theo Francken,Theo Francken,Theo Francken,male,1978-02-07,Theo,,,Theo Francken,,,,,,,Category:Theo Francken,Theo Francken,Theo Francken,,,,https://upload.wikimedia.org/wikipedia/commons/f/f0/Theo_Francken_July_2016_(28093700016).jpg,,,,,,,,,,,,,,,,,,,,,,,,,,,,,,,,,,,,,,,,,テオ・フランケン,,,,,,,,,,,,,,,,,,,,,,,,,,,,,,,,,,,,,,,,,,,,,,,,,,,,,,,,,,,,,,,,,,,,,,,,,,,,,,,,,,,,,,,,,,,,,,,,,,,,,,,,,,,,,,,,,,,,,,,,,,,,,,,,,,,,,,,,,,politician,,,,,,,,,,,,,,,
Q2081580,Sabien Lahaye-Battheu,Sabien Lahaye-Battheu,Sabien Lahaye-Battheu,Sabien Lahaye-Battheu,Sabien Lahaye-Battheu,Sabien Lahaye-Battheu,Sabien Lahaye-Battheu,Sabien Lahaye-Battheu,female,1967-08-05,,,,Sabien Lahaye-Battheu,Sabien Lahaye-Battheu,Sabien Lahaye-Battheu,Sabien Lahaye-Battheu,Sabien Lahaye-Battheu,,,,,,,,,,,,,,,,,,,,,,,,,,,,,,,,,,,,,,,,,,,,,,,,,,,,,,,,,,,,,,,,,,,,,,,,,,,,,,,,,,,,,,,,,,,,,,,,,,,,,,,,,,,,,,,,,,,,,,,,,,,,,,,,,,,,,,,,,,,,,,,,,,,,,,,,,,,,,,,,,,,,,,,,,,,,,,,,,,,,,,,,,,,,politician,,,,,,,,,,,,,,,
Q2085408,Veli Yüksel,Veli Yüksel,Veli Yüksel,Veli Yüksel,Veli Yüksel,Veli Yüksel,Veli Yüksel,Veli Yüksel,male,1971-03-30,,Veli Yüksel,,Veli Yüksel,,,,,Veli Yüksel,,,,,,,,https://upload.wikimedia.org/wikipedia/commons/a/a8/Veli_Yüksel.jpg,,4339564,,,,,,,,,,,,,,,,,,,,,,,,,,,,,,,,,,,,,,,,,,,,,,,,,,,,,,,,,,,,,,,,,,,,,,,,,,,,,,,,,,,,,,,,,,,,,,,,,,,,,,,,,,,,,,,,,,,,,,,,,,,,,,,,,,,,,,,,,,,,,,,,,,,,,,,,,,,,,,,,,,,,,,,,,,,,,,,,,journalist,,,3429,,,,,,,,,,,,
Q20871279,Gilles Vanden Burre,Gilles Vanden Burre,Gilles Vanden Burre,Gilles Vanden Burre,Gilles Vanden Burre,Gilles Vanden Burre,,Gilles Vanden Burre,male,1978-01-11,Gilles,,Gilles Vanden Burre,Gilles Vanden Burre,Gilles Vanden Burre,Gilles Vanden Burre,Gilles Vanden Burre,Gilles Vanden Burre,Gilles Vanden Burre,Gilles Vanden Burre,,,,,,,,,,,,,,,http://gillesvandenburre.be,,Gilles Vanden Burre,,,,,,,Gilles Vanden Burre,,Gilles Vanden Burre,,,,,,,Gilles Vanden Burre,Gilles Vanden Burre,Gilles Vanden Burre,Gilles Vanden Burre,Gilles Vanden Burre,Gilles Vanden Burre,,,,,Gilles Vanden Burre,,,Gilles Vanden Burre,Gilles Vanden Burre,,,,Gilles Vanden Burre,Gilles Vanden Burre,Gilles Vanden Burre,Gilles Vanden Burre,Gilles Vanden Burre,,Gilles Vanden Burre,,,,,,,,,,,,,,,,,,,,,,,,,,,,Gilles Vanden Burre,Gilles Vanden Burre,Gilles Vanden Burre,Gilles Vanden Burre,Gilles Vanden Burre,Gilles Vanden Burre,Gilles Vanden Burre,Gilles Vanden Burre,Gilles Vanden Burre,Gilles Vanden Burre,Gilles Vanden Burre,Gilles Vanden Burre,Gilles Vanden Burre,Gilles Vanden Burre,Gilles Vanden Burre,Gilles Vanden Burre,Gilles Vanden Burre,Gilles Vanden Burre,Gilles Vanden Burre,Gilles Vanden Burre,Gilles Vanden Burre,Gilles Vanden Burre,Gilles Vanden Burre,Gilles Vanden Burre,Gilles Vanden Burre,Gilles Vanden Burre,Gilles Vanden Burre,Gilles Vanden Burre,Gilles Vanden Burre,Gilles Vanden Burre,Gilles Vanden Burre,Gilles Vanden Burre,Gilles Vanden Burre,Gilles Vanden Burre,Gilles Vanden Burre,Gilles Vanden Burre,Gilles Vanden Burre,Gilles Vanden Burre,Gilles Vanden Burre,Gilles Vanden Burre,Gilles Vanden Burre,Gilles Vanden Burre,Gilles Vanden Burre,,,,,,,,,gilles_vdb,,,,,,,,,,,,,,,,,,,,,,,,,,,,,,,,,,,,,,,,,,,,,,,,,,politician,,,,,,,,,,,,,,,
Q2107147,Jean-Marc Delizée,Jean-Marc Delizée,Jean-Marc Delizée,Jean-Marc Delizée,Jean-Marc Delizée,Jean-Marc Delizée,Jean-Marc Delizée,Jean-Marc Delizée,male,1959-07-30,Jean-Marc,,,Jean-Marc Delizée,,,,,,,,Jean-Marc Delizée,,,,,,,,,,,,,,,,,,,,,,,,,,,,,,,,,,,,,,,,,,,,,,,,,,,,,,,,,,,,,,,,,,,,,,,,,,,,,,,,,,,,,,,,,,,,,,,,,,,,,,,,,,,,,,,,,,,,,,,,,,,,,,,,,,,,,,,,,,,,,,,,,,,,,,,,,,,,,,,,,,,,,,,,,,,,,,,,,,,,,,,,politician,,,,,,,,,,,,,,,
Q2112675,Benoît Friart,Benoît Friart,Benoît Friart,Benoît Friart,Benoît Friart,Benoît Friart,Benoît Friart,Benoît Friart,male,1951,Benoît,,,Benoît Friart,Benoît Friart,Benoît Friart,Benoît Friart,Benoît Friart,,,,,,,,,,,,,,,,,,,,,,,,,,,,,,,,,,,,,,,,,,,,,,,,,,,,,,,,,,,,,,,,,,,,,,,,,,,,,,,,,,,,,,,,,,,,,,,,,,,,,,,,,,,,,,,,,,,,,,,,,,,,,,,,,,,,,,,,,,,,,,,,,,,,,,,,,,,,,,,,,,,,,,,,,,,,,,,,,,,,,,,,,,,,politician,,,,,,,,,,,,,,,
Q21141795,Gautier Calomne,Gautier Calomne,Gautier Calomne,Gautier Calomne,Gautier Calomne,Gautier Calomne,Gautier Calomne,Gautier Calomne,male,1980-08-18,Gautier,,,Gautier Calomne,,,,,,,,,,,,,,,,,,,,,,,,,,,,,,,,,,,,,,,,,,,,,,,,,,,,,,,,,,,,,,,,,,,,,,,,,,,,,,,,,,,,,,,,,,,,,,,,,,,,,,,,,,,,,,,,,,,,,,,,,,,,,,,,,,,,,,,,,,,,,,,,,,,,,,,,,,,,,,,,,,,,,,,,,,,,,,,,,,,,,,,,,,,,,,,,politician,,,,,,,,,,,,,,,
Q212717,Melchior Wathelet,Melchior Wathelet,Melchior Wathelet,"Melchior Wathelet, Jr.",Melchior Wathelet,Melchior Wathelet,Melchior Wathelet (fils),Melchior Wathelet (1977),male,1977-09-30,Melchior,,Melchior Wathelet,"Melchior Wathelet, Jr.",Melchior Wathelet,Melchior Wathelet,Melchior Wathelet,Melchior Wathelet,"Melchior Wathelet, Jr.",,,Melchior Wathelet (Junior),"Melchior Wathelet, Jr.",,,Melchior Wathelet (ur. 1977),https://upload.wikimedia.org/wikipedia/commons/a/a7/Melchior_Wathelet_junior.png,,,,,,,/m/0gjbjng,http://www.melchiorwathelet.be/,,Melchior Wathelet,,,,梅爾希奧·瓦泰萊,梅尔希奥·瓦泰莱,,,,,,,,,,,,,,,,,,,,,,,,,,,,Melchior Wathelet,,,,,,Melchior Wathelet,,,,,,,,,,,,,,,,,,,,,,,,,,,,,,,,,,,,,,,,Melchior Wathelet,,,,,,,,,,,,,,,,,,,,,,,,,,,,,,,,,,,,,,,,,,,,,,,,,,,,,,,,,,,,,,,,,,,,,,,,,,,,,,,,,,,,,,,,,,politician,,,,,,,,,,,,,,,
Q2135858,Veerle Wouters,Veerle Wouters,Veerle Wouters,Veerle Wouters,Veerle Wouters,Veerle Wouters,Veerle Wouters,Veerle Wouters,female,1974-06-02,Veerle,,,Veerle Wouters,,,,,,,,,Veerle Wouters,,,,,,,,,,,/m/0cmd2b8,,,,,,,,,,,,,,,,,,,,,,,,,,,,,,,,,,,,,,,,,,,,,,,,,,,,,,,,,,,,,,,,,,,,,,Wouters,,,,,,,,,,,,,,,,,,,,,,,,,,,,,,,,,,,,,,,,,,,,,,,,,,,,,,,,,,,,,,,,,,,,,,,,,,,,,,,,,,,,,,,,,,,,,,,,,,,,,,politician,,,,,,,,,,,,,,,
Q2202667,Koenraad Degroote,Koenraad Degroote,Koenraad Degroote,Koenraad Degroote,Koenraad Degroote,Koenraad Degroote,Koenraad Degroote,Koenraad Degroote,male,1959-09-30,Koenraad,,,Koenraad Degroote,,,,,,,,,Koenraad Degroote,,,,,,,,,,,,,,,,,,,,,,,,,,,,,,,,,,,,,,,,,,,,,,,,,,,,,,,,,,,,,,,,,,,,,,,,,,,,,,,,,,,,,,,,,,,,,,,,,,,,,,,,,,,,,,,,,,,,,,,,,,,,,,,,,,,,,,,,,,,,,,,,,,,,,,,,,,,,,,,,,,,,,,,,,,,,,,,,,degr009,,,,,,politician,,,,,,,,,,,,,,,
Q2238704,Zuhal Demir,Zuhal Demir,Zuhal Demir,Zuhal Demir,Zuhal Demir,Zuhal Demir,Zuhal Demir,Zuhal Demir,female,1980-03-02,Zuhal,Zuhal Demir,,Zuhal Demir,,,,,Zuhal Demir,,Category:Zuhal Demir,Zuhal Demir,Zuhal Demir,,,,https://upload.wikimedia.org/wikipedia/commons/f/f0/ZUHAL_DEMIR_675.jpg,,,,,,,/m/0cm87t4,,,,,,,,,Zuhal Demir,Zuhal Demir,زوحەل دەمیر,Zuhal Demir,Зухал Демир,Зухал Демир,زوحەل دەمیر,Zuhal Demir,Zuhal Demir,Zuhal Demir,,,,,,,,,,,,,,,,,,,,,,,,زحل دمیر,,,,,,,,,زحل دمیر,,,,,,,,,,,,,,,,,,,,,,,,,,,,,,,,,,,,,,,,,,,,,,,,,,,,,,,,,,,,,,,,,,,,,,,,,,,,,,,,,,,,,,,,,,,,,,,,,,,,,,,,,,,,,,,,,,,,,,,,,politician,,,,,,,,,,,,,,,
Q2252488,Griet Smaers,Griet Smaers,Griet Smaers,Griet Smaers,Griet Smaers,Griet Smaers,Griet Smaers,Griet Smaers,female,1977-06-10,,Griet Smaers,,Griet Smaers,Griet Smaers,Griet Smaers,Griet Smaers,Griet Smaers,,,,,,,,,,,,,,,,,,,,,,,,,,,,,,,,,,,,,,,,,,,,,,,,,,,,,,,,,,,,,,,,,,,,,,,,,,,,,,,,,,,,,,,,,,,,,,,,,,,,,,,,,,,,,,,,,,,,,,,,,,,,,,,,,,,,,,,,,,,,,,,,,,,,,,,,,,,,,,,,,,,,,,,,,,,,,,,,,,,,,,,,,,,,politician,,,3432,,,,,,,,,,,,
Q2256410,Nele Lijnen,Nele Lijnen,Nele Lijnen,Nele Lijnen,Nele Lijnen,Nele Lijnen,Nele Lijnen,Nele Lijnen,female,1978,Nele,,,Nele Lijnen,,,,,Nele Lijnen,,,,Nele Lijnen,,,,,,,,,,,,,,,,,,,,,,,,,,,,,,,,,,,,,,,,,,,,,,,,,,,,,,,,,,,,,,,,,,,,,,,,,,,,,,,,,,,,,,,,,,,,,,,,,,,,,,,,,,,,,,,,,,,,,,,,,,,,,,,,,,,,,,,,,,,,,,,,,,,,,,,,,,,,,,,,,,,,,,,,,,,,,,,,,,,,,,,politician,,4437,,,,,,,,,,,,,
Q2294276,Steven Vandeput,Steven Vandeput,Steven Vandeput,Steven Vandeput,Steven Vandeput,Steven Vandeput,Steven Vandeput,Steven Vandeput,male,1967-03-30,Steven,,Steven Vandeput,Steven Vandeput,,,,,,,Category:Steven Vandeput,Steven Vandeput,Steven Vandeput,,,Steven Vandeput,https://upload.wikimedia.org/wikipedia/commons/1/17/Steven_Vandeput.jpg,,,,,,,,,,,,,,,,,,,,,,,,,,,,,,,,,,,,,,,,,ステーフェン・ファンデプット,,,,,,,,,,,,,,,,,,,,,,,,,,,,,,,,,,,,,,,,,,,,,,,,,,,,,,,,,,,,,,,,,,,,,,,,,,,,,,,,,,,,,,,,,,,,,,,,,,,,,,,,,,,,,,,,,,,,,,,,,,,,,,,,,,,,,,,,,,politician,,,,,,,,,,,,,,,
Q2305667,Christoph D'Haese,Christoph D'Haese,Christoph D'Haese,Christoph D'Haese,Christoph D'Haese,Christoph D'Haese,,Christoph D'Haese,male,1967-02-25,Christoph,Christoph D'Haese,,Christoph D'Haese,,,,,Christoph D'Haese,,,,,,,,,,,,,,,,,,,,,,,,,,,,,,,,,,Christoph D'Haese,,,,,,,,,,,,,Christoph D'Haese,,,,,,,,,,,,,,,,,,,,,,,,,,,,,,,,,,,,,,,,,,,,,,,,,,,,,,,,,,,,,,,,,,,,,,,,,,,,,,,,,,,,,,,,,,,,,,,,,,,,,,,,,,,,,,,,,,,,,,,,,,,,,,,,,,,,,,,,,,,,politician,,,,,,,,,,,,,Крыстоф Д’Гэзэ,,
Q2344602,Maya Detiège,Maya Detiège,Maya Detiège,Maya Detiège,Maya Detiège,Maya Detiège,Maya Detiège,Maya Detiège,female,1967-08-30,Maya,Maya Detiège,,Maya Detiège,Maya Detiège,Maya Detiège,Maya Detiège,Maya Detiège,,,,,Maya Detiège,,,,,,,,,,,,,,,,,,,,,,,,,,,,,,,,,,,,,,,,,,,,,,,,,,,,,,,,,,,,,,,,,,,,,,,,,,,,,,,,,,,,,,,,,,,,,,,,,,,,,,,,,,,,,,,,,,,,,,,,,,,,,,,,,,,,,,PS_35822,,,,,,,,,,,,,,,,,,,,,,,,,,,,,,,,,,,,,,,,,,,,,,,,,politician,,,,,,,,,,,,,,,
Q2355048,Willy Demeyer,Willy Demeyer,Willy Demeyer,Willy Demeyer,Willy Demeyer,Willy Demeyer,Willy Demeyer,Willy Demeyer,male,1959-03-17,Willy,,,Willy Demeyer,Willy Demeyer,Willy Demeyer,Willy Demeyer,Willy Demeyer,Willy Demeyer,,Category:Willy Demeyer,,,,,,https://upload.wikimedia.org/wikipedia/commons/e/ea/Tchemiguel_Liège_Willy_Demeyer.jpg,,,,,,,,,,,,,,,,,,,,,,,,,,Willy Demeyer,,,,,,Вилли Демейер,,,威利·德迈尔,,,,,,,,,,,,,,,,,,,,,,,,,,,,,,,,,,,,,,,,,,,,,,,,,,,,,,,,,,,,,,,,,,,,,,,,,,,,,,,,,,,,,,,,,,,,,,,,,,,,,,,,,,,,,,,,,,,,,,,,,,,,,,,,,,,,,,,,,,,,,,,,politician,,4568,,,,,,,,,,,,,
Q2359077,Karolien Grosemans,Karolien Grosemans,Karolien Grosemans,Karolien Grosemans,Karolien Grosemans,Karolien Grosemans,Karolien Grosemans,Karolien Grosemans,female,1970-03-09,,,,Karolien Grosemans,,,,,Karolien Grosemans,,,,Karolien Grosemans,,,,https://upload.wikimedia.org/wikipedia/commons/7/78/Karolien_Grosemans.jpg,,,,,,,/m/0cmd7gl,,,,,,,,,,,,,,,,,,,,,,,,,,,,,,,,,,,,,,,,,,,,,,,,,,,,,,,,,,,,,,,,,,,,,,,,,,,,,,,,,,,,,,,,,,,,,,,,,,,,,,,,,,,,,,,,,,,,,,,,,,,,,,,,,,,,,,,,,,,,,,,,,,,,,,,,,,,,,,,,,,,,,,,,,,,,politician,,,,,,,,,,,,,,,
Q2415346,Peter Vanvelthoven,Peter Vanvelthoven,Peter Vanvelthoven,Peter Vanvelthoven,Peter Vanvelthoven,Peter Vanvelthoven,Peter Vanvelthoven,Peter Vanvelthoven,male,1962-10-22,Peter,,Peter Vanvelthoven,Peter Vanvelthoven,Peter Vanvelthoven,Peter Vanvelthoven,Peter Vanvelthoven,Peter Vanvelthoven,Peter Vanvelthoven,,Category:Peter Vanvelthoven,,Peter Vanvelthoven,,,Peter Vanvelthoven,https://upload.wikimedia.org/wikipedia/commons/7/7e/Peterwiki.jpg,,,,,,,/m/026jb_k,http://www.petervanvelthoven.be/,,,,,,,,,,,,,,,,,,,,,,,,,,,,,,,,,,,,,,,,,,,,,,,,,,,,,,,,,,,,,,,,,,,,,,,,,,,,,,,,,,,,,,,,,,,,,,,,,,,,,,,,,,,,,,,,,,,,,,,,,,,,,,,,,,,,,,,,,,,,,,,,,,,,,,,,,,,,,,,,,,,,,,,,,,,politician,,,1923,,,,,,,,,,,,
Q2417142,Bert Wollants,Bert Wollants,Bert Wollants,Bert Wollants,Bert Wollants,Bert Wollants,Bert Wollants,Bert Wollants,male,1979-08-30,Bert,Bert Wollants,,Bert Wollants,Bert Wollants,Bert Wollants,Bert Wollants,Bert Wollants,Bert Wollants,,,,Bert Wollants,,,,,,,,,,,,http://www.n-va.be/cv/bert-wollants,,,,,,,,,,,,,,,,,,,,,,,,,,,,,,,,,,,,,,,,,,,,,,,,,,,,,,,,,,,,,,,,,,,,,,,,,,,,,,,,,,,,,,,,,,,,,,,,,,,,,,,,,,,,,,,,,,,,,,,,,,,,,,,,,,,,,,,,,,,,,,,,,,,,,,,,,,,,,,,,,,,,,,,,,,,politician,,,,,,,,,,,,,,,
Q2503975,Monica De Coninck,Monica De Coninck,Monica De Coninck,Monica De Coninck,Monica De Coninck,Monica De Coninck,Monica De Coninck,Monica De Coninck,female,1956-03-21,Monica,Monica De Coninck,Monica De Coninck,Monica De Coninck,Monica De Coninck,Monica De Coninck,Monica De Coninck,Monica De Coninck,Monica De Coninck,,,Monica De Coninck,Monica De Coninck,,,Monica De Coninck,,,,,,,,/m/0hzmd2l,,,,,,,,,,,,,,,,,,,,,,,,,,,,,,,,,,,,,,,,,,,,,,,,,,,,,,,,,,,,,,,,,,,,,,De Coninck,,,,,,,,,,,,,,,,,,,,,,,,,,,,,,,,,,,,,,,Monica De Coninck,,,,,,,,,,,Monica De Coninck,,,PS_1842,,,,,,,,,,,,,,,,,,,,,,,,,,,,,,,,,,,,,,,,,,,,,,,,,politician,,,,,,,,,,,,,,,
Q2562437,Wouter De Vriendt,Wouter De Vriendt,Wouter De Vriendt,Wouter De Vriendt,Wouter De Vriendt,Wouter De Vriendt,Wouter De Vriendt,Wouter De Vriendt,male,1977-06-22,Wouter,,,Wouter De Vriendt,,,,,Wouter De Vriendt,,,,Wouter De Vriendt,,,,https://upload.wikimedia.org/wikipedia/commons/c/c6/Wouter_7_klein.jpg,,,,,,,,http://www.wouterdevriendt.be,,,,,,,,,,,,,,,,,,,,,,,,,,,,,,,,,,,,,,,,,,,,,,,,,,,,,,,,,,,,,,,,,,,,,,,,,,,,,,,,,,,,,,,,,,,,,,,,,,,,,,,,,,,,Wouter De Vriendt,,,,,,,,,,,Wouter De Vriendt,,WouterDeVriendt,,,,,,,,,,,,,,,,,,,,,,,,,,,,,,,,,,,,,,,,,,,,,,,,,,politician,,,,,,,,,,,,,,,
Q2580685,Peter Dedecker,Peter Dedecker,Peter Dedecker,Peter Dedecker,Peter Dedecker,Peter Dedecker,Peter Dedecker,Peter Dedecker,male,1983-11-07,Peter,Peter Dedecker,,Peter Dedecker,,,,,,,,,Peter Dedecker,,,,https://upload.wikimedia.org/wikipedia/commons/9/92/Peter_Dedecker.jpg,,310508080,105229801X,,,,,,,,,,,,,,,,,,,,,,,,,,,,,,,,,,,,,,,,,,,,,,,,,,,,,,,,,,,,,,,,,,,,,,,,,,,,,,,,,,,,,,,,,,,,,,,,,,,,,,,,,,,,,,,,,,,,,,,,,,,,,,,,,,,,,,,,,,,,,,,,,,,,,,,,,,,,,,,,,,,,,,,,,,,,,,,,politician,,,,,,,,,,,,,,,
Q2586065,Stefaan Vercamer,Stefaan Vercamer,Stefaan Vercamer,Stefaan Vercamer,Stefaan Vercamer,Stefaan Vercamer,Stefaan Vercamer,Stefaan Vercamer,male,1961-06-09,Stefaan,Stefaan Vercamer,,Stefaan Vercamer,,,,,,,,,,,,,,,,,,,,,,,,,,,,,,,,,,,,,,,,,,,,,,,,,,,,,,,,,,,,,,,,,,,,,,,,,,,,,,,,,,,,,,,,,,,,,,,,,,,,,,,,,,,,,,,,,,,,,,,,,,,,,,,,,,,,,,,,,,,,,,,,,,,,,,,,,,,,,,,,,,,,,,,,,,,,,,,,,,,,,,,,,,,,,6638,,,politician,,,,,,,,,,,,,,,
Q2608481,Jacques Chabot,Jacques Chabot,Jacques Chabot,Jacques Chabot,Jacques Chabot,Jacques Chabot,Jacques Chabot,Jacques Chabot,male,1953-10-10,Jacques,,,Jacques Chabot,,,,,,,,,,,,,,,,,,,,,,,,,,,,,,,,,,,,,,,,,,,,,,,,,,,,,,,,,,,,,,,,,,,,,,,,,,,,,,,,,,,,,,,,,,,,,,,,,,,,,,,,,,,,,,,,,,,,,,,,,,,,,,,,,,,,,,,,,,,,,,,,,,,,,,,,,,,,,,,,,,,,,,,,,,,,,,,,,,,,,,,,,,,,,,,,politician,,,,,,,,,,,,,,,OL469485A
Q2633390,Kristof Calvo,Kristof Calvo,Kristof Calvo,Kristof Calvo,Kristof Calvo,Kristof Calvo,Kristof Calvo,Kristof Calvo,male,1987-01-30,Kristof,Kristof Calvo,,Kristof Calvo,,,,,Kristof Calvo,,Category:Kristof Calvo,,Kristof Calvo,,,,https://upload.wikimedia.org/wikipedia/commons/2/28/Kristof_Calvo_2014.jpg,,,,,,,/m/0s8wv5s,http://www.kristofcalvo.be/,,,,,,,,,,,,,,,,,,,,,,,,,,,,,,,,,,,,,,,,,,,,,,,,,,,,,,,,,,,,,,,,,,,,,,,,,,,,,,,,,,,,,,,,,,,,,,,,,,,,,,,,,,,,,,,,,,,,,,,,,kristofcalvo,,,,,,,,,,,,,,,,,,,,,,,,,,,,,,,kristofcalvo,,,,,,,,,,,,,,,,,,,politician,,,,,,,,,,,,,,,
Q2665838,Laurent Devin,Laurent Devin,Laurent Devin,Laurent Devin,Laurent Devin,Laurent Devin,Laurent Devin,Laurent Devin,male,1970-03-16,Laurent,Laurent Devin,,Laurent Devin,,,,,,,,,,,,,,,,,,,,,,,,,,,,,,,,,,,,,,,,,,,,,,,,,,,,,,,,,,,,,,,,,,,,,,,,,,,,,,,,,,,,,,,,,,,,,,,,,,,,,,,,,,,,,,,,,,,,,,,,,,,,,,,,,,,,,,,,,,,,,,,,,,,,,,,,,,,,,,,,,,,,,,,,,,,,,,,,,,,,,,,,,,,,,,,,politician,,,,,,,,,,,,,,,
Q2757281,Daphné Dumery,Daphné Dumery,Daphné Dumery,Daphné Dumery,Daphné Dumery,Daphné Dumery,Daphné Dumery,Daphné Dumery,female,1974-01-04,Daphné,,,Daphné Dumery,,,,,Daphné Dumery,,,,Daphné Dumery,,,,https://upload.wikimedia.org/wikipedia/commons/f/f6/Daphné_Dumery_2014.JPG,,,,,,,/m/0cm8xq5,,,,,,,,,,,,,,,,,,,,,,,,,,,,,,,,,,,,,,,,,,,,,,,,,,,,,,,,,,,,,,,,,,,,,,,,,,,,,,,,,,,,,,,,,,,,,,,,,,,,,,,,,,,,,Daphné Dumery,,,,,,,,,,,Daphné Dumery,,,,,,,,,,,,,,,,,,,,,,,,,,,,,,,,,,,,,,,,,,,,,,,,,,,,politician,,,,,,,,,,,,,,,
Q2757876,Meryame Kitir,Meryame Kitir,Meryame Kitir,Meryame Kitir,Meryame Kitir,Meryame Kitir,Meryame Kitir,Meryame Kitir,female,1980-04-20,,,,Meryame Kitir,,,,,,,,,Meryame Kitir,,,,,,,,,,,,,,,,,,,,,,,,,,,,,,,,,,,,,,,,,,,,,,,,,,,,,,,,,,,,,,,,,,,,,,,,,,,,,,,,,,,,,,,,,,,,,,,,,,,,,,,,,,,,,,,,,,,,,,,,,,,,,,,,,,,,,,,,,,,,,,,,,,,,,,,,,,,,,,,,,,,,,,,,,,,,,,,,,,,,,,,politician,,,,,,,,,,,,,,/g/120j8h23,
Q27826608,Vincent Van Peteghem,Vincent Van Peteghem,Vincent Van Peteghem,Vincent Van Peteghem,Vincent Van Peteghem,Vincent Van Peteghem,,Vincent Van Peteghem,male,1980-10-28,Vincent,Vincent Van Peteghem,,Vincent Van Peteghem,,,,,,,,,,,,,,,,,,,,,,,,,,,,,,,,,,,,,,,,,,,,,,,,,,,,,,,,,,,,,,,,,,,,,,,,,,,,,,,,,,,,,,,,,,,,,,,,,,,,,,,,,,,,,,,,,,,,,,,,,,,,,,,,,,,,,,,,,,,,,,,,,,,,,,,,,,,,,,,,,,,,,,,,,,,,,,,,,,,,,,,,,,,,,,,,university teacher,,,,,,,,,,,,,,,
Q2784190,Robert Van de Velde,Rob Van de Velde,Rob Van de Velde,Rob Van de Velde,Robert Van de Velde,Rob Van de Velde,Robert Van de Velde,Rob Van de Velde,male,1967-02-14,Rob,Rob Van de Velde,,Rob Van de Velde,,,,,,,,,,,,,,,,,,,,,,,,,,,,,,,,,,,,,,,,,,,,,,,,,,,,,,,,,,,,,,,,,,,,,,,,,,,,,,,,,,,,,,,,,,Van de Velde,,,,,,,,,,,,,,,,,,,,,,,,,,,,,,,,,,,,,,,,,,,,,,,,,,,,,,,,,,,,,,,,,,,,,,,,,,,,,,,,,,,,,,,,,,,,,,,,,,,,,,politician,,,,,,,,,,,,,,,
Q2788852,Damien Thiéry,Damien Thiéry,Damien Thiéry,Damien Thiéry,Damien Thiéry,Damien Thiéry,Damien Thiéry,Damien Thiéry,male,1963-05-21,Damien,,,Damien Thiéry,,,,,,,,,,,,,,,,,,,,,,,,,,,,,,,,,,,,,,,,,,,,,,,,,,,,,,,,,,,,,,,,,,,,,,,,,,,,,,,,,,,,,,,,,,,,,,,,,,,,,,,,,,,,,,,,,,,,,,,,,,,,,,,,,,,,,,,,,,,,,,,,,,,,,,,,,,,,,,,,,,,,,,,,,,,,,,,,,,,,,,,,,,,,,,,,politician,,,,,,,,,,,,,,,
Q2788977,Frank Wilrycx,Frank Wilrycx,Frank Wilrycx,Frank Wilrycx,Frank Wilrycx,Frank Wilrycx,Frank Wilrycx,Frank Wilrycx,male,1965-04-25,Frank,Frank Wilrycx,,Frank Wilrycx,Frank Wilrycx,Frank Wilrycx,Frank Wilrycx,Frank Wilrycx,,,,,,,,,https://upload.wikimedia.org/wikipedia/commons/e/e4/Frank_Wilrycx.jpg,,,,,,,,,,,,,,,,,,,,,,,,,,,,,,,,,,,,,,,,,,,,,,,,,,,,,,,,,,,,,,,,,,,,,,,,,,,,,,,,,,,,,,,,,,,,,,,,,,,,,,,,,,,,,,,,,,,,,,,,,,,,,,,,,,,,,,,,,,,,,,,,,,,,,,,,,,,,,,,,,,,,,,,,,,,,,,,,,,,politician,,,,,,,,,,,,,,,
Q2800268,Maggie De Block,Maggie De Block,Maggie De Block,Maggie De Block,Maggie De Block,Maggie De Block,Maggie De Block,Maggie De Block,female,1962-04-28,Maggie,,Maggie De Block,Maggie De Block,Maggie De Block,Maggie De Block,Maggie De Block,Maggie De Block,Maggie De Block,,Category:Maggie De Block,Maggie De Block,Maggie De Block,,,Maggie De Block,https://upload.wikimedia.org/wikipedia/commons/d/d7/Maggie_De_Block.JPG,,315591351,,n2015022662,,,/m/0s8wbkd,http://www.maggiedeblock.be/,,,,,,,,,,,,Маги Де Блок,Маги Де Блок,,,,,,,,,,,,,,,,,,,,マギー・デ・ブロック,,,,,,,,,,,,,,,,,,,,,,,,Maggie De Block,マギー・デ・ブロック,,,,,,,,,,,,,,,,,,,,,,,,,,,,,,,,,,,,,,,,,,,,,,,,,,,,,,,,,,,,,,,,,,,,,,,,,,,,,,,,,,,,,,,,,,,,,,,,,,,,,,,,,,,,,,,,,politician,,,,,,,,,,,,,,,
Q2835834,Catherine Fonck,Catherine Fonck,Catherine Fonck,Catherine Fonck,Catherine Fonck,Catherine Fonck,Catherine Fonck,Catherine Fonck,female,1968-09-22,Catherine,,,Catherine Fonck,Catherine Fonck,Catherine Fonck,Catherine Fonck,Catherine Fonck,,,Category:Catherine Fonck,Catherine Fonck,Catherine Fonck,,,,https://upload.wikimedia.org/wikipedia/commons/1/10/Catherineblog01.png,,,,,,,,,,,,,,,,,,,,,,,,,,,,,,,,,,,,,,,,,,,,,,,,,,,,,,,,,,,,,,,,,,,,,,,,,,,,,,,,,,,,,,,,,,,,,,,,,,,,,,,,,,,,,,,,,,,,,,,,,,,,,,,,,,,,,,,,,,,,,,,,,,,,,,,,,,,,,,,,,,,,,,,,,,,,,,,,,,,politician,,,,,,,,,,,,,,,
Q2847784,André Frédéric,André Frédéric,André Frédéric,André Frédéric,André Frédéric,André Frédéric,André Frédéric,André Frédéric,male,1958-07-04,André,,,André Frédéric,André Frédéric,André Frédéric,André Frédéric,André Frédéric,,,,,,,,,,,,,,,,,,,,,,,,,,,,,,,,,,,,,,,,,,,,,,,,,,,,,,,,,,,,,,,,,,,,,,,,,,,,,,,,,,,,,,,,,,,,,,,,,,,,,,,,,,,,,,,,,,,,,,,,,,,,,,,,,,,,,,,,,,,,,,,,,,,,,,,,,,,,,,,,,,,,,,,,,,,,,,,,,,,,,,,,,,,,politician,,,,,,,,,,,,,,,
Q2850424,Ann Vanheste,Ann Vanheste,Ann Vanheste,Ann Vanheste,Ann Vanheste,Ann Vanheste,Ann Vanheste,Ann Vanheste,female,1969-03-05,Ann,,,Ann Vanheste,,,,,,,,,Ann Vanheste,,,,,,,,,,,,,,,,,,,,,,,,,,,,,,,,,,,,,,,,,,,,,,,,,,,,,,,,,,,,,,,,,,,,,,,,,,,,,,,,,,,,,,,,,,,,,,,,,,,,,,,,,,,,,,,,,,,,,,,,,,,,,,,,,,,,,,,,,,,,,,,,,,,,,,,,,,,,,,,,,,,,,,,,,,,,,,,,,,,,,,,politician,,,,,,,,,,,,,,,
Q2884009,Barbara Pas,Barbara Pas,Barbara Pas,Barbara Pas,Barbara Pas,Barbara Pas,Barbara Pas,Barbara Pas,female,1981-03-01,Barbara,Barbara Pas,,Barbara Pas,,,,,,,,,,,,,https://upload.wikimedia.org/wikipedia/commons/8/8d/Barbara_pas-1496696589.jpg,,,,,,,,,,,,,,,,,,,,,,,,,,,,,,,,,,,,,,,,,,,,,,,,,,,,,,,,,,,,,,,,,,,,,,,,,,,,,,,,,,,,,,,,,,,,,,,,,,,,,,,,,,,,,,,,,,,,,,,,,,,,,,,,,,,,,,,,,,,,,,,,,,,,,,,,,,,,,,,,,,,,,,,,,,,,,,,,,,,politician,,,,,,,,,,,,,,,
Q2888701,Éric Thiébaut,Éric Thiébaut,Éric Thiébaut,Éric Thiébaut,Éric Thiébaut,Éric Thiébaut,Éric Thiébaut,Éric Thiébaut,male,1969-06-30,Éric,,,Éric Thiébaut,,,,,,,,,,,,,,,,,,,,,,,,,,,,,,,,,,,,,,,,,,,,,,,,,,,,,,,,,,,,,,,,,,,,,,,,,,,,,,,,,,,,,,,,,,,,,,,,,,,,,,,,,,,,,,,,,,,,,,,,,,,,,,,,,,,,,,,,,,,,,,,,,,,,,,,,,,,,,,,,,,,,,,,,,,,,,,,,,,,,,,,,,,,,,,,,politician,,,,,,,,,,,,,,,
Q2896384,Benoit Hellings,Benoit Hellings,Benoit Hellings,Benoit Hellings,Benoit Hellings,Benoit Hellings,Benoit Hellings,Benoit Hellings,male,1978-07-07,Benoit,,,Benoit Hellings,,,,,,,,,,,,,https://upload.wikimedia.org/wikipedia/commons/8/8b/Benoit_Hellings_à_l'Assemblée_Générale_du_4_mars_2012.jpg,,,,,,,,http://www.benoithellings.be,,,,,,,,,,,,,,,,,,,,,,,,,,,,,,,,,,,,,,,,,,,,,,,,,,,,,,,,,,,,,,,,,,,,,,,,,,,,,,,,,,,,,,,,,,,,,,,,,,,,,,,,,,,,,,,,,,,,,,,,,benoithellings,,,,,,,,,,,,,,,,,,,,,,,,,,,,,,,benoithellings,,,,,,,,,,,,,,,,,,,politician,,4552,,,,,,,,,mailto:benoit.hellings@ecolo.be,UCrO_o5T0--gg6Ms94GW0dTg,,,
Q29051908,,Wim Van der Donckt,,Wim Van der Donckt,,Wim Van der Donckt,,Wim Van der Donckt,male,,,Wim Van der Donckt,,,,,,,,,,,,,,,,,,,,,,,,,,,,,,,,,,,,,,,,,,,,,,,,,,,,,,,,,,,,,,,,,,,,,,,,,,,,,,,,,,,,,,,,,,,,,,,,,,,,,,,,,,,,,,,,,,,,,,,,,,,,,,,,,,,,,,,,,,,,,,,,,,,,,,,,,,,,,,,,,,,,,,,,,,,,,,,,,,,,,,,,,,,,,,,,,,politician,,,,,,,,,,,,,,,
Q2926869,Jean-Marc Nollet,Jean-Marc Nollet,Jean-Marc Nollet,Jean-Marc Nollet,Jean-Marc Nollet,Jean-Marc Nollet,Jean-Marc Nollet,Jean-Marc Nollet,male,1970-01-07,Jean-Marc,,,Jean-Marc Nollet,Jean-Marc Nollet,Jean-Marc Nollet,Jean-Marc Nollet,Jean-Marc Nollet,,,,,,,,,https://upload.wikimedia.org/wikipedia/commons/e/ec/Jean-Marc_Nollet.jpg,,,,,,,,http://www.nollet.info,,,,,,,,,,,,,,,,,,,,,,,,,,,,,,,,,,,,,,,,,,,,,,,,,,,,,,,,,,,,,,,,,,,,,,,,,,,,,,,,,,,,,,,,,,,,,,,,,,,,,,,,,,,,,,,,,,,,,,,,,jmnollet,,,,,,,,,,,,,,,,,,,,,,,,,,,,,,,jeanmarc.nollet.5,,,,,,,,,,,,,,,,6444,,,politician,,,,,,,,,,,mailto:jean-marc.nollet@ecolo.be,,,,
Q2938795,Carina Van Cauter,Carina Van Tittelboom-Van Cauter,Carina Van Cauter,Carina Van Cauter,Carina Van Cauter,Carina Van Tittelboom-Van Cauter,Carina Van Cauter,Carina Van Cauter,female,1962-06-27,Carina,Carina Van Cauter,,Carina Van Cauter,Carina Van Tittelboom-Van Cauter,Carina Van Tittelboom-Van Cauter,Carina Van Tittelboom-Van Cauter,Carina Van Tittelboom-Van Cauter,,,,,,,,,https://upload.wikimedia.org/wikipedia/commons/f/fe/Carina-van-tittelboom-van-cauter-1359732140.jpg,,,,,,,,,,,,,,,,,,,,,,,,,,,,,,,,,,,,,,,,,,,,,,,,,,,,,,,,,,,,,,,,,,,,,,,,,,,,,,,,,,,,,,,,,,,,,,,,,,,,,,,,,,,,,,,,,,,,,,,,,,,,,,,,,,,,,,,,,,,,,,,,,,,,,,,,,,,,,,,,,,,,,,,,,,,,,,,,,,,politician,,,,,,,,,,,,,,,
Q2939974,Caroline Cassart-Mailleux,Caroline Cassart-Mailleux,Caroline Cassart-Mailleux,Caroline Cassart-Mailleux,Caroline Cassart-Mailleux,Caroline Cassart-Mailleux,Caroline Cassart-Mailleux,Caroline Cassart-Mailleux,female,1973-06-01,Caroline,,,Caroline Cassart-Mailleux,,,,,,,,,,,,,,,,,,,,,,,,,,,,,,,,,,,,,,,,,,,,,,,,,,,,,,,,,,,,,,,,,,,,,,,,,,,,,,,,,,,,,,,,,,,,,,,,,,,,,,,,,,,,,,,,,,,,,,,,,,,,,,,,,,,,,,,,,,,,,,,,,,,,,,,,,,,,,,,,,,,,,,,,,,,,,,,,,,,,,,,,,,,,,,,,politician,,,,,,,,,,,,,,,
Q2949528,Daniel Bacquelaine,Daniel Bacquelaine,Daniel Bacquelaine,Daniel Bacquelaine,Daniel Bacquelaine,Daniel Bacquelaine,Daniel Bacquelaine,Daniel Bacquelaine,male,1952-10-30,Daniel,,Daniel Bacquelaine,Daniel Bacquelaine,Daniel Bacquelaine,Daniel Bacquelaine,Daniel Bacquelaine,Daniel Bacquelaine,,,,Daniel Bacquelaine,Daniel Bacquelaine,,,Daniel Bacquelaine,"https://upload.wikimedia.org/wikipedia/commons/2/27/Daniel_Bacquelaine,_2014-12-02_DB_Wavre.jpg",,284856431,,,,,,,,,,,,,,,,,,,,,,,,,,,,,,,,,,,,,,,,,,,,,,,,,,,,,,,,,,,,,,,,,,,,,,,,,,,,,,,,,,,,,,,,,,,,,,,,,,,,,,,,,,,,,,,,,,,,,,,,,,,,,,,,,,,,,,,,,,,,,,,,,,,,,,,,,,,,,,,,,,,,,,,,,,,,,,,,,politician,,,,,,,,,,,,,,,
Q2962167,Raf Terwingen,Raf Terwingen,Raf Terwingen,Raf Terwingen,Raf Terwingen,Raf Terwingen,Raf Terwingen,Raf Terwingen,male,1972-07-12,Raf,,,Raf Terwingen,,,,,,,,,,,,,,,,,,,,,,,,,,,,,,,,,,,,,,,,,,,,,,,,,,,,,,,,,,,,,,,,,,,,,,,,,,,,,,,,,,,,,,,,,,,,,,,,,,,,,,,,,,,,,,,,,,,,,,,,,,,,,,,,,,,,,,,,,,,,,,,,,,,,,,,,,,,,,,,,,,,,,,,,,,,,,,,,,,,,,,,,,,,,,,,,politician,,,,,,,,,,,,,,,
Q2965092,Christian Brotcorne,Christian Brotcorne,Christian Brotcorne,Christian Brotcorne,Christian Brotcorne,Christian Brotcorne,Christian Brotcorne,Christian Brotcorne,male,1953-12-09,Christian,Christian Brotcorne,,Christian Brotcorne,Christian Brotcorne,Christian Brotcorne,Christian Brotcorne,Christian Brotcorne,,,,,,,,,,,,,,,,,,,,,,,,,,,,,,,,,,,,,,,,,,,,,,,,,,,,,,,,,,,,,,,,,,,,,,,,,,,,,,,,,,,,,,,,,,,Christian Brotcorne,,,,,,,,,,,,,,,,,,,,,,,,,,,,,,,,,,,,,,,,,,,,,,,,,,,,,,,,,,,,,,,,,,,,,,,,,,,,,,,,,,,,,,,,,,,,,,,,,politician,,4298,,,,,,,,,,,,,
Q3010154,Céline Fremault,Céline Fremault,Céline Fremault,Céline Fremault,Céline Fremault,Céline Fremault,Céline Fremault,Céline Fremault,female,1973-12-26,Céline,,,Céline Fremault,Céline Fremault,Céline Fremault,Céline Fremault,Céline Fremault,,,Category:Céline Fremault,,,,,,https://upload.wikimedia.org/wikipedia/commons/4/44/Céline_Fremault_2012.jpg,,,,,,,,,,,,,,席琳·弗勒莫,,,,,,,,,,,,,,,,,,,,,,,,,,,,,,,,,,,,,,,,,,,,,,,,,,,,,,,,,,,,,,,,,,,,,,,,,,,,,,,,,,,,,,,,,,,,,,,,,,,,,,,,,,,,,,,,,,,,,,,,,,,,,,,,,,,,,,,,,,,,,,,,,,,,,,,,,,,,,,,,,,,,,politician,,4543,,,,,,,,,,,,,
Q3014674,Daniel Senesael,Daniel Senesael,Daniel Senesael,Daniel Senesael,Daniel Senesael,Daniel Senesael,Daniel Senesael,Daniel Senesael,male,1957-01-13,Daniel,,,Daniel Senesael,,,,,,,,,,,,,https://upload.wikimedia.org/wikipedia/commons/f/f9/Daniel_Senesael.jpg,,,,,,,,,,,,,,,,,,,,,,,,,,,,,,,,,,,,,,,,,,,,,,,,,,,,,,,,,,,,,,,,,,,,,,,,,,,,,,,,,,,,,,,,,,,,,,,,,,,,,,,,,,,,,,,,,,,,,,,,,,,,,,,,,,,,,,,,,,,,,,,,,,,,,,,,,,,,,,,,,,,,,,,,,,,,,,,,,,,politician,,,,,,,,,,,,,,,
Q3017667,David Clarinval,David Clarinval,David Clarinval,David Clarinval,David Clarinval,David Clarinval,David Clarinval,David Clarinval,male,1976-01-10,David,,,David Clarinval,,,,,,,,,,,,,,,,,,,,,,,,,,,,,,,,,,,,,,,,,,,,,,,,,,,,,,,,,,,,,,,,,,,,,,,,,,,,,,,,,,,,,,,,,,,,,,,,,,,,,,,,,,,,,,,,,,,,,,,,,,,,,,,,,,,,,,,,,,,,,,,,,,,,,,,,,,,,,,,,,,,,,,,,,,,,,,,,,,,,,,,,,,,,,,,,politician,,,,,,,,,,,,,,,
Q3017951,David Geerts,David Geerts,David Geerts,David Geerts,David Geerts,David Geerts,David Geerts,David Geerts,male,1975-04-17,David,David Geerts,,David Geerts,,,,,,,,,,,,,,,,,,,,,,,,,,,,,,,,,,,,,,,,,,,,,,,,,,,,,,,,,,,,,,,,,,,,,,,,,,,,,,,,,,,,,,,,,,Geerts,,,,,,,,,,,,,,,,,,,,,,,,,,,,,,,,,,,,,,,,,,,,,,,,,,,,,,,,,,,,,,,,,,,,,,,,,,,,,,,,,,,,,,,,,,,,,,,,,,,,,,politician,,,,,,,,,,,,,,,
Q3022653,Denis Ducarme,Denis Ducarme,Denis Ducarme,Denis Ducarme,Denis Ducarme,Denis Ducarme,Denis Ducarme,Denis Ducarme,male,1973-10-23,Denis,,Denis Ducarme,Denis Ducarme,Denis Ducarme,Denis Ducarme,Denis Ducarme,Denis Ducarme,Denis Ducarme,,Category:Denis Ducarme,Denis Ducarme,,,,Denis Ducarme,https://upload.wikimedia.org/wikipedia/commons/e/e1/DenisDucarme.JPG,,83490615,,n2009017008,,,,,,,,,,,,,,,,,,,,,,,,,,,,,,,,,,,,,,,,,,,,,,,,,,,,,,,,,,,,,,,,,,,,,,,,,,,,,,,,,,,,,,,,,,,,,,,,,,,,,,,,,,,,,,,,,,,,,,,,,,,,,,,,,,,,,,,,,,,,,,,,,,,,,,,,,,,,,,,,,,,,,,,,,,,,,,,politician,,,,,,,,,,,,,,,
Q3029701,Dirk Van der Maelen,Dirk Van der Maelen,Dirk Van der Maelen,Dirk Van der Maelen,Dirk Van der Maelen,Dirk Van der Maelen,Dirk Van der Maelen,Dirk Van der Maelen,male,1953-03-14,Dirk,Dirk Van der Maelen,,Dirk Van der Maelen,,,,,,,,,Dirk Van der Maelen,,,,,,,,,,,,http://www.dirkvandermaelen.be/,,,,,,,,,,,,,,,,,,,,,,,,,,,,,,,,,,,,,,,,,,,,,,,,,,,,,,,,,,,,,,,,,,,,,,,,,,,,,,,,,,,,,,,,,,,,,,,,,,,,,,,,,,,,,,,,,,,,,,,,,,,,,,,,,,,,,,,,,,,,,,,,,,,,,,,,,,,,,,,,,,,,,,,,3313,,,politician,,,2570,,,,,,,,,,,,
Q3051696,Els Van Hoof,Els Van Hoof,Els Van Hoof,Els Van Hoof,Els Van Hoof,Els Van Hoof,Els Van Hoof,Els Van Hoof,female,1969-03-07,Els,,,Els Van Hoof,,,,,,,,,,,,,,,,,,,,,,,,,,,,,,,,,,,,,,,,,,,,,,,,,,,,,,,,,,,,,,,,,,,,,,,,,,,,,,,,,,,,,,,,,,,,,,,,,,,,,,,,,,,,,,,,,,,,,,,,,,,,,,,,,,,,,,,,,,,,,,,,,,,,,,,,,,,,,,,,,,,,,,,,,,,,,,,,,,,,,,,,,,,,,,,,politician,,4527,,,,,,,,,,,,,
Q3063712,Fabienne Winckel,Fabienne Winckel,Fabienne Winckel,Fabienne Winckel,Fabienne Winckel,Fabienne Winckel,Fabienne Winckel,Fabienne Winckel,female,1975-12-14,Fabienne,,,Fabienne Winckel,,,,,,,,,,,,,,,,,,,,,,,,,,,,,,,,,,,,,,,,,,,,,,,,,,,,,,,,,,,,,,,,,,,,,,,,,,,,,,,,,,,,,,,,,,,,,,,,,,,,,,,,,,,,,,,,,,,,,,,,,,,,,,,,,,,,,,,,,,,,,,,,,,,,,,,,,,,,,,,,,,,,,,,,,,,,,,,,,,,,,,,,,,,,,,,,politician,,4567,,,,,,,,,,,,,
Q3086602,Françoise Schepmans,Françoise Schepmans,Françoise Schepmans,Françoise Schepmans,Françoise Schepmans,Françoise Schepmans,Françoise Schepmans,Françoise Schepmans,female,1960-06-18,Françoise,,,Françoise Schepmans,,,,,,,,,,,,,,,,,,,,,,,,,,,,,,,,,,,,,,,,,,,,,,,,,,,,,,,,,,,,,,,,,,,,,,,,,,,,,,,,,,,,,,,,,,,,,,,,,,,,,,,,,,,,,,,,,,,,,,,,,,,,,,,,,,,,,,,,,,,,,,,,,,,,,,,,,,,,,,,,,,,,,,,,,,,,,,,,,,,,,,,,,,,,,,,,politician,,4296,,,,,,,,,,,,,
Q3102539,Georges Dallemagne,Georges Dallemagne,Georges Dallemagne,Georges Dallemagne,Georges Dallemagne,Georges Dallemagne,Georges Dallemagne,Georges Dallemagne,male,1958-01-17,Georges,,,Georges Dallemagne,,,,,,,,,Georges Dallemagne,,,,,,,,,,,,,,,,,,,,,,,,,,,,,,,,,,,,,,,,,,,,,,,,,,,,,,,,,,,,,,,,,,,,,,,,,,,,,,,,,,,,,,,,,,,,,,,,,,,,,,,,,,,,,,,,,,,,,,,,,,,,,,,,,,,,,,,,,,,,,,,,,,,,,,,,,,,,,,,,,,,,,,,,,,,,,,,,,,,,,,,politician,,4126,,,,,,,,,,,,,
Q3102773,Georges Gilkinet,Georges Gilkinet,Georges Gilkinet,Georges Gilkinet,Georges Gilkinet,Georges Gilkinet,Georges Gilkinet,Georges Gilkinet,male,1971-01-25,Georges,,,Georges Gilkinet,,,,,,,,,,,,,,,,,,,,,http://georgesgilkinet.be,,,,,,,,,,,,,,,,,,,,,,,,,,,,,,,,,,,,,,,,,,,,,,,,,,,,,,,,,,,,,,,,,,,,,,,,,,,,,,,,,,,,,,,,,,,,,,,,,,,,,,,,,,,,,,,,,,,,,,,,,GeorgesGilkinet,,,,,,,,,,,,,,,,,,,,,,,,,,,,,,,georges.gilkinet,,,,,,,,,,,,,,,,,,,politician,,,,,,,,,,,,,,,
Q3126936,Hans Bonte,Hans Bonte,Hans Bonte,Hans Bonte,Hans Bonte,Hans Bonte,Hans Bonte,Hans Bonte,male,1962-01-20,Hans,,,Hans Bonte,,,,,Hans Bonte,,Category:Hans Bonte,,Hans Bonte,,,,https://upload.wikimedia.org/wikipedia/commons/8/85/Hans_Bonte.jpg,,55850015,,,,,/m/0s8xtx2,,,,,,,,,,,,,,,,,,,,,,,,,,,,,,,,,,,,,,,,,,,,,,,,,,,,,,,,,,,,,,,,,,,,,,,,,,,,,,,,,,,,,,,,,,,,,,,,,,,,,,,,,,,,,,,,,,,,,,,,,,,,,,,,,,,,,,,,,,,,,,,,,,,,,,,,,,,,,,,,,,,,,,,,,,,,politician,,,,,,,,,,,,,,,
Q3143147,Olivier Chastel,Olivier Chastel,Olivier Chastel,Olivier Chastel,Olivier Chastel,Olivier Chastel,Olivier Chastel,Olivier Chastel,male,1964-11-22,Olivier,Olivier Chastel,Olivier Chastel,Olivier Chastel,Olivier Chastel,Olivier Chastel,Olivier Chastel,Olivier Chastel,Olivier Chastel,Olivier Chastel,Category:Olivier Chastel,Olivier Chastel,Olivier Chastel,Olivier Chastel,,Olivier Chastel,https://upload.wikimedia.org/wikipedia/commons/6/65/Olivier_chastel.jpg,,,,,,,/m/0gjcz47,,,,,,,,,,,,,,,,,,,,,,,Olivier Chastel,,,,,,,,,,,オリヴィエ・シャステル,,,,,,,,,,,,,,,,,,,,,,,,,,,,Olivier Chastel,,,,,,,,,,,,,,,,,,,,,,,,,,,,,,,,,,,,,,,,,,,,,,,,,Olivier Chastel,,,,,,,,,,,,,,,,,,,,,,,,,,,,,,,,,,,,,,,,,,,,,,,,,,,,,,,,,,,,,politician,,,,,,,,,,,,,,,
Q3150668,Ine Somers,Ine Somers,Ine Somers,Ine Somers,Ine Somers,Ine Somers,Ine Somers,Ine Somers,female,1971-06-13,Ine,Ine Somers,,Ine Somers,Ine Somers,Ine Somers,Ine Somers,Ine Somers,,,,,,,,,,,,,,,,,,,,,,,,,,,,,,,,,,,,,,,,,,,,,,,,,,,,,,,,,,,,,,,,,,,,,,,,,,,,,,,,,,,,,,Somers,,,,,,,,,,,,,,,,,,,,,,,,,,,,,,,,,,,,,,,,,,,,,,,,,,,,,,,,,,,,,,,,,,,,,,,,,,,,,,,,,,,,,,,,,,,,,,,,,,,,,,politician,,,,,,,,,,,,,,,
Q3166258,Jean-Jacques Flahaux,Jean-Jacques Flahaux,Jean-Jacques Flahaux,Jean-Jacques Flahaux,Jean-Jacques Flahaux,Jean-Jacques Flahaux,Jean-Jacques Flahaux,Jean-Jacques Flahaux,male,1955-07-19,Jean-Jacques,,,Jean-Jacques Flahaux,,,,,,,,,,,,,,,,,,,,,,,,,,,,,,,,,,,,,,,,,,,,,,,,,,,,,,,,,,,,,,,,,,,,,,,,,,,,,,,,,,,,,,,,,,,,,,,,,,,,,,,,,,,,,,,,,,,,,,,,,,,,,,,,,,,,,,,,,,,,,,,,,,,,,,,,,,,,,,,,,,,,,,,,,,,,,,,,,,,,,,,,,,,,,,,,politician,,,,,,,,,,,,,,,
Q3189209,Julie Fernandez Fernandez,Julie Fernandez-Fernandez,Julie Fernandez Fernandez,Julie Fernandez Fernandez,Julie Fernandez Fernandez,Julie Fernandez-Fernandez,Julie Fernandez Fernandez,Julie Fernandez Fernandez,female,1972-03-20,Julie,,,Julie Fernández,,,,,Julie Fernández,,,Julie Fernandez Fernandez,,,,,"https://upload.wikimedia.org/wikipedia/commons/6/68/Julie_Fernandez_Fernandez,_31_mai_2013.jpg",,,,,,,,,,,,Julie Fernández,,,,,,,,,,,,,,,,,,,,,,,,,,,,,,,,,,,,,,,,,,,,,,,,,,,,,,,,,,,,,,,,,,,,,,,,,,,,,,,,,,,,,,,,,,,,,,,,,,,,,,,,,,,,,,,,,,,,,,,,,,,,,,,,,,,,,,,,,,,,,,,,,,,,,,,,,,,,,,,,,,,,,,,politician,,,,,,,,,,,,,,,
Q3193147,Karin Temmerman,Karin Temmerman,Karin Temmerman,Karin Temmerman,Karin Temmerman,Karin Temmerman,Karin Temmerman,Karin Temmerman,female,1958-09-25,Karin,Karin Temmerman,,Karin Temmerman,,,,,,,,,,,,,,,,,,,,,,,,,,,,,,,,,,,,,,,,,,,,,,,,,,,,,,,,,,,,,,,,,,,,,,,,,,,,,,,,,,,,,,,,,,,,,,,,,,,,,,,,,,,,,,,,,,,,,,,,,,,,,,,,,,,,,,,,,,,,,,,,,,,,,,,,,,,,,,,,,,,,,,,,,,,,,,,,,,,,,,,,,,,,,,,,politician,,,,,,,,,,,,,,,
Q3193290,Karine Jiroflée,Karine Jiroflée,Karine Jiroflée,Karine Jiroflée,Karine Jiroflée,Karine Jiroflée,Karin Jiroflée,Karin Jiroflée,female,1962-05-19,Karine,,,Karine Jiroflée,,,,,,,,,,,,,,,,,,,,,,,,,,,,,,,,,,,,,,,,,,,,,,,,,,,,,,,,,,,,,,,,,,,,,,,,,,,,,,,,,,,,,,,,,,,,,,,,,,,,,,,,,,,,,,,,,,,,,,,,,,,,,,,,,,,,,,,,,,,,,,,,,,,,,,,,,,,,,,,,,,,,,,,,,,,,,,,,,,,,,,,,,,,,,,,,politician,,,,,,,,,,,,,,,
Q3193292,Karine Lalieux,Karine Lalieux,Karine Lalieux,Karine Lalieux,Karine Lalieux,Karine Lalieux,Karine Lalieux,Karine Lalieux,female,1964-05-04,Karine,,,Karine Lalieux,,,,,,,,,,,,,,,,,,,,,,,,,,,,,,,,,,,,,,,,,,,,,,,,,,,,,,,,,,,,,,,,,,,,,,,,,,,,,,,,,,,,,,,,,,,,,,,,,,,,,,,,,,,,,,,,,,,,,,,,,,,,,,,,,,,,,,,,,,,,,,,,,,,,,,,,,,,,,,,,,,,,,,,,,,,,,,,,,,,,,,,,,,,,,,,,politician,,,,,,,,,,,,,,,
Q3228978,Leen Dierick,Leen Dierick,Leen Dierick,Leen Dierick,Leen Dierick,Leen Dierick,Leen Dierick,Leen Dierick,female,1978-05-02,Leen,Leen Dierick,,Leen Dierick,,,,,,,,,,,,,,,,,,,,,,,,,,,,,,,,,,,,,,,,,,,,,,,,,,,,,,,,,,,,,,,,,,,,,,,,,,,,,,,,,,,,,,,,,,,,,,,,,,,,,,,,,,,,,,,,,,,,,,,,,,,,,,,,,,,,,,,,,,,,,,,,,,,,,,,,,,,,,,,,,,,,,,,,,,,,,,,,,,,,,,,,,,,,,,,,politician,,,,,,,,,,,,,,,
Q3264833,Luc Gustin,Luc Gustin,Luc Gustin,Luc Gustin,Luc Gustin,Luc Gustin,Luc Gustin,Luc Gustin,male,1951-07-14,Luc,,,Luc Gustin,,,,,,,,,,,,,,,,,,,,,,,,,,,,,,,,,,,,,,,,,,,,,,,,,,,,,,,,,,,,,,,,,,,,,,,,,,,,,,,,,,,,,,,,,,,,,,,,,,,,,,,,,,,,,,,,,,,,,,,,,,,,,,,,,,,,,,,,,,,,,,,,,,,,,,,,,,,,,,,,,,,,,,,,,,,,,,,,,,,,,,,,,,,,,,,,politician,,,,,,,,,,,,,,,
Q3266973,Luk Van Biesen,Luk Van Biesen,Luk Van Biesen,Luk Van Biesen,Luk Van Biesen,Luk Van Biesen,Luk Van Biesen,Luk Van Biesen,male,1960-06-26,,,,Luk Van Biesen,,,,,,,,,,,,,,,,,,,,,,,,,,,,,,,,,,,,,,,,,,,,,,,,,,,,,,,,,,,,,,,,,,,,,,,,,,,,,,,,,,,,,,,,,,,,,,,,,,,,,,,,,,,,,,,,,,,,,,,,,,,,,,,,,,,,,,,,,,,,,,,,,,,,,,,,,,,,,,,,,,,,,,,,,,,,,,,,,,,,,,,,,,,,,,,,politician,,,,,,,,,,,,,,,
Q3288800,Marcel Cheron,Marcel Cheron,Marcel Cheron,Marcel Cheron,Marcel Cheron,Marcel Cheron,Marcel Cheron,Marcel Cheron,male,1957-08-10,Marcel,,Marcel Cheron,Marcel Cheron,Marcel Cheron,Marcel Cheron,Marcel Cheron,Marcel Cheron,Marcel Cheron,Marcel Cheron,,,Marcel Cheron,,,,,,,,,,,/m/064pnh5,,,Marcel Cheron,,,,,,,Marcel Cheron,,Marcel Cheron,,,,,,,Marcel Cheron,,,,Marcel Cheron,,,,,,,,,Marcel Cheron,Marcel Cheron,,,,,,,Marcel Cheron,Marcel Cheron,,,,,,,,,,,,,,,,,,,,,,,,,,,,,,Marcel Cheron,,,,Marcel Cheron,,Marcel Cheron,,,Marcel Cheron,,Marcel Cheron,Marcel Cheron,Marcel Cheron,,Marcel Cheron,,,,,,,Marcel Cheron,Marcel Cheron,,,Marcel Cheron,Marcel Cheron,,,,,,Marcel Cheron,Marcel Cheron,,,Marcel Cheron,,,Marcel Cheron,,,,Marcel Cheron,Marcel Cheron,Marcel Cheron,Marcel Cheron,Marcel Cheron,,,,,,,,,,,,,,,,,,,,,,,,,,,,,,,,,,,,,,,,,,,,,,,,,,,,,politician,,289,,,,,,,,,mailto:marcel.cheron@ecolo.be,,,,
Q3291646,Marie-Christine Marghem,Marie-Christine Marghem,Marie-Christine Marghem,Marie-Christine Marghem,Marie-Christine Marghem,Marie-Christine Marghem,Marie-Christine Marghem,Marie-Christine Marghem,female,1963-05-22,Marie-Christine,,Marie-Christine Marghem,Marie-Christine Marghem,,,,,,,,Marie-Christine Marghem,Marie-Christine Marghem,,,Marie-Christine Marghem,https://upload.wikimedia.org/wikipedia/commons/0/08/Marie-Christine_Marghem.jpg,,,,,,,,,,,,,,,,,,,,,,,,,,,,,,,,,,,,,,,,,,,,,,,,,,,,,,,,,,,,,,,,,,,,,,,,,,,,,,,,,,,,,,,,,,,,,,,,,,,,,,,,,,,,,,,,,,,,,,,,,,,,,,,,,,,,,,,,,,,,,,,,,,,,,,,,,,,,,,,,,,,,,,,,,,,,,,,,,,,politician,,,,,,,,,,,,,,,
Q3293055,Marijke Dillen,Marijke Dillen,Marijke Dillen,Marijke Dillen,Marijke Dillen,Marijke Dillen,Marijke Dillen,Marijke Dillen,female,1960-12-11,Marijke,Marijke Dillen,,Marijke Dillen,Marijke Dillen,Marijke Dillen,Marijke Dillen,Marijke Dillen,Marijke Dillen,,,,,,,,,,,,,,,,,,,,,,,,,,,,,,,,,,,,,,,,,,,,,,,,,,,,,,,,,,,,,,,,,,,,,,,,,,,,,,,,,,,,,,,,,,,,,,,,,,,,,,,,,,,,,,,,,,,,,,,,,,,,,,,,,,,,,,,,,,,,,,,,,,,,,,,,,,,,,,,,,,,,,,,,,,,,,,,,,,,,,,,,,,,politician,,,1805,,,,,,,,,,,,
Q3311180,Michel de Lamotte,Michel de Lamotte,Michel de Lamotte,Michel de Lamotte,Michel de Lamotte,Michel de Lamotte,Michel de Lamotte,Michel de Lamotte,male,1955-04-11,Michel,,,Michel de Lamotte,,,,,,,,,,,,,,,,,,,,,,,,,,,,,,,,,,,,,,,,,,,,,,,,,,,,,,,,,,,,,,,,,,,,,,,,,,,,,,,,,,,,,,,,,,,,,,,,,,,,,,,,,,,,,,,,,,,,,,,,,,,,,,,,,,,,,,,,,,,,,,,,,,,,,,,,,,,,,,,,,,,,,,,,,,,,,,,,,,,,,,,,,,,,,,,,politician,,,,,,,,,,,,,,,
Q3335143,Nahima Lanjri,Nahima Lanjri,Nahima Lanjri,Nahima Lanjri,Nahima Lanjri,Nahima Lanjri,Nahima Lanjri,Nahima Lanjri,female,1968-02-17,,Nahima Lanjri,,Nahima Lanjri,Nahima Lanjri,Nahima Lanjri,Nahima Lanjri,Nahima Lanjri,Nahima Lanjri,,Category:Nahima Lanjri,,Nahima Lanjri,,,,https://upload.wikimedia.org/wikipedia/commons/a/ad/Nahima-lanjri-1337435663.jpg,0000 0000 3812 3621,33810329,,,,,,,,,,,,,,,,,,,,,,,,,,,,,,,,,,,,,,,,,,,,,,,,,,,,,,,,,,,,,,,,,,,,,,,,,,,,,,,,,,,,,,,,,,,,,,,,,,,,,,,,,,,,,,,,,,,,,,,,,,,,,,,,,,,,,,,,,,,,,,,,,,,,,,,,,,,,,,,,,,,,,,,,,,,,,,,,,politician,,4332,,,,,,,,,,,,,
Q336599,Bart De Wever,Bart De Wever,Bart De Wever,Bart De Wever,Bart De Wever,Bart De Wever,Bart De Wever,Bart De Wever,male,1970-12-21,Bart,Bart De Wever,Bart De Wever,Bart De Wever,Bart De Wever,Bart De Wever,Bart De Wever,Bart De Wever,Bart De Wever,,Category:Bart De Wever,Bart De Wever,Bart De Wever,,Bart De Wever,Bart De Wever,https://upload.wikimedia.org/wikipedia/commons/5/5f/BartDeWever.jpg,,68311856,1022898671,n2003110408,,159187990,/m/03cvxs9,,244701083,Bart de Wever,Bart de Wever,Bart De Wever,Bart De Wever,,,,,,Bart de Wever,Барт Де Вевер,Барт Де Вевер,,,,,Bart De Wever,,,,Bart De Wever,,"Де Вевер, Барт",Барт де Вевер,,,,바르트 더 베버르,Bartholomaeus De Wever,Bart De Wever,Bart De Wever,バルト・デウェーフェル,,בארט דה ובר,,,,,Bart De Wever,,Bart De Wever,,,Bart De Wever,,Bart De Wever,,Bart De Wever,,,,Bart De Wever,,,,Bart De Wever,,바르트 더 베버르,Bartholomaeus De Wever,,Bart De Wever,,"Де Вевер, Барт",,Барт де Вевер,,,,,,Bart De Wever,,,,,,,,,,Bart De Wever,,,,,,,,,,Bart De Wever,Bart De Wever,,,,Bart De Wever,,,,,Bart De Wever,,,,,,Bart De Wever,,,,,,,,,Bart De Wever,,Bart De Wever,,,,Барт Дэ Вевер,,,,,,,,,,,,Bart De Wever,,,,,Bart De Wever,,,,,,,,,00000029429,,,,Bart De Wever,Bart De Wever,Bart De Wever,Bart De Wever,Bart De Wever,Bart De Wever,Bart De Wever,Bart De Wever,Bart De Wever,Bart De Wever,Bart De Wever,nm3391515,,,,,,,columnist,,4463,2796,Bart-De-Wever,,,,,,,,,,,
Q3369088,Patricia Ceysens,Patricia Ceysens,Patricia Ceysens,Patricia Ceysens,Patricia Ceysens,Patricia Ceysens,Patricia Ceysens,Patricia Ceysens,female,1965-06-05,Patricia,,,Patricia Ceysens,Patricia Ceysens,Patricia Ceysens,Patricia Ceysens,Patricia Ceysens,Patricia Ceysens,,Category:Patricia Ceysens,,Patricia Ceysens,,,,https://upload.wikimedia.org/wikipedia/commons/d/d9/OEB2007_Patricia_Ceysens_(cropped).jpg,,285784173,,,,,/m/03cdb0v,http://www.patriciaceysens.be,,,,,,,,,,,,,,,,,,,,,,,,,,,,,,,,,,,,,,,,,,,,,,,,,,,,,,,,,,,,,,,,,,,,,,,,,,,,,,,,,,,,,,,,,,,,,,,,,,,,,,,,,,,,,,,,,,,,,,,,,,,,,,,,,,,,,,,,,,,,,,,,,,,,,,,,,,,,,,,,,,,,,,,,,,,politician,,,1765,,,,,,,,,,,,
Q3370366,Paul-Olivier Delannois,Paul-Olivier Delannois,Paul-Olivier Delannois,Paul-Olivier Delannois,Paul-Olivier Delannois,Paul-Olivier Delannois,Paul-Olivier Delannois,Paul-Olivier Delannois,male,1966-07-01,,Paul-Olivier Delannois,,Paul-Olivier Delannois,,,,,,,,,,,,,,,,,,,,,,,,,,,,,,,,,,,,,,,,,,,,,,,,,,,,,,,,,,,,,,,,,,,,,,,,,,,,,,,,,,,,,,,,,,,,,,,,,,,,,,,,,,,,,,,,,,,,,,,,,,,,,,,,,,,,,,,,,,,,,,,,,,,,,,,,,,,,,,,,,,,,,,,,,,,,,,,,,,,,,,,,,,,,,,,,politician,,,,,,,,,,,,,,,
Q3376731,Peter Luykx,Peter Luykx,Peter Luykx,Peter Luykx,Peter Luykx,Peter Luykx,Peter Luykx,Peter Luykx,male,1964-05-06,Peter,,,Peter Luykx,Peter Luykx,Peter Luykx,Peter Luykx,Peter Luykx,Peter Luykx,,,,Peter Luykx,,,,,,,,,,,/m/0cm8f48,http://www.peterluykx.be/,,Peter Luykx,Peter Luykx,,,,,,,,,,,,,,,,,,,,,,,,,,,,,,,,,,,,,,,,,,,,,,,,,,,,,,,,,,,,,,,,,,,,,,,,,,,,,,,,,,,,,,,,,,,,,,,,,,,,,,,,,,,,,,,,,,,,,,peerlux,,,,,,,,,,,,,,,,,,,,,,,,,,,,,,,peter.luykx.3,,,,,,,,,,,,,,,,,,,politician,,,,,,,,https://www.linkedin.com/in/peter-luykx-7315719,,,,,,,
Q3379933,Philippe Goffin,Philippe Goffin,Philippe Goffin,Philippe Goffin,Philippe Goffin,Philippe Goffin,Philippe Goffin (homme politique),Philippe Goffin,male,1967-04-01,Philippe,,,Philippe Goffin,,,,,,,,,,,,,,,,,,,,,,,,,,,,,,,,,,,,,,,,,,,,,,,,,,,,,,,,,,,,,,,,,,,,,,,,,,,,,,,,,,,,,,,,,,Goffin,,,,,,,,,,,,,,,,,,,,,,,,,,,,,,,,,,,,,,,,,,,,,,,,,,,,,,,,,,,,,,,,,,,,,,,,,,,,,,,,,,,,,,,,,,,,,,,,,,,,,,politician,,,,,,,,,,,,,,,
Q3380542,Philippe Pivin,Philippe Pivin,Philippe Pivin,Philippe Pivin,Philippe Pivin,Philippe Pivin,Philippe Pivin,Philippe Pivin,male,1954-08-04,Philippe,,,Philippe Pivin,,,,,,,,,,,,,,,,,,,,,,,,,,,,,,,,,,,,,,,,,,,,,,,,,,,,,,,,,,,,,,,,,,,,,,,,,,,,,,,,,,,,,,,,,,,,,,,,,,,,,,,,,,,,,,,,,,,,,,,,,,,,,,,,,,,,,,,,,,,,,,,,,,,,,,,,,,,,,,,,,,,,,,,,,,,,,,,,,,,,,,,,,,,,,,,,politician,,,,,,,,,,,,,,,
Q3431045,Richard Miller,Richard Miller,Richard Miller,Richard Miller,Richard Miller,Richard Miller,Richard Miller,Richard Miller (politicus),male,1954-11-16,Richard,,,Richard Miller,,,,,,,,,,,,,,,60250096,,,120296282,028465776,,,,,,,,,,,,,,,,,,,,,,,,,,Ричард Миллер,,,,,,,,,,ريتشارد ميلر,,,,,,,,,,,,,,,,,,,,,,,,,,,,,,,,,,,Miller,,,,,,,,,,,,,,,,,,,,,,,,,,,,,,,,,,,,,,,,,Richard Miller,,,Richard Miller,,,,,,,,,,,,,,,,,,,,,,,,,,,,,,,,,,,,,,,,,,,,,,,,,,,,,,,,,,politician,,4216,,,,,,,,,,,,,
Q3438541,Roel Deseyn,Roel Deseyn,Roel Deseyn,Roel Deseyn,Roel Deseyn,Roel Deseyn,Roel Deseyn,Roel Deseyn,male,1976-10-14,Roel,,,Roel Deseyn,,,,,,,,,,,,,"https://upload.wikimedia.org/wikipedia/commons/1/11/Roel_Deseyn,_gedreven_en_geëngageerd.jpg",,,,,,,,,,,,,,,,,,,,,,,,,,,,,,,,,,,,,,,,,,,,,,,,,,,,,,,,,,,,,,,,,,,,,,,,,,,,,,,,,,,,,,,,,,,,,,,,,,,,,,,,,,,,,,,,,,,,,,,,,,,,,,,,,,,,,,,,,,,,,,,,,,,,,,,,,,,,,,,,,,,,,,,,,,,,,,,,,,,politician,,,,,,,,,,,,,,,
Q3490906,Sophie De Wit,Sophie De Wit,Sophie De Wit,Sophie De Wit,Sophie De Wit,Sophie De Wit,Sophie De Wit,Sophie De Wit,female,1973-08-28,Sophie,Sophie De Wit,,Sophie De Wit,,,,,,,,,Sophie De Wit,,,,,,,,,,,,,,,,,,,,,,,,,,,,,,,,,,,,,,,,,,,,,,سوفي دي ويت,,,,,,,,,,,,,,,,,,,,,,,,,,,,,,,,,,,De Wit,,,,,,,,,,,,,,,,,,,,,,,,,,,,,,,,,,,,,,,,,,,,,,,,,,,,,,,,,,,,,,,,,,,,,,,,,,,,,,,,,,,,,,,,,,,,,,,,,,,,,,politician,,,3457,,,,,,,,,,,,
Q3506764,Sybille de Coster-Bauchau,Sybille de Coster-Bauchau,Sybille de Coster-Bauchau,Sybille de Coster-Bauchau,Sybille de Coster-Bauchau,Sybille de Coster-Bauchau,Sybille de Coster-Bauchau,Sybille de Coster-Bauchau,female,1953-02-23,Sybille,,,Sybille de Coster-Bauchau,,,,,,,,,,,,,,,,,,,,,,,,,,,,,,,,,,,,,,,,,,,,,,,,,,,,,,,,,,,,,,,,,,,,,,,,,,,,,,,,,,,,,,,,,,,,,,,,,,,,,,,,,,,,,,,,,,,,,,,,,,,,,,,,,,,,,,,,,,,,,,,,,,,,,,,,,,,,,,,,,,,,,,,,,,,,,,,,,,,,,,,,,,,,,,,,politician,,,,,,,,,,,,,,,
Q3509917,Sébastian Pirlot,Sébastian Pirlot,Sébastian Pirlot,Sébastian Pirlot,Sébastian Pirlot,Sébastian Pirlot,Sébastian Pirlot,Sébastian Pirlot,male,1971-08-29,,,,Sébastian Pirlot,,,,,,,,,,,,,,,,,,,,,,,,,,,,,,,,,,,,,,,,,,,,,,,,,,,,,,,,,,,,,,,,,,,,,,,,,,,,,,,,,,,,,,,,,,,,,,,,,,,,,,,,,,,,,,,,,,,,,,,,,,,,,,,,,,,,,,,,,,,,,,,,,,,,,,,,,,,,,,,,,,,,,,,,,,,,,,,,,,,,,,,,,,,,,,,,politician,,,,,,,,,,,,,,,
Q3554546,Vanessa Matz,Vanessa Matz,Vanessa Matz,Vanessa Matz,Vanessa Matz,Vanessa Matz,Vanessa Matz,Vanessa Matz,female,1973,Vanessa,,Vanessa Matz,Vanessa Matz,Vanessa Matz,Vanessa Matz,Vanessa Matz,Vanessa Matz,Vanessa Matz,Vanessa Matz,,,Vanessa Matz,,,,,,,,,,,,,,Vanessa Matz,,,,,,,,,Vanessa Matz,,,,,,,Vanessa Matz,Vanessa Matz,Vanessa Matz,Vanessa Matz,Vanessa Matz,Vanessa Matz,,,,,Vanessa Matz,,,Vanessa Matz,Vanessa Matz,,,,Vanessa Matz,Vanessa Matz,Vanessa Matz,Vanessa Matz,Vanessa Matz,,Vanessa Matz,,,,,,,,,,,,,,,,,,,,,Vanessa Matz,,,,,,,Vanessa Matz,Vanessa Matz,Vanessa Matz,Vanessa Matz,Vanessa Matz,Vanessa Matz,Vanessa Matz,Vanessa Matz,Vanessa Matz,Vanessa Matz,Vanessa Matz,Vanessa Matz,Vanessa Matz,Vanessa Matz,Vanessa Matz,Vanessa Matz,Vanessa Matz,Vanessa Matz,Vanessa Matz,Vanessa Matz,Vanessa Matz,Vanessa Matz,Vanessa Matz,Vanessa Matz,Vanessa Matz,Vanessa Matz,Vanessa Matz,Vanessa Matz,Vanessa Matz,Vanessa Matz,Vanessa Matz,Vanessa Matz,Vanessa Matz,Vanessa Matz,Vanessa Matz,Vanessa Matz,Vanessa Matz,Vanessa Matz,Vanessa Matz,Vanessa Matz,Vanessa Matz,Vanessa Matz,Vanessa Matz,,,,,,,,,,,,,,,,,,,,,,,,,,,,,,,,,,,,,,,,,,,,,,,,,,,,,,,,,,,politician,,4535,,,,,,,,,,,,,
Q3564292,Véronique Caprasse,Véronique Caprasse,Véronique Caprasse,Véronique Caprasse,Véronique Caprasse,Véronique Caprasse,Véronique Caprasse,Véronique Caprasse,female,1950-11-20,Véronique,,,Véronique Caprasse,,,,,,,,,,,,,,,,,,,,,,,,,,,,,,,,,,,,,,,,,,,,,Вероник Капрасс,,,,,,,,,,,,,,,,,,,,,,,,,,,,,,,,,,,,,,,,,,,,,,,,,,,,,,,,,,,,,,,,,,,,,,,,,,,,,,,,,,,,,,,,,,,,,,,,,,,,,,,,,,,,,,,,,,,,,,,,,,,,,,,,,,,,,,,,,,,,,,,,,,,politician,,,,,,,,,,,,,,,
Q3574660,Zakia Khattabi,Zakia Khattabi,Zakia Khattabi,Zakia Khattabi,Zakia Khattabi,Zakia Khattabi,Zakia Khattabi,Zakia Khattabi,female,1976-01-15,,,,Zakia Khattabi,,,,,,,,Zakia Khattabi,,,,,https://upload.wikimedia.org/wikipedia/commons/4/4a/Zakia_Khattabi_et_Patrick_Dupriez_-_débat_élection_coprésidence_Écolo_-_Charleroi_mars_2015_-_1.jpg,,,,,,,,,,,,,,,,,,,,,,,,,,,,,,,,Закиа Хатаби,,,,,,,,,,زكية الخطابي,,,,,,,,,,زكية الخطابي,,,,,,,,,,,,,,,,,,,,,,,,,,,,,,,,,,,,,,,,,,,,,,,,,,,,,,,,,,,,,,,,,,,,,,,,,,,,,zakiakhattabi,,,,,,,,,,,,,,,,,,,,,,,,,,,,,,,,,,,,,,,,,,,,,,,,,,politician,,4561,,,,,,,,,mailto:zakia.khattabi@ecolo.be,,,,
Q3591262,Éric Massin,Eric Massin,Éric Massin,Éric Massin,Éric Massin,Eric Massin,Éric Massin,Eric Massin,male,1963-06-09,Éric,,,Éric Massin,,,,,,,Category:Éric Massin,,,,,,https://upload.wikimedia.org/wikipedia/commons/3/38/Éric_Massin_-_Charleroi_-_BPS22_-_2015-09-25_-_1.jpg,,,,,,,,,,,,,,,,,,,,,,,,,,,,,,,,Эрик Массен,,,,,,,,,,,,,,,,,,,,,,,,,,,,,,,,,,,,,,,,,,,,,,,,,,,,,,,,,,,,,,,,,,,,,,,,,,,,,,,,,,,,,,,,,,,,,,,,,,,,,,,,,,,,,,,,,,,,,,,,,,,,,,,,,,,,,,,,,,,,,,,,,,,politician,,,,,,,,,,,,,,,
Q3593705,Özlem Özen,Özlem Özen,Özlem Özen,Özlem Özen,Özlem Özen,Özlem Özen,Özlem Özen,Özlem Özen,female,1978-10-04,Özlem,,,Özlem Özen,,,,,Özlem Özen,,Category:Özlem Özen,,,,,,"https://upload.wikimedia.org/wikipedia/commons/9/93/Özlem_Özen,_jeune_femme_politique.jpg",,,,,,,,,,,,,,,,,,,,,,,,,,,,,,,,,,,,,,,,,,,,,,,,,,,,,,,,,,,,,,,,,,,,,,,,,,,,,,,,,,,,,,,,,,,,,,,,,,,,,,,,,,,,,,,,,,,,,,,,,,,,,,,,,,,,,,,,,,,,,,,,,,,,,,,,,,,,,,,,,,,,,,,,,,,,,,,,,,,politician,,,,,,,,,,,,,,,
Q38258739,,Isabelle Galant,,Isabelle Galant,,Isabelle Galant,,Isabelle Galant,female,1963-12-03,Isabelle,,,,,,,,,,,,,,,,,,,,,,,,,,,,,,,,,,,,,,,,,,,,,,,,,,,,,,,,,,,,,,,,,,,,,,,,,,,,,,,,,,,,,,,,,,,,,,,,,,,,,,,,,,,,,,,,,,,,,,,,,,,,,,,,,,,,,,,,,,,,,,,,,,,,,,,,,,,,,,,,,,,,,,,,,,,,,,,,,,,,,,,,,,,,,,,,,,,official,,,,,,,,,,,,,,,
Q448224,Laurette Onkelinx,Laurette Onkelinx,Laurette Onkelinx,Laurette Onkelinx,Laurette Onkelinx,Laurette Onkelinx,Laurette Onkelinx,Laurette Onkelinx,female,1958-10-02,Laurette,,Laurette Onkelinx,Laurette Onkelinx,Laurette Onkelinx,Laurette Onkelinx,Laurette Onkelinx,Laurette Onkelinx,Laurette Onkelinx,,Category:Laurette Onkelinx,Laurette Onkelinx,Laurette Onkelinx,,,Laurette Onkelinx,https://upload.wikimedia.org/wikipedia/commons/5/54/Laurette_Onkelinx_675.jpg,,,,,,,/m/07yxwv,http://www.laurette-onkelinx.be/,,,,,,,,,Laurette Onkelinx,,,,,,,,Laurette Onkelinx,,,,,,,,,,,,,,,,,,,,,,,,,,,,,,,,,,,,,,,,Laurette Onkelinx,,,,,,,,,,,,,,,,,,,,,,,,,,,,,,,,,,,,,,,,,,,,,,,,,,,,,,,,,,,,,,,,,,,,,,,,,,,,,,,,,,,,,,,,,,,,,,,,,,,,,,,,,,,,,,,,,,politician,,214,,,,,,,,,,,,,
Q451040,Eric Van Rompuy,Eric Van Rompuy,Eric Van Rompuy,Eric Van Rompuy,Eric Van Rompuy,Eric Van Rompuy,Eric Van Rompuy,Eric Van Rompuy,male,1949-11-23,Eric,,,Eric Van Rompuy,Eric Van Rompuy,Eric Van Rompuy,Eric Van Rompuy,Eric Van Rompuy,Eric Van Rompuy,,,Eric Van Rompuy,Eric Van Rompuy,,,,,0000 0000 3722 5837,246621219,171611853,n88625258,,,/m/02q80b7,,07148437X,,,,,,,,,,,,,,,,,,,,,,Eric Van Rompuy,,,,,,,,,,,,,,,,,,,,,,,,,,,,,,,,,,,,,,,,,,,,,,,,,,,,,,,,,,,,,,,,,,,,,,,,,,,,,,,,,,,,,,,,,,,,,,,,,,,,,,,,,,,,,,,,,,,,,,,,,,,,,672,,,,,,,,,,,,,,,,,romp010,,,,,,politician,,,1912,,,,,,,,,,,,
Q4532955,Hendrik Vuye,Hendrik Vuye,Hendrik Vuye,Hendrik Vuye,Hendrik Vuye,Hendrik Vuye,,Hendrik Vuye,male,1962-01-22,Hendrik,,,Hendrik Vuye,Hendrik Vuye,Hendrik Vuye,Hendrik Vuye,Hendrik Vuye,Hendrik Vuye,,,Hendrik Vuye,,,,,,0000 0003 9401 6937,261141581,1026504368,n98092513,,,,,217559271,,,,,,,,,,,,,,,,,,,,,,,,,,,,,,,,,,,,,,,,,,,,,,,,,,,,,,,,,,,,,,,,,,,,,,,,,,,,,,,,,,,,,,,,,,,,,,,,,,,,,,,,,,,,,,,,,,,,,,,,,,,,,,,,,,,,,,,,,,,,,,,,,,,,,,,,,,,,,,,,,,,,,,,,,,university teacher,,,,,n2016050446,,,,,,,,,,
Q454893,Annemie Turtelboom,Annemie Turtelboom,Annemie Turtelboom,Annemie Turtelboom,Annemie Turtelboom,Annemie Turtelboom,Annemie Turtelboom,Annemie Turtelboom,female,1967-11-22,Annemie,Annemie Turtelboom,Annemie Turtelboom,Annemie Turtelboom,Annemie Turtelboom,Annemie Turtelboom,Annemie Turtelboom,Annemie Turtelboom,Annemie Turtelboom,,,Annemie Turtelboom,Annemie Turtelboom,,,Annemie Turtelboom,https://upload.wikimedia.org/wikipedia/commons/3/3f/Annemie-turtelboom-1379350142.jpg,,316748807,,,,186064659,/m/0gjc22b,,,,,,,,,,,,,,,,,,,,,,,,,,,,,,,,,,,,,,,,,,,,,,,,,,,,,,,,,,Annemie Turtelboom,,,,,,,,,,,,,,,,,,,,,,,,,,,,,,,,,,,,,,,,,,,,,,,,,,,Annemie Turtelboom,,,,,,,,,,,Annemie Turtelboom,,ATurtelboom,,,,,,,,,,,,,,,,,,,,,,,,,,,,,,,,,,,,,,,,,,,,,,,,,,politician,,,,,,,,,,,,,,,
Q476596,Alexander De Croo,Alexander De Croo,Alexander De Croo,Alexander De Croo,Alexander De Croo,Alexander De Croo,Alexander De Croo,Alexander De Croo,male,1975-11-03,Alexander,Alexander De Croo,Alexander De Croo,Alexander De Croo,Alexander De Croo,Alexander De Croo,Alexander De Croo,Alexander De Croo,Alexander De Croo,,Category:Alexander De Croo,Alexander De Croo,Alexander De Croo,,,Alexander De Croo,https://upload.wikimedia.org/wikipedia/commons/3/33/Alexander_de_croo_675.jpg,,,,,,,/m/09k5z0r,http://www.alexanderdecroo.be/,,Alexander De Croo,Alexander De Croo,Alexander De Croo,Alexander De Croo,,,,,,,,,,,,,,,,,,,,,,,,,,,,アレクサンダー・デ・クロー,,,,,,,,,,,,,,,,,,,,,,,,Alexander De Croo,,,,,,,,,,,,,,,,,,,,,,,,,,,,,,,,,,,,,,,,,,,,,,,,,,,,,,,,,,,,,,,,,,,,,,,,,,,,,,,,,,,,,,,,,,,,,,,,,,,,,,,,,,,,,,,,,,politician,,4565,,,,,,,,,,,,,
Q518520,André Flahaut,André Flahaut,André Flahaut,André Flahaut,André Flahaut,André Flahaut,André Flahaut,André Flahaut,male,1955-08-18,André,,André Flahaut,André Flahaut,André Flahaut,André Flahaut,André Flahaut,André Flahaut,André Flahaut,,,André Flahaut,André Flahaut,,,André Flahaut,https://upload.wikimedia.org/wikipedia/commons/f/f4/Flahaut_010618-D-2987S-093_screen.jpg,,,,,,,/m/0krs8t,http://www.flahaut.be/,,,,,,,,,André Flahaut,,,,,,,,André Flahaut,,,,,,,,,,,,,,,,,,,,,,André Flahaut,,,,,,,,,,,,André Flahaut,,,,,,,,,,,,,,,,,,,,,,,,,,,,,,,,,,,,,,,,,,,,,,,,,,,,,,,,,,,Andre Flahaut,,,Andre Flahaut,,,,,,,,,,,,,,,,,,,,,,,,,,,,,,,,,,,,,,,,,,,,,,,,,,,,,André Flahaut,André Flahaut,6179,,,politician,,,,,,,,,,,,,,,
Q5237918,Alain Top,Alain Top,Alain Top,Alain Top,Alain Top,Alain Top,Alain Top,Alain Top,male,1965-12-21,Alain,,Alain Top,Alain Top,Alain Top,Alain Top,Alain Top,Alain Top,Alain Top,Alain Top,,,,,,,,,,,,,,,,,Alain Top,,,,,,,,,Alain Top,,,,,,,Alain Top,Alain Top,Alain Top,Alain Top,Alain Top,Alain Top,,,,,Alain Top,,,Alain Top,Alain Top,,,,Alain Top,Alain Top,Alain Top,Alain Top,Alain Top,,Alain Top,,,,,,,,,,,,,,,,,,,,,,,,,,,,Alain Top,Alain Top,Alain Top,Alain Top,Alain Top,Alain Top,Alain Top,Alain Top,Alain Top,Alain Top,Alain Top,Alain Top,Alain Top,Alain Top,Alain Top,Alain Top,Alain Top,Alain Top,Alain Top,Alain Top,Alain Top,Alain Top,Alain Top,Alain Top,Alain Top,Alain Top,Alain Top,Alain Top,Alain Top,Alain Top,Alain Top,Alain Top,Alain Top,Alain Top,Alain Top,Alain Top,Alain Top,Alain Top,Alain Top,Alain Top,Alain Top,Alain Top,Alain Top,,,,,,,,,,,,,,,,,,,,,,,,,,,,,,,,,,,,,,,,,,,,,,,,,,,,,,,,,,,politician,,,,,,,,,,,,,,,
Q524806,Nathalie Muylle,Nathalie Muylle,Nathalie Muylle,Nathalie Muylle,Nathalie Muylle,Nathalie Muylle,Nathalie Muylle,Nathalie Muylle,female,1969-02-08,Nathalie,,,Nathalie Muylle,Nathalie Muylle,Nathalie Muylle,Nathalie Muylle,Nathalie Muylle,,,,Nathalie Muylle,,,,,,,,,,,,,,,,,,,,,,,,,,,,,,,,,,,,,,,,,,,,,,,,,,,,,,,,,,,,,,,,,,,,,,,,,,,,,,,,,,,,,,,,,,,,,,,,,,,,,,,,,,,,,,,,,,,,,,,,,,,,,,,,,,,,,,,,,,,,,,,,,,,,,,,,,,,,,,,,,,,,,,,,,,,,,,,,,,,,,,,,politician,,,,,,,,,,,,,,,
Q549887,Vincent Van Quickenborne,Vincent Van Quickenborne,Vincent Van Quickenborne,Vincent Van Quickenborne,Vincent Van Quickenborne,Vincent Van Quickenborne,Vincent Van Quickenborne,Vincent Van Quickenborne,male,1973-08-01,Vincent,,Vincent Van Quickenborne,Vincent Van Quickenborne,Vincent Van Quickenborne,Vincent Van Quickenborne,Vincent Van Quickenborne,Vincent Van Quickenborne,Vincent Van Quickenborne,,Category:Vincent Van Quickenborne,Vincent Van Quickenborne,Vincent Van Quickenborne,,,Vincent Van Quickenborne,https://upload.wikimedia.org/wikipedia/commons/0/05/Vincent_Van_Quickenborne_-_Annual_Meeting_of_the_New_Champions_Dalian_2009.jpg,,,,,,,/m/08nyvx,http://www.Quickonomie.be/,,,,,,,,,,,,,,,,,,Vincent Van Quickenborne,,,,,,Винсент ван Квиккенборне,,,,,,,,,,,,,,,,,,,,,,,,,,,,,,,,,,,,,,,,,,,,,,,,,,,,,,,,,,,,,,,,,,,,,,,,,,,,,,,,,,,,Vincent Van Quickenborne,,,,,,,,,,,Vincent Van Quickenborne,,,,,,,,,,,,,,,,,,,,,,,,,,,,,,,,,,,,,,,,,,,,,,,,,,,,politician,,4115,2843,,,,,,,,,,,,
Q568259,Ahmed Laaouej,Ahmed Laaouej,Ahmed Laaouej,Ahmed Laaouej,Ahmed Laaouej,Ahmed Laaouej,Ahmed Laaouej,Ahmed Laaouej,male,1969-12-08,Ahmed,,,Ahmed Laaouej,,,,,,,Category:Ahmed Laaouej,,,,,,https://upload.wikimedia.org/wikipedia/commons/7/71/LaaouejWiki.jpg,,,,,,,,,,,,,,,,,,,,,,,,,,,,,,,,,,,,,,,,,,,,,,,,,,,,,,,,,,,,,,,,,,,,,,,,,,,,,,,,,,,,,,,,,,,,,,,,,,,,,,,,,,,,,,,,,,,,,,,,,,,,,,,,,,,,,,,,,,,,,,,,,,,,,,,,,,,,,,,,,,,,,,,,,,,,,,,,,,,politician,,4582,,,,,,,,,,,,,
Q587605,Muriel Gerkens,Muriel Gerkens,Muriel Gerkens,Muriel Gerkens,Muriel Gerkens,Muriel Gerkens,Muriel Gerkens,Muriel Gerkens,female,1957-04-25,Muriel,,,Muriel Gerkens,,,,,,,Muriel Gerkens,,,,,,https://upload.wikimedia.org/wikipedia/commons/4/49/Muriel-gerkens.JPG,,,,,,,,http://gerkensmuriel.be,,,,,,,,,,,,,,,,,,,,,,,,,,,,,,,,,,,,,,,,,,,,,,,,,,,,,,,,,,,,,,,,,,,,,,,,,,,,,,,,,,,,,,,,,,,,,,,,,,,,,,,,,,,,,,,,,,,,,,,,,,,,,,,,,,,,,,,,,,,,,,,,,,,,,,,,,,,,,,,,,,,,,,,,,,,politician,,,,,,,,,,,mailto:muriel.gerkens@ecolo.be,,,,
Q607864,Sonja Becq,Sonja Becq,Sonja Becq,Sonja Becq,Sonja Becq,Sonja Becq,Sonja Becq,Sonja Becq,female,1957-12-08,Sonja,,,Sonja Becq,,,,,,,,,Sonja Becq,,,,https://upload.wikimedia.org/wikipedia/commons/6/61/Sonja_becq.jpg,,,,,,,/m/0s8xp41,,,,,,,,,,,,,,,,,,,,,,,,,,,,,,,,,,,,,,,,,,,,,,,,,,,,,,,,,,,,,,,,,,,,,,,,,,,,,,,,,,,,,,,,,,,,,,,,,,,,,,,,,,,,,,,,,,,,,,,,,,,,,,,,,,,,,,,,,,,,,,,,,,,,,,,,,,,,,,,,,,,,,,,,,,,,politician,,,1749,,,,,,,,,,,,
Q678494,Olivier Maingain,Olivier Maingain,Olivier Maingain,Olivier Maingain,Olivier Maingain,Olivier Maingain,Olivier Maingain,Olivier Maingain,male,1958-08-03,Olivier,,Olivier Maingain,Olivier Maingain,Olivier Maingain,Olivier Maingain,Olivier Maingain,Olivier Maingain,Olivier Maingain,,,Olivier Maingain,Olivier Maingain,,,Olivier Maingain,,,,,,,,/m/0kryq_,http://maingain.be,,,,,,,,,,,,,,,,,,,,,,,,,,,,,,,,,,,,,,,,,,,,,,,,,,,,,,,,,,,,,,,,,,,,,,,,,,,,,,,,,,,,,,,,,,,,,,,,,,,,,,,,,,,,,,,,,,,,,,,,,,,,,,,,,,,,,,,,,,,,,,,,,,,,,,,,,,,,,,,,,,,,,,,,,,,politician,,,,,,,,,,,,,,,
Q679155,Philippe Blanchart,Philippe Blanchart,Philippe Blanchart,Philippe Blanchart,Philippe Blanchart,Philippe Blanchart,Philippe Blanchart,Philippe Blanchart,male,1983-02-13,Philippe,Philippe Blanchart,,Philippe Blanchart,,,,,,,,,,,,,,,,,,,,,http://www.philblanchart.be,,,,,,,,,,,,,,,,,,,,,,,,,,,,,,,,,,,,,,,,,,,,,,,,,,,,,,,,,,,,,,,,,,,,,,,,,,,,,,,,,,,,,,,,,,,,,,,,,,,,,,,,,,,,,,,,,,,,,,,,,,,,,,,,,,,,,,,,,,,,,,,,,,,,,,,,,,,,,,,,,,,,,,,,,,,politician,,,,,,,,,,,,,,,
Q704126,Benoît Lutgen,Benoît Lutgen,Benoît Lutgen,Benoît Lutgen,Benoît Lutgen,Benoît Lutgen,Benoît Lutgen,Benoît Lutgen,male,1970-03-10,Benoît,,Benoît Lutgen,Benoît Lutgen,Benoît Lutgen,Benoît Lutgen,Benoît Lutgen,Benoît Lutgen,Benoît Lutgen,,Category:Benoît Lutgen,Benoît Lutgen,Benoît Lutgen,,,Benoît Lutgen,https://upload.wikimedia.org/wikipedia/commons/f/f1/Benoît_Lutgen_(2007).jpg,,,,,,,/m/0j431m6,,,,,,,,,,,,,,,,,,,,,,,,,Бенуа Лютжен,,,,,,,Benoît Lutgen,,,,,,,,,,,,,,,,,,,,,,,,,,,,,,,,,,,,,,,,,,,,,,,,,,,,,,,,,,,,,,,,,,,,,,,,,,,,,,,Benoit Lutgen,,,Benoit Lutgen,,,,,,,,,,,,,,,,,,,,,,,,,,,,,,Benoît Lutgen,,,,,,,,,,,,,,,,,,,,,,,,,,,,politician,,,,,,,,,,,,,,,
Q733266,Kattrin Jadin,Kattrin Jadin,Kattrin Jadin,Kattrin Jadin,Kattrin Jadin,Kattrin Jadin,Kattrin Jadin,Kattrin Jadin,female,1980-07-01,,,Kattrin Jadin,Kattrin Jadin,Kattrin Jadin,Kattrin Jadin,Kattrin Jadin,Kattrin Jadin,,,,Kattrin Jadin,,,,Kattrin Jadin,,,,,,,,,http://www.jadin.be,,,,,,,,,,,,,,,,,,,,,,,,,,,,,,,,,,,,,,,,,,,,,,,,,,,,,,,,,,,,,,,,,,,,,,,,,,,,,,,,,,,,,,,,,,,,,,,,,,,,,,,,,,,,,,,,,,,,,,,,,,,,,,,,,,,,,,,,,,,,,,,,,,,,,,,,,,,,,,,,,,,,,,,,,,,politician,,,,,,,,,,,,,,,
Q748338,Fatma Pehlivan,Fatma Pehlivan,Fatma Pehlivan,Fatma Pehlivan,Fatma Pehlivan,Fatma Pehlivan,Fatma Pehlivan,Fatma Pehlivan,female,1957-09-01,Fatma,Fatma Pehlivan,,Fatma Pehlivan,,,,,Fatma Pehlivan,,,,,,,,,,16608680,,,,,,,,,,,,,,,,,,,,,,,,,,,,,,,,,,,,,,,,,,,,,,,,,,,,,,,,,,,,,,,,,,,,,,,,,,,,,,,,,,,,,,,,,,,,,,,,,,,,,,,,,,,,,,,,,,,,,,,,,,,,,,,,,,,,,,,,,,,,,,,,,,,,,,,,,,,,,,,,,,,,,,,,,,,,,,,,,politician,,4264,3420,,,,,,,,,,,,
Q837981,Dirk Van Mechelen,Dirk Van Mechelen,Dirk Van Mechelen,Dirk Van Mechelen,Dirk Van Mechelen,Dirk Van Mechelen,Dirk Van Mechelen,Dirk Van Mechelen,male,1957-08-27,Dirk,Dirk Van Mechelen,,Dirk Van Mechelen,,,,,Dirk Van Mechelen,,,,Dirk Van Mechelen,,,,https://upload.wikimedia.org/wikipedia/commons/7/7d/Dirk_Van_Mechelen.jpg,,,,,,,/m/0c96mr,,,,,,,,,,,,,,,,,,,,,,,,,,,,,,,,,,,,,,,,,,,Dirk van Mechelen,,,,,,,,,,,Dirk Van Mechelen,,,,,,,,,Dirk Van Mechelen,,,,,,,,,,,,,,,,,,,,,,,,,,,,,,,,,,,,,,,,,,,,,,,,,,,,,,,,,,,,,,,,,,,,,,,,,,,,,,,,,,,,,,,,,,,,,,,,,,,,,,,,,,,,,politician,,,1905,,,,,,,,,,,,
Q946183,Johan Vande Lanotte,Johan Vande Lanotte,Johan Vande Lanotte,Johan Vande Lanotte,Johan Vande Lanotte,Johan Vande Lanotte,Johan Vande Lanotte,Johan Vande Lanotte,male,1955-07-06,Johan,,Johan Vande Lanotte,Johan Vande Lanotte,Johan Vande Lanotte,Johan Vande Lanotte,Johan Vande Lanotte,Johan Vande Lanotte,Johan Vande Lanotte,,,Johan Vande Lanotte,Johan Vande Lanotte,,,Johan Vande Lanotte,https://upload.wikimedia.org/wikipedia/commons/6/60/Johan-vande-lanotte-1338926669.jpg,,264986993,1026535816,n85102123,,060555661,/m/025x9sy,http://www.johanvandelanotte.be/,071202080,,,,,約翰·範德拉諾特,约翰·范德拉诺特,,,,,,,,,,,,,,,,,,,,拉諾特,,,,,,,,,,,,,,,,,,,,,,,,,,,,,,Johan Vande Lanotte,,,,,,,,,,,,,,,,,,,,,,,,,,,,,,,,,,,,,,,,,,,,,,,,,,,Johan Vande Lanotte,,,,,,,,,,,Johan Vande Lanotte,,,,,,,,,,,,,,,,,,,,,,,,,,,,,,,,,,,,,,,,,,,,,,,,,,,,politician,,393,2612,Johan-Vande-Lanotte,,,,,,,,,,,
Q950958,Charles Michel,Charles Michel,Charles Michel,Charles Michel,Charles Michel,Charles Michel,Charles Michel (homme politique),Charles Michel,male,1975-12-21,Charles,,Charles Michel,Charles Michel,Charles Michel,Charles Michel,Charles Michel,Charles Michel,Charles Michel,Charles Michel,Category:Charles Michel (politician),Charles Michel,Charles Michel,Charles Michel,Charles Michel,Charles Michel,https://upload.wikimedia.org/wikipedia/commons/1/18/Charles_Michel_UNDP_2010.jpg,0000 0000 0314 2363,27309063,1105873587,,14567697c,,/m/03g_mtk,http://www.charlesmichel.be,,Charles Michel,Charles Michel,Charles Michel,Charles Michel,,,,Charles Michel,,,Шарл Мишел,Шарл Мишел,,,,Charles Michel,Charles Michel,Charles Michel,Charles Michel,Charles Michel,Charles Michel,Charles Michel,Шарль Мишель,Шарль Мішель,Σαρλ Μισέλ,夏尔·米歇尔,Charles Michel,샤를 미셸,Carolus Michel,Charles Michel,Charles Michel,シャルル・ミシェル,شارل ميشيل,שארל מישל,Charles Michel,Charles Michel,Charles Michel,Charles Michel,Charles Michel,شارل میشل,Charles Michel,Charles Michel,شارل ميشيل,Charles Michel,Charles Michel,Charles Michel,Σαρλ Μισέλ (πολιτικός),Charles Michel,شارل میشل,Charles Michel,שארל מישל,Charles Michel,Charles Michel,Charles Michel,Charles Michel,Charles Michel,シャルル・ミシェル,샤를 미셸,Carolus Michel,Charles Michel,Charles Michel,Charles Michel,"Мишель, Шарль",Категория:Шарль Мишель,Шарль Мішель,Charles Michel,夏尔·米歇尔,Michel,,,,,,,,,,Charles Michel,,,,,,,,,,,,,,,,,,,,,,,Charles Michel,,,,,,,,Charles Michel,,,Charles Michel,,,,,,,,,,Шарль Мішэль,,,Шарл Мишел,,,Шарль Мішэль,,,,,,,,,,,,Charles Michel,,Charles Michel,,Шарл Мишел,,,,,vjnw9zvglarc,,MR.CharlesMichel,,,,,,,,,,,,,,,,,Charles Michel,Charles Michel,politician,Charles Michel,,,,,,Շառլ Միշել,,,,,,,,
Q961911,Wouter Beke,Wouter Beke,Wouter Beke,Wouter Beke,Wouter Beke,Wouter Beke,Wouter Beke,Wouter Beke,male,1974-08-09,Wouter,,Wouter Beke,Wouter Beke,Wouter Beke,Wouter Beke,Wouter Beke,Wouter Beke,Wouter Beke,,Category:Wouter Beke,Wouter Beke,Wouter Beke,,,Wouter Beke,"https://upload.wikimedia.org/wikipedia/commons/8/89/Wouter_Beke,_voorzitter_CD&V.jpg",,311574905,1060812967,,,,/m/064lsbf,,,,,,,,,,,,,Ваутер Беке,Ваутер Беке,,,,,,,,,,,,,,,,,,,,,,,,,,,,,,,,,,,,,,,,,,,,Wouter Beke,,,,,,,,,,,,,,,,,,,,,,,,,,,,,,,,,,,,,,,,,,,,,,,,,,,,,,,,,,,,,,,,,,,,,,,,,,,,,,,,,,,,,,,,,,,,,,,,,,,,,,,,,,,,,,,,,,politician,,4403,,,,,,,,,,,,,
Q978208,Didier Reynders,Didier Reynders,Didier Reynders,Didier Reynders,Didier Reynders,Didier Reynders,Didier Reynders,Didier Reynders,male,1958-08-06,Didier,,Didier Reynders,Didier Reynders,Didier Reynders,Didier Reynders,Didier Reynders,Didier Reynders,Didier Reynders,,Category:Didier Reynders,Didier Reynders,Didier Reynders,,Didier Reynders,Didier Reynders,https://upload.wikimedia.org/wikipedia/commons/0/06/Didier_Reynders_par_Claude_Truong-Ngoc_avril_2015.jpg,,90481835,171877403,nb2009014250,,117379409,/m/0krxss,http://www.didier-reynders.be/,375870865,Didier Reynders,Didier Reynders,Didier Reynders,Didier Reynders,迪迪埃·雷恩代爾,迪迪埃·雷恩代尔,,Didier Reynders,,,Дидие Рендерс,Дидие Рендерс,,,,Didier Reynders,,,,,,Didier Reynders,,Дідьє Рейндерс,,迪迪埃·雷德爾斯,,,Desiderius Reynders,,,ディディエ・レンデルス,ديدييه رايندرز,,,,,,,دیدیه ریندرز,,,ديدييه رايندرز,,,,,,دیدیه ریندرز,,,,,,,Didier Reynders,,,Desiderius Reynders,,,,,,Дідьє Рейндерс,,,,,,,,,,,,,,,,,,,,,,,,,,,,,,,Didier Reynders,,,,,,,,,,,,,,,,,,,,,,,,,,,,,,,,,,,,,,,,,,,,,,,,,,,,,,,,,,,,,,,,,,,,,,,,,,politician,,,,,,,,,,,,,,,
