id,name__en,name__sq,name__nl,name__de,name__fr,name,wikipedia__en,wikipedia__sq,gender,birth_date,given_name,original_wikiname,name__es,name__hu,name__szl,name__uk,name__ro,name__it,name__pl,name__zh,name__ru,name__nb,name__da,name__nn,name__sv,wikipedia__de,wikipedia__it,wikipedia__pl,wikipedia__ro,wikipedia__ru,wikipedia__szl,wikipedia__uk,wikipedia__zh,identifier__VIAF,identifier__LCAuth,identifier__freebase,wikipedia__fr,name__hy,wikipedia__hy,image,name__bg,wikipedia__bg,wikipedia__da,name__vep,name__ckb,name__el,name__en_ca,name__en_gb,wikipedia__el,wikipedia__nl,wikipedia__sv,wikipedia__vep,identifier__ISNI,identifier__GND,identifier__IMDB,identifier__SUDOC,death_date,name__fi,name__tr,name__ka,name__hr,wikipedia__fi,wikipedia__hr,wikipedia__ka,wikipedia__tr,name__sh,wikipedia__sh,name__cs,wikipedia__cs,name__pt,name__oc,name__mk,name__io,wikipedia__es,wikipedia__io,wikipedia__mk,wikipedia__oc,wikipedia__pt,name__cy,name__af,name__an,name__ast,name__bar,name__br,name__bs,name__ca,name__co,name__eo,name__et,name__eu,name__fur,name__ga,name__gd,name__gl,name__gsw,name__is,name__lb,name__li,name__lij,name__lmo,name__lt,name__nap,name__nds,name__nds_nl,name__pcd,name__pms,name__rm,name__sc,name__scn,name__sco,name__sk,name__sl,name__vec,name__vls,name__wa,name__be,name__ko,name__he,name__sr,name__pt_br,name__ar,name__ty,name__ja,name__id,name__fa,name__az,name__ie,name__la,name__th,name__mr,wikipedia__ar,wikipedia__az,wikipedia__be,wikipedia__commons,wikipedia__et,wikipedia__fa,wikipedia__gl,wikipedia__he,wikipedia__hu,wikipedia__id,wikipedia__ie,wikipedia__ja,wikipedia__ko,wikipedia__la,wikipedia__lb,wikipedia__mr,wikipedia__no,wikipedia__sco,wikipedia__simple,wikipedia__sr,wikipedia__th,wikipedia__tl,wikipedia__ty,identifier__SBN_it,name__yo,name__lv,wikipedia__ast,wikipedia__bar,wikipedia__br,wikipedia__ca,wikipedia__cswikiquote,wikipedia__enwikiquote,wikipedia__eo,wikipedia__eu,wikipedia__ga,wikipedia__lmo,wikipedia__lv,wikipedia__nn,wikipedia__sl,wikipedia__sqwikiquote,wikipedia__yo,identifier__Munzinger,name__hi,name__sr_el,name__sr_ec,name__pa,name__mg,name__be_tarask,name__ms,wikipedia__als,wikipedia__be_x_old,wikipedia__hi,wikipedia__itwikiquote,wikipedia__mg,wikipedia__ms,wikipedia__pa,identifier__ULAN,name__tl,identifier__TED,last_seen,website,twitter,name__vi,identifier__AlloCine,identifier__allmovie,identifier__PORT,identifier__kinopoisk,facebook,identifier__filmportal_de,identifier__PACE,wikipedia__hsb,name__hsb,wikipedia__fawikiquote,occupation,identifier__google_knowledge,wikipedia__li
Q10953116,Gent Strazimiri,Gent Strazimiri,Gent Strazimiri,Gent Strazimiri,Gent Strazimiri,Gent Strazimiri,Gent Strazimiri,Gent Strazimiri,male,1972-10-06,Gent,Gent Strazimiri,Gent Strazimiri,Gent Strazimiri,,,,,,,,,,,,,,,,,,,,,,,,,,,,,,,,,,,,,,,,,,,,,,,,,,,,,,,,,,,,,,,,,,,,,,,,,,,,,,,,,,,,,,,,,,,,,,,,,,,,,,,,,,,,,,,,,,,,,,,,,,,,,,,,,,,,,,,,,,,,,,,,,,,,,,,,,,,,,,,,,,,,,,,,,,,,,,,,,,,,,,,,,,,,,,politician,,
Q1103899,Myqerem Tafaj,Myqerem Tafaj,Myqerem Tafaj,Myqerem Tafaj,Myqerem Tafaj,Myqerem Tafaj,Myqerem Tafaj,Myqerem Tafaj,male,1957-11-14,,Myqerem Tafaj,Myqerem Tafaj,Myqerem Tafaj,,,,Myqerem Tafaj,,,,,,,,Myqerem Tafaj,,,,,,,,,,/m/0g9vnzv,Myqerem Tafaj,,,,,,,,,,,,,,,,,,,,,,,,,,,,,,,,,,,,,,,,,,,,,,,,,,,,,,,,,,,,,,,,,,,,,,,,,,,,,,,,,,,,,,,,,,,,,,,,,,,,,,,,,,,,,,,,,,,,,,,,,,,,,,,,,,,,,,,,,,,,,,,,,,,,,,,,,,,,,,,,,,,,,,,politician,,
Q13037094,Arenca Trashani,Arenca Trashani,Arenca Trashani,Arenca Trashani,Arenca Trashani,Arenca Trashani,Arenca Trashani,Arenca Trashani,female,,,Arenca Trashani,,,,,,,,,,,,,,,,,,,,,,,,,,,,,,,,,,,,,,,,,,,,,,,,,,,,,,,,,,,,,,,,,,,,,,,,,,,,,,,,,,,,,,,,,,,,,,,,,,,,,,,,,,,,,,,,,,,,,,,,,,,,,,,,,,,,,,,,,,,,,,,,,,,,,,,,,,,,,,,,,,,,,,,,,,,,,,,,,,,,,,,,,,,,,,,,politician,,
Q13037125,,Armando Subashi,,,,Armando Subashi,,Armando Subashi,male,,Armando,Armando Subashi,,,,,,Armando Subashi,,,,,,,,,,,,,,,,,,,,,,,,,,,,,,,,,,,,,,,,,,,,,,,,,,,,,,,,,,,,,,,,,,,,,,,,,,,,,,,,,,,,,,,,,,,,,,,,,,,,,,,,,,,,,,,,,,,,,,,,,,,,,,,,,,,,,,,,,,,,,,,,,,,,,,,,,,,,,,,,,,,,,,,,,,,,,,,,,,,,,,,,,,,,
Q13037656,,Blendi Klosi,,,,Blendi Klosi,,Blendi Klosi,,,,Blendi Klosi,,,,,,,,,,,,,,,,,,,,,,,,,,,,,,,,,,,,,,,,,,,,,,,,,,,,,,,,,,,,,,,,,,,,,,,,,,,,,,,,,,,,,,,,,,,,,,,,,,,,,,,,,,,,,,,,,,,,,,,,,,Category:Blendi Klosi,,,,,,,,,,,,,,,,,,,,,,,,,,,,,,,,,,,,,,,,,,,,,,,,,,,,,,,,,,,,,,,,,,,,,,,,
Q13038485,Edmond Spaho,Edmond Spaho,Edmond Spaho,Edmond Spaho,Edmond Spaho,Edmond Spaho,Edmond Spaho,Edmond Spaho,male,,Edmond,Edmond Spaho,,,,,,,,,,,,,,,,,,,,,,,,,,,,,,,,,,,,,,,,,,,,,,,,,,,,,,,,,,,,,,,,,,,,,,,,,,,,,,,,,,,,,,,,,,,,,,,,,,,,,,,,,,,,,,,,,,,,,,,,,,,,,,,,,,,,,,,,,,,,,,,,,,,,,,,,,,,,,,,,,,,,,,,,,,,,,,,,,,,,,,,,,,,,,,,,politician,,
Q13038498,,Eduard Shalsi,,,,Eduard Shalsi,,Eduard Shalsi,male,,Eduard,Eduard Shalsi,,,,,,Eduard Shalsi,,,,,,,,,,,,,,,,,,,,,,,,,,,,,,,,,,,,,,,,,,,,,,,,,,,,,,,,,,,,,,,,,,,,,,,,,,,,,,,,,,,,,,,,,,,,,,,,,,,,,,,,,,,,,,,,,,,,,,,,,,,,,,,,,,,,,,,,,,,,,,,,,,,,,,,,,,,,,,,,,,,,,,,,,,,,,,,,,,,,,,,,,,,,
Q13038669,,Erion Braçe,Erion Braçe,Erion Braçe,Erion Braçe,Erion Braçe,,Erion Braçe,male,1972-04-02,Erion,Erion Braçe,,,,,,,,,,,,,,Erion Braçe,,,,,,,,,,,,,,,,,,,,,,,,,,,,,,,,,,,,,,,,,,,,,,,,,,,,,,,,,,,,,,,,,,,,,,,,,,,,,,,,,,,,,,,,,,,,,,,,,,,,,,,,,,,,,,,,,,,,,,,,,,,,,,,,,,,,,,,,,,,,,,,,,,,,,,,,,,,,,,,,,,,,,,,,,,,,,,,,,,,,
Q13038692,,Ervin Koçi,,,,Ervin Koçi,,Ervin Koçi,male,,,Ervin Koçi,,,,,,,,,,,,,,,,,,,,,,,,,,,,,,,,,,,,,,,,,,,,,,,,,,,,,,,,,,,,,,,,,,,,,,,,,,,,,,,,,,,,,,,,,,,,,,,,,,,,,,,,,,,,,,,,,,,,,,,,,,,,,,,,,,,,,,,,,,,,,,,,,,,,,,,,,,,,,,,,,,,,,,,,,,,,,,,,,,,,,,,,,,,,,,,,,,
Q13038930,,Fidel Ylli,,,,Fidel Ylli,,Fidel Ylli,,,,Fidel Ylli,,,,,,,,,,,,,,,,,,,,,,,,,,,,,,,,,,,,,,,,,,,,,,,,,,,,,,,,,,,,,,,,,,,,,,,,,,,,,,,,,,,,,,,,,,,,,,,,,,,,,,,,,,,,,,,,,,,,,,,,,,,,,,,,,,,,,,,,,,,,,,,,,,,,,,,,,,,,,,,,,,,,,,,,,,,,,,,,,,,,,,,,,,,,,,,,,,
Q13040130,Ilir Gjoni,Ilir Gjoni,,,,Ilir Gjoni,Ilir Gjoni,Ilir Gjoni,male,,,Ilir Gjoni,,,,,,,,,,,,,,,,,,,,,,,,,,,,,,,,,,,,,,,,,,,,,,,,,,,,,,,,,,,,,,,,,,,,,,,,,,,,,,,,,,,,,,,,,,,,,,,,,,,,,,,,,,,,,,,,,,,,,,,,,,,,,,,,,,,,,,,,,,,,,,,,,,,,,,,,,,,,,,,,,,,,,,,,,,,,,,,,,,,,,,,,,,,,,,,,,,
Q13041103,Kreshnik Çipi,Kreshnik Çipi,Kreshnik Çipi,Kreshnik Çipi,Kreshnik Çipi,Kreshnik Çipi,Kreshnik Çipi,Kreshnik Çipi,male,1958,Kreshnik,Kreshnik Çipi,,,,,,,,,,,,,,,,,,,,,,,,,,,,,,,,,,,,,,,,,,,,,,,,,,,,,,,,,,,,,,,,,,,,,,,,,,,,,,,,,,,,,,,,,,,,,,,,,,,,,,,,,,,,,,,,,,,,,,,,,,,,,,,,,,,,,,,,,,,,,,,,,,,,,,,,,,,,,,,,,,,,,,,,,,,,,,,,,,,,,,,,,,,,,,,,association football player,,
Q13046875,Tom Doshi,Tom Doshi,Tom Doshi,,Tom Doshi,Tom Doshi,Tom Doshi,Tom Doshi,male,1966-06-06,Tom,Tom Doshi,,,,,,,,,,,,,,,,,,,,,,,,,,,,,,,,,,,,,,,,,,,,,,,,,,,,,,,,,,,,,,,,,,,,,,,,,,,,,,,,,,,,,,,,,,,,,,,,,,,,,,,,,,,,,,,,,,,,,,,,,,,,,,,,,,,,,,,,,,,,,,,,,,,,,,,,,,,,,,,,,,,,,,,,,,,,,,,,,,,,,,,,,,,,,,,,politician,,
Q13560214,Mesila Doda,Mesila Doda,Mesila Doda,Mesila Doda,Mesila Doda,Mesila Doda,Mesila Doda,Mesila Doda,female,,,Mesila Doda,Mesila Doda,Mesila Doda,,,,,,,,,,,,,,,,,,,,,,,,,,,,,,,,,,,,,,,,,,,,,,,,,,,,,,,,,,,,,,,,,,,,,,,,,,,,,,,,,,,,,,,,,,,,,,,,,,,,,,,,,,,,,,,,,,,,,,,,,,,,,,,,,,,,,,,,,,,,,,,,,,,,,,,,,,,,,,,,,,,,,,,,,,,,,,,,,,,,,,,,,,,,,,politician,,
Q14941831,Ditmir Bushati,Ditmir Bushati,Ditmir Bushati,Ditmir Bushati,Ditmir Bushati,Ditmir Bushati,Ditmir Bushati,Ditmir Bushati,male,1977-03-24,,Ditmir Bushati,,,,Дітмір Бушаті,,Ditmir Bushati,Ditmir Bushati,,"Бушати, Дитмир",,,,Ditmir Bushati,Ditmir Bushati,Ditmir Bushati,Ditmir Bushati,,"Бушати, Дитмир",,Дітмір Бушаті,,16998365,,/m/0wrgcbx,Ditmir Bushati,Դիտմիր Բուշատի,Դիտմիր Բուշատի,https://upload.wikimedia.org/wikipedia/commons/0/06/Ditmir_Bushati_2014_(cropped).jpg,,,,,,Ντιτμίρ Μπουσάτι,Ditmir Bushati,Ditmir Bushati,Ντιτμίρ Μπουσάτι,,Ditmir Bushati,,,,,,,,,,,,,,,,,,,Ditmir Bushati,,,,,,,,Ditmir Bushati,,,,,,,,,,,,,,,,,,,,,,,,,,,,,,,,,,,,,,,,,,Ditmir Bushati,,,,,,,,Ditmir Bushati,,,,,,Category:Ditmir Bushati,,,,,,,,,,Ditmir Bushati,,,,,,,,,,,,,,,,,,,,,,,,,,,,,,,,,,,,,,,,,,,,,,,,ditmirbushati,,,,,,,,,,,,politician,,
Q16218853,Jorida Tabaku,Jorida Tabaku,Jorida Tabaku,Jorida Tabaku,Jorida Tabaku,Jorida Tabaku,Jorida Tabaku,Jorida Tabaku,female,1979-07-01,,Jorida Tabaku,,,,,,,,,,,,,,,,,,,,,,,,,,,,https://upload.wikimedia.org/wikipedia/commons/d/db/Jorida_Tabaku.jpg,,,,,,,,,,,,,,,,,,,,,,,,,,,,,,,,,,,,,,,,,,,,,,,,,,,,,,,,,,,,,,,,,,,,,,,,,,,,,,,,,,,,,,,,,,,,,,,,,,,,,,,,,,,,,,,,,,,,,,,,,,,,,,,,,,,,,,,,,,,,,,,,,,,,,,,,,,,,,,,,,,,,politician,,
Q16234001,Mark Marku,,Mark Marku,Mark Marku,Mark Marku,Mark Marku,Mark Marku,,male,1991-12-06,Mark,Mark Marku,,,,,,,,,,,,,Mark Marku,,,,,,,,,,,,,,,,,,,,,,,,,,Mark Marku,,,,,,,,,,,,,,,Mark Marku,,,,,,,,,,,,,,,,,,,,,,,,,,,,,,,,,,,,,,,,,,,,,,,,,,,,,,,,,,,,,,,,,,,,,,,,,,,,,,,,,,,,,,,,,,,,,,,,,,,,,,,,,,,,,,,,,,,,,,,,,,,,,,,,,,,,,,,,,,singer,,
Q16348942,,Arben Çuko,,,,Arben Çuko,,Arben Çuko,,,,Arben Çuko,,,,,,,,,,,,,,,,,,,,,,,,,,,,,,,,,,,,,,,,,,,,,,,,,,,,,,,,,,,,,,,,,,,,,,,,,,,,,,,,,,,,,,,,,,,,,,,,,,,,,,,,,,,,,,,,,,,,,,,,,,,,,,,,,,,,,,,,,,,,,,,,,,,,,,,,,,,,,,,,,,,,,,,,,,,,,,,,,,,,,,,,,,,,,,,,,,
Q16349461,,Astrit Veliaj,,,,Astrit Veliaj,,Astrit Veliaj,,,,Astrit Veliaj,,,,,,,,,,,,,,,,,,,,,,,,,,,,,,,,,,,,,,,,,,,,,,,,,,,,,,,,,,,,,,,,,,,,,,,,,,,,,,,,,,,,,,,,,,,,,,,,,,,,,,,,,,,,,,,,,,,,,,,,,,,,,,,,,,,,,,,,,,,,,,,,,,,,,,,,,,,,,,,,,,,,,,,,,,,,,,,,,,,,,,,,,,,,,,,,,,
Q16353492,Edi Paloka,Edi Paloka,Edi Paloka,Edi Paloka,Edi Paloka,Edi Paloka,Edi Paloka,Edi Paloka,male,,Edi,Edi Paloka,,,,,,,,,,,,,,,,,,,,,,,,,,,,,,,,,,,,,,,,,,,,,,,,,,,,,,,,,,,,,,,,,,,,,,,,,,,,,,,,,,,,,,,,,,,,,,,,,,,,,,,,,,,,,,,,,,,,,,,,,,,,,,,,,,,,,,,,,,,,,,,,,,,,,,,,,,,,,,,,,,,,,,,,,,,,,,,,,,,,,,,,,,,,,,,,politician,,
Q16354925,Fatmir Toçi,Fatmir Toçi,,Fatmir Toçi,Fatmir Toçi,Fatmir Toçi,Fatmir Toçi,Fatmir Toçi,male,1958-04-24,Fatmir,Fatmir Toçi,,,,,,,,,,,,,,,,,,,,,,,,,,,,,,,,,,,,,,,,,,,,,,,,,,,,,,,,,,,,,,,,,,,,,,,,,,,,,,,,,,,,,,,,,,,,,,,,,,,,,,,,,,,,,,,,,,,,,,,,,,,,,,,,,,,,,,,,,,,,,,,,,,,,,,,,,,,,,,,,,,,,,,,,,,,,,,,,,,,http://www.parlament.al/deputet/fatmir-toci/,,,,,,,,,,,,,,,
Q16354928,Fatmir Xhafaj,Fatmir Xhafaj,,,,Fatmir Xhafaj,Fatmir Xhafaj,Fatmir Xhafaj,male,1959-05-17,,Fatmir Xhafaj,,,,,,,,,,,,,,,,,,,,,,,,,,,,,,,,,,,,,,,,,,,,,,,,,,,,,,,,,,,,,,,,,,,,,,,,,,,,,,,,,,,,,,,,,,,,,,,,,,,,,,,,,,,,,,,,,,,,,,,,,,,,,,,,,,,,,,,,,,,,,,,,,,,,,,,,,,,,,,,,,,,,,,,,,,,,,,,,,,,,,,,,,,,,,,,,,,
Q16356768,,Gjovalin Kadeli,,,,Gjovalin Kadeli,,Gjovalin Kadeli,,,,Gjovalin Kadeli,,,,,,,,,,,,,,,,,,,,,,,,,,,,,,,,,,,,,,,,,,,,,,,,,,,,,,,,,,,,,,,,,,,,,,,,,,,,,,,,,,,,,,,,,,,,,,,,,,,,,,,,,,,,,,,,,,,,,,,,,,,,,,,,,,,,,,,,,,,,,,,,,,,,,,,,,,,,,,,,,,,,,,,,,,,,,,,,,,,,,,,,,,,,,,,,,,
Q16357516,Halim Kosova,Halim Kosova,,,,Halim Kosova,,Halim Kosova,male,,Halim,Halim Kosova,,,,,,,,,,,,,,,,,,,,,,,,,,,,,,,,,,,,,,,,,,,,,,,,,,,,,,,,,,,,,,,,,,,,,,,,,,,,,,,,,,,,,,,,,,,,,,,,,,,,,,,,,,,,,,,,,,,,,,,,,,,,,,,,,,,,,,,,,,,,,,,,,,,,,,,,,,,,,,,,,,,,,,,,,,,,,,,,,,,,,,,,,,,,,,,,,,
Q16358728,Ismail Hoxha,Ismail Hoxha,Ismail Hoxha,Ismail Hoxha,Ismail Hoxha,Ismail Hoxha,Ismail Hoxha,Ismail Hoxha,male,,Ismail,Ismail Hoxha,,,,,,,,,,,,,,,,,,,,,,,,,,,,,,,,,,,,,,,,,,,,,,,,,,,,,,,,,,,,,,,,,,,,,,,,,,,,,,,,,,,,,,,,,,,,,,,,,,,,,,,,,,,,,,,,,,,,,,,,,,,,,,,,,,,,,,,,,,,,,,,,,,,,,,,,,,,,,,,,,,,,,,,,,,,,,,,,,,,,,,,,,,,,,,,,politician,,
Q16360768,Valentina Leskaj,Valentina Leskaj,,Valentina Leskaj,Valentina Leskaj,Valentina Leskaj,,Valentina Leskaj,female,,Valentina,Valentina Leskaj,,,,,,,,,,,,,,,,,,,,,,,,,,,,,,,,,,,,,,,,,,,,,,,,,,,,,,,,,,,,,,,,,,,,,,,,,,,,,,,,,,,,,,,,,,,,,,,,,,,,,,,,,,,,,,,,,,,,,,,,,,,,,,,,,,,,,,,,,,,,,,,,,,,,,,,,,,,,,,,,,,,,,,,,,,,,,,,,,,,,,,,,,,,,,,,,,,
Q16361781,,Liljana Elmazi,,,,Liljana Elmazi,,Liljana Elmazi,female,,,Liljana Elmazi,,,,,,,,,,,,,,,,,,,,,,,,,,,,,,,,,,,,,,,,,,,,,,,,,,,,,,,,,,,,,,,,,,,,,,,,,,,,,,,,,,,,,,,,,,,,,,,,,,,,,,,,,,,,,,,,,,,,,,,,,,,,,,,,,,,,,,,,,,,,,,,,,,,,,,,,,,,,,,,,,,,,,,,,,,,,,,,,,,,,,,,,,,,,,,,,,,
Q16363070,Luan Rama,"Luan Rama,Paris",,Luan Rama,Luan Rama,Luan Rama,,Luan Rama,,,,Luan Rama,,,,,,,Luan Rama,,,,,,,,,,,,,,,,,,,,,,,,,,,,,,,,,,,,,,,,,,Luan Rama,,,,,,,Luan Rama,,,,,,,,,,,,,,,,,,,,,,,,,,,,,,,,,,,,,,,,,,,Luan Rama,,,,,,,,,,,,,,,,,,,,,,,,,,,,,,,,,,,,,,,,,,,,,,,,,,,,,,,,,,,,,,,,,,,,,,,,,,,,,,,,,,,,,,,,,,,,,,,
Q16735644,Ilir Beqja,Ilir Beqaj,Ilir Beqaj,Ilir Beqja,Ilir Beqaj,Ilir Beqja,Ilir Beqaj,Ilir Beqaj,male,1968-02-18,,Ilir Beqja,,,,,,Ilir Beqaj,,,,,,,,,,,,,,,,,,,Ilir Beqaj,,,,,,,,,,,,,,,,,,,,,,,,,,,,,,,,,,,,,,,,,,,,,,,,,,,,,,,,,,,,,,,,,,,,,,,,,,,,,,,,,,,,,,,,,,,,,,,,,,,,,,,,,,,,,,,,,,,,,,,,,,,,,,,,,,,,,,,,,,,,,,,,,,,,,,,,,,,,,,,,,,,,,,,politician,,
Q16855243,Mimi Kodheli,Mimi Kodheli,Mimi Kodheli,Mimi Kodheli,Mimi Kodheli,Mimi Kodheli,Mimi Kodheli,Mimi Kodheli,female,1964-09-11,Mimi,Mimi Kodheli,,,,Мімі Кодхелі,,Mimi Kodheli,Mimi Kodheli,,"Участник:Villarreal9/Кодели, Мими",,,,Mimi Kodheli,Mimi Kodheli,,Mimi Kodheli,,"Кодели, Мими",,Мімі Кодхелі,,,,,Mimi Kodheli,Միմի Կոդհելի,Միմի Կոդհելի,https://upload.wikimedia.org/wikipedia/commons/7/77/Mimi_Kodheli.jpg,Мими Кодели,Мими Кодели,,,,,,,,,Mimi Kodheli,,,,,,,,Mimi Kodheli,,,,,,Mimi Kodheli,,,Mimi Kodheli,Mimi Kodheli,,,,,,,,,,,,,,,,,,,,,,,,,,,,,,,,,,,,,,,,,,,,,,,,,,,,,,,,,,,,,,,,,,,,,,,,,,,,,,,,,,,,,,,,,,,,,,,,,,,,,,,,,,,,,,,,,,,,,,,,,,,,,,,,,,,,,,,politician,,
Q16976102,Selami Xhepa,Selami Xhepa,Selami Xhepa,Selami Xhepa,Selami Xhepa,Selami Xhepa,Selami Xhepa,Selami Xhepa,,,,Selami Xhepa,,,,,,,,,,,,,,,,,,,,,,,,,,,,,,,,,,,,,,,,,,,,,,,,,,,,,,,,,,,,,,,,,,,,,,,,,,,,,,,,,,,,,,,,,,,,,,,,,,,,,,,,,,,,,,,,,,,,,,,,,,,,,,,,,,,,,,,,,,,,,,,,,,,,,,,,,,,,,,,,,,,,,,,,,,,,,,,,,,,,,,,,,,,,,,,,politician,,
Q1713423,Shpëtim Idrizi,Shpëtim Idrizi,Shpëtim Idrizi,Shpëtim Idrizi,Shpëtim Idrizi,Shpëtim Idrizi,Shpëtim Idrizi,Shpëtim Idrizi,male,1967-07-07,,Shpëtim Idrizi,Shpëtim Idrizi,Shpëtim Idrizi,,,,,,,,,,,,Shpëtim Idrizi,,,,,,,,311733422,,,,,,,,,,,,,,,,,,,,,,,,,,,,,,,,,,,,,,,,,,,,,,,,,,,,,,,,,,,,,,,,,,,,,,,,,,,,,,,,,,,,,,,,,,,,,,,,,,,,,,,,,,,,,,,,,,,,,,,,,,,,,,,,,,,,,,,,,,,,,,,,,,,,,,,,,,,,,,,,,,,,,,,,,,politician,,
Q1722312,Kastriot Islami,Kastriot Islami,Kastriot Islami,Kastriot Islami,Kastriot Islami,Kastriot Islami,Kastriot Islami,Kastriot Islami,male,1952-08-18,Kastriot,Kastriot Islami,Kastriot Islami,Kastriot Islami,,Кастріот Ісламі,,Kastriot Islami,Kastriot Islami,,"Ислами, Кастриот",Kastriot Islami,Kastriot Islami,Kastriot Islami,Kastriot Islami,Kastriot Islami,,Kastriot Islami,,"Ислами, Кастриот",,Кастріот Ісламі,,11651698,n2001041202,/m/035tzd,Kastriot Islami,,,,,,,,,,,,,,Kastriot Islami,,,,,,,,,კასტრიოტ ისლამი,,,,კასტრიოტ ისლამი,,,,,,,,,,,,,,,,,,,,,,,,,,,,,,,,,,,,,,,,,,,,,,,,,,,,,,,,,,,,,کاستریوت ایزلامی,,,,,,,,,,,کاستریوت اسلامی,,,,,,,,,,,,,,,,,,,,,,,,,,,,,,,,,,,,,,,,,,,,,,,,,,,,,,,,,,,,,,,,,,,,physicist,,
Q1727869,Vanghel Dule,,Vanghel Dule,Vangjel Dule,Vangjel Dule,Vanghel Dule,Vangjel Dule,,male,1968-11-18,,Vangjel Dule,,,,,,,,,Вангел Дуле,,,,,Vangjel Dule,,,,,,,,,,,,,,https://upload.wikimedia.org/wikipedia/commons/e/e8/Vangjel_Dule.jpg,,,,,,Βαγγέλης Ντούλες,,,,,,,,,,,,,,,,,,,,,,,,,,,,,,,,,,,,,,,,,,,,,,,,,,,,,,,,,,,,,,,,,,,,,,,,,,,,,,,,,,,,,,,,Category:Vangjel Dule,,,,,,,,,,,,,,,,,,,,,,,,,,,,,,,,,,,,,,,,,,,,,,,,,,,,,,,,,,,,,,,,,,4787,,,,politician,/g/11r7p_bt_,
Q1877224,Lulzim Basha,Lulzim Basha,Lulzim Basha,Lulzim Basha,Lulzim Basha,Lulzim Basha,Lulzim Basha,Lulzim Basha,male,1974-06-12,,Lulzim Basha,Lulzim Basha,Lulzim Basha,,Лулзім Баша,,Lulzim Basha,Lulzim Basha,,"Баша, Лулзим",Lulzim Basha,Lulzim Basha,Lulzim Basha,Lulzim Basha,Lulzim Basha,Lulzim Basha,Lulzim Basha,,"Баша, Лулзим",,Лулзім Баша,,187305366,,/m/03g_nq5,Lulzim Basha,,,https://upload.wikimedia.org/wikipedia/commons/a/ac/Lulzim_Basha_2012.jpg,,,,Baša Lulzim,لولزيم باشا,Λουλζίμ Μπασά,Lulzim Basha,Lulzim Basha,Λουλζίμ Μπασά,Lulzim Basha,Lulzim Basha,Baša Lulzim,0000 0001 4067 6556,1015762271,,,,,,,,,,,,,,,,,,,,,,,,,,,,,,,,,,,,,,,,,,,,,,,,,,,,,,,,,,,,,,,,,,,,,,,,,,,,,,,,,,,,,,,,,,,,,,,,,,,,,,,,,,,,,,,,,,,,,,,,,,,,,,,,,,,,,,,,,,,,,,,,Tirana2011,,,,,,politician,,
Q20572608,Albina Deda,Albina Deda,Albina Deda,,,Albina Deda,,Albina Deda,female,,Albina,Albina Deda,,,,,,,,,,,,,,,,,,,,,,,,,,,,,,,,,,,,,,,,,,,,,,,,,,,,,,,,,,,,,,,,,,,,,,,,,,,,,,,,,,,,,,,,,,,,,,,,,,,,,,,,,,,,,,,,,,,,,,,,,,,,,,,,,,,,,,,,,,,,,,,,,,,,,,,,,,,,,,,,,,,,,,,,,,,,,,,,,,,,,,,,,,,,,,,,,,
Q20574035,,Eleina Qirici,,,,Eleina Qirici,,Eleina Qirici,,,,Eleina Qirici,,,,,,,,,,,,,,,,,,,,,,,,,,,,,,,,,,,,,,,,,,,,,,,,,,,,,,,,,,,,,,,,,,,,,,,,,,,,,,,,,,,,,,,,,,,,,,,,,,,,,,,,,,,,,,,,,,,,,,,,,,,,,,,,,,,,,,,,,,,,,,,,,,,,,,,,,,,,,,,,,,,,,,,,,,,,,,,,,,,,,,,,,,,,,,,,,,
Q20575207,,Helidon Bushati,,,,Helidon Bushati,,Helidon Bushati,,,,Helidon Bushati,,,,,,,,,,,,,,,,,,,,,,,,,,,,,,,,,,,,,,,,,,,,,,,,,,,,,,,,,,,,,,,,,,,,,,,,,,,,,,,,,,,,,,,,,,,,,,,,,,,,,,,,,,,,,,,,,,,,,,,,,,,,,,,,,,,,,,,,,,,,,,,,,,,,,,,,,,,,,,,,,,,,,,,,,,,,,,,,,,,,,,,,,,,,,,,,,,
Q20575623,,Keltis Kruja,,,,Keltis Kruja,,Keltis Kruja,,,,Keltis Kruja,,,,,,,,,,,,,,,,,,,,,,,,,,,,,,,,,,,,,,,,,,,,,,,,,,,,,,,,,,,,,,,,,,,,,,,,,,,,,,,,,,,,,,,,,,,,,,,,,,,,,,,,,,,,,,,,,,,,,,,,,,,,,,,,,,,,,,,,,,,,,,,,,,,,,,,,,,,,,,,,,,,,,,,,,,,,,,,,,,,,,,,,,,,,,,,,,,
Q20577429,Oerd Bylykbashi,Oerd Bylykbashi,Oerd Bylykbashi,Oerd Bylykbashi,,Oerd Bylykbashi,,Oerd Bylykbashi,,,,Oerd Bylykbashi,,,,,,,,,,,,,,,,,,,,,,,,,,,,,,,,,,,,,,,,,,,,,,,,,,,,,,,,,,,,,,,,,,,,,,,,,,,,,,,,,,,,,,,,,,,,,,,,,,,,,,,,,,,,,,,,,,,,,,,,,,,,,,,,,,,,,,,,,,,,,,,,,,,,,,,,,,,,,,,,,,,,,,,,,,,,,,,,,,,,,,,,,,,,,,,,,,
Q20579243,,Voltana Ademi,,,,Voltana Ademi,,Voltana Ademi,,,,Voltana Ademi,,,,,,,,,,,,,,,,,,,,,,,,,,,,,,,,,,,,,,,,,,,,,,,,,,,,,,,,,,,,,,,,,,,,,,,,,,,,,,,,,,,,,,,,,,,,,,,,,,,,,,,,,,,,,,,,,,,,,,,,,,,,,,,,,,,,,,,,,,,,,,,,,,,,,,,,,,,,,,,,,,,,,,,,,,,,,,,,,,,,,,,,,,,,,,,,,,
Q25568967,Roland Keta,Roland Keta,Roland Keta,,,Roland Keta,,Roland Keta,,,,Roland Keta,,,,,,,,,,,,,,,,,,,,,,,,,,,,,,,,,,,,,,,,,,,,,,,,,,,,,,,,,,,,,,,,,,,,,,,,,,,,,,,,,,,,,,,,,,,,,,,,,,,,,,,,,,,,,,,,,,,,,,,,,,,,,,,,,,,,,,,,,,,,,,,,,,,,,,,,,,,,,,,,,,,,,,,,,,,,,,,,,,,,,,,,,,,,,,,,politician,,
Q25568982,,Kozma Dashi,,,,Kozma Dashi,,Kozma Dashi,male,,,Kozma Dashi,,,,,,,,,,,,,,,,,,,,,,,,,,,,,,,,,,,,,,,,,,,,,,,,,,,,,,,,,,,,,,,,,,,,,,,,,,,,,,,,,,,,,,,,,,,,,,,,,,,,,,,,,,,,,,,,,,,,,,,,,,,,,,,,,,,,,,,,,,,,,,,,,,,,,,,,,,,,,,,,,,,,,,,,,,,,,,,,,,,,,,,,,,,,,,,,politician,,
Q25569008,Gjovalin Bzheta,Gjovalin Bzheta,Gjovalin Bzheta,,,Gjovalin Bzheta,,Gjovalin Bzheta,male,,,Gjovalin Bzheta,,,,,,,,,,,,,,,,,,,,,,,,,,,,https://upload.wikimedia.org/wikipedia/commons/5/5d/Gjovalin_Bzheta.jpg,,,,,,,,,,,,,,,,,,,,,,,,,,,,,,,,,,,,,,,,,,,,,,,,,,,,,,,,,,,,,,,,,,,,,,,,,,,,,,,,,,,,,,,,,,,,,,,,,,,,,,,,,,,,,,,,,,,,,,,,,,,,,,,,,,,,,,,,,,,,,,,,,,,,,,,,,,,,,,,,,,,,politician,,
Q2832310,Aldo Bumçi,Aldo Bumçi,Aldo Bumçi,Aldo Bumçi,Aldo Bumçi,Aldo Bumçi,Aldo Bumçi,Aldo Bumçi,male,1974-06-11,Aldo,Aldo Bumçi,Aldo Bumçi,Aldo Bumçi,,Альдо Бумчі,,Aldo Bumçi,Aldo Bumçi,,"Бумчи, Альдо",,,,Aldo Bumçi,Aldo Bumçi,,Aldo Bumçi,,"Бумчи, Альдо",,Альдо Бумчі,,100502461,,/m/03c35nz,Aldo Bumçi,,,https://upload.wikimedia.org/wikipedia/commons/1/14/Aldo_Bumçi5.JPG,,,,,,,,,,,Aldo Bumçi,,,,,,,,,,,,,,,,,,,,,,,,,,,,,,,,,,,,,,,,,,,,,,,,,,,,,,,,,,,,,,,,,,,,,,,,,,,,,,,,,,,,,,,,,,,,,,,,,,,,,,,,,,,,,,,,,,,,,,,,,,,,,,,,,,,,,,,,,,,,,,,,,,,,,,,,,politician,,
Q316901,Edi Rama,Edi Rama,Edi Rama,Edi Rama,Edi Rama,Edi Rama,Edi Rama,Edi Rama,male,1964-07-04,Edi,Edi Rama,Edi Rama,Edi Rama,,Еді Рама,Edi Rama,Edi Rama,Edi Rama,埃迪·拉马,"Рама, Эди",Edi Rama,Edi Rama,Edi Rama,Edi Rama,Edi Rama,Edi Rama,Edi Rama,Edi Rama,"Рама, Эди",,Еді Рама,埃迪·拉马,7805687,n97122887,/m/01pkks,Edi Rama,Էդի Ռամա,Էդի Ռամա,https://upload.wikimedia.org/wikipedia/commons/a/ae/Edi_Rama2.jpg,Еди Рама,Еди Рама,Edi Rama,,,Έντι Ράμα,,,Έντι Ράμα,Edi Rama,Edi Rama,,0000 0001 2119 7533,103717714,,170691047,,Edi Rama,Edi Rama,ედი რამა,,Edi Rama,,ედი რამა,Edi Rama,Edi Rama,Edi Rama,,,Edi Rama,,Еди Рама,Edi Rama,Edi Rama,Edi Rama,Еди Рама,,Edi Rama,,,,Edi Rama,,,,Edi Rama,,Edi Rama,Edi Rama,,,,,,Edi Rama,,,,,,,,,,,,,,,Edi Rama,,,,,,Эдзі Рама,에디 라마,,Edi Rama,,إيدي راما,,エディ・ラマ,Edi Rama,ادی راما,,Edi Rama,Edi Rama,,एदी रामा,إيدي راما,,Эдзі Рама,Category:Edi Rama,Edi Rama,ادی راما,,,,Edi Rama,Edi Rama,,에디 라마,Edi Rama,,एदी रामा,,Edi Rama,Edi Rama,Edi Rama,,Edi Rama,,,,Edi Rama,Edi Rama,,,Edi Rama,,,Edi Rama,,,,Edi Rama,,,,,00000026295,एदि रामा,Edi Rama,Еди Рама,ਏਦਿ ਰਾਮਾ,Edi Rama,Эдзі Рама,Edi Rama,Edi Rama,Эдзі Рама,एदि रामा,Edi Rama,Edi Rama,Edi Rama,ਏਡੀ ਰਾਮਾ,500278925,Edi Rama,edi_rama,,,,Edi Rama,,,,,,,,Edi Rama,Edi Rama,ادی راما,politician,,
Q321753,Majlinda Bregu,Majlinda Bregu,Majlinda Bregu,Majlinda Bregu,Majlinda Bregu,Majlinda Bregu,Majlinda Bregu,Majlinda Bregu,female,1974-05-19,Majlinda,Majlinda Bregu,Majlinda Bregu,Majlinda Bregu,,Майлінда Брегу,,Majlinda Bregu,Majlinda Bregu,,"Брегу, Майлинда",,,,,Majlinda Bregu,,Majlinda Bregu,,"Брегу, Майлинда",,Майлінда Брегу,,307339828,,/m/0g9yrb7,Majlinda Bregu,,,https://upload.wikimedia.org/wikipedia/commons/f/fe/Majlinda_Bregu_2011.jpg,,,,,,,,,,,,,,,,,,,,,,,,,,,,,,,,,,,,,,,,,,,,,,,,,,,,,,,,,,,,,,,,,,,,,,,,,,,,,,,,,,,,,,,,,,,,,,,,,,,,,,,,,,,,,,,,,,IT\ICCU\CFIV\261207,,,,,,,,,,,,,,,,,,,,,,,,,,,,,,,,,,,,,,,,,,,,,,,,,,politician,,
Q3299466,Genc Pollo,Genc Pollo,Genc Pollo,Genc Pollo,Genc Pollo,Genc Pollo,Genc Pollo,Genc Pollo,male,1963-04-07,Genc,Genc Pollo,Genc Pollo,Genc Pollo,,Генц Поло,,,Genc Pollo,,"Поло, Генц",,Genc Pollo,,,,,Genc Pollo,,"Поло, Генц",,Генц Поло,,230705027,,/m/0277ddd,,,,https://upload.wikimedia.org/wikipedia/commons/5/5e/Genc_Pollo.jpg,Генц Поло,Генц Поло,Genc Pollo,,,,,,,,,,,,,,,,,,,,,,,,,,,,,,,,,,,,,,,,,,,,,,,,,,,,,,,,,,,,,,,,,,,,,,,,,,,,,,,,,,,,,,,,,,,,,,,,,,,,,,,,,,,,,,,,,,,,,,,,,,,,,,,,,,,,,,,,,,,,,,,,,,,,,,,,,,,,,3776,,,,historian,,
Q3304170,Gramoz Ruçi,Gramoz Ruçi,Gramoz Ruçi,Gramoz Ruçi,Gramoz Ruçi,Gramoz Ruçi,Gramoz Ruçi,Gramoz Ruçi,male,1951-12-06,,Gramoz Ruçi,Gramoz Ruçi,Gramoz Ruçi,,Грамоз Ручі,,Gramoz Ruçi,,,,Gramoz Ruçi,Gramoz Ruçi,Gramoz Ruçi,Gramoz Ruçi,Gramoz Ruçi,Gramoz Ruçi,,,,,Грамоз Ручі,,,,,,,,,,,,,,,,,,,,,,,,,,,,,,,,,,,,,,,,,,,,,,,,,,,,,,,,,,,,,,,,,,,,,,,,,,,,,,,,,,,,,,,,,,,,,,,,,,,,,,,,,,,,,,,,,,,,,,,,,,,,,,,,,,,,,,,,,,,,,,,,,,,,,,,,,,,,,,,,,,,,,,,,,,,,politician,,
Q381214,Pandeli Majko,Pandeli Majko,Pandeli Majko,Pandeli Majko,Pandeli Majko,Pandeli Majko,Pandeli Majko,Pandeli Majko,male,1967-11-15,,Pandeli Majko,Pandeli Majko,Pandeli Majko,,Панделі Майко,Pandeli Majko,Pandeli Majko,Pandeli Majko,潘代利·马伊科,"Майко, Пандели",Pandeli Majko,Pandeli Majko,Pandeli Majko,Pandeli Majko,Pandeli Majko,Pandeli Majko,Pandeli Majko,Pandeli Majko,"Майко, Пандели",,Панделі Майко,潘代利·马伊科,,,/m/02wnr8,Pandeli Majko,,,https://upload.wikimedia.org/wikipedia/commons/e/e5/Defense.gov_News_Photo_050202-D-2987S-008.jpg,,,Pandeli Majko,,,,,,,,Pandeli Majko,,,,,,,Pandeli Majko,Pandeli Majko,,,Pandeli Majko,,,Pandeli Majko,,,,,Pandeli Majko,Pandeli Majko,Пандели Мајко,Pandeli Majko,Pandeli Majko,Pandeli Majko,Пандели Мајко,Pandeli Majko,Pandeli Majko,,,,,,,,,,,,,,,,,,,,,,,,,,,,,,,,,,,,,,,,,,,,,,,پاندلی ماجکو,,,,,,,,,,,پاندلی ماجکو,,,,,,,,,,,,,,,,,,,,,,,,,,,,,,,,,,,,,,,,,,,,,,,,,,,,,,,,,,,,,,,,,,,,politician,,
Q462441,Jozefina Topalli,Jozefina Topalli,Jozefina Topalli,Jozefina Topalli,Jozefina Topalli,Jozefina Topalli,Jozefina Topalli,Jozefina Topalli,female,1963-11-26,,Jozefina Topalli,Jozefina Topalli,Jozefina Topalli,,Жозефіна Топаллі,,Jozefina Topalli,Jozefina Topalli,,"Топалли, Жозефина",Jozefina Topalli,Jozefina Topalli,Jozefina Topalli,Jozefina Topalli,Jozefina Topalli,Jozefina Topalli,Jozefina Topalli,,"Топали, Жозефина",,Жозефіна Топаллі,,,,/m/02qwb6r,Jozefina Topalli,,,https://upload.wikimedia.org/wikipedia/commons/9/96/Jozefina_Topalli_Senate_of_Poland.jpg,,,Jozefina Topalli,,,,,,,,Jozefina Topalli,,,,,,,Jozefina Topalli,Jozefina Topalli,ჯოზეფინა ტოპალი,Jozefina Topalli,Jozefina Topalli,Jozefina Topalli,ჯოზეფინა ტოპალი,Jozefina Topalli,,,,,,,,,,,,,,,,,,,,,,,,,,,,,,,,,,,,,,,,,,,,,,,,,,,,,,,,,,,,,,,,,,,,,,,,,,,,,,,,,,,,,,,,,,,,,,,,,,,,,,,,,,,,,,,,,,,,,,,,,,,,,,,,,,,,,,,4748,,,,politician,,
Q463966,Genc Ruli,Genc Ruli,Genc Ruli,Genc Ruli,Genc Ruli,Genc Ruli,Genc Ruli,Genc Ruli,male,1958-04-11,Genc,Genc Ruli,Genc Ruli,Genc Ruli,,Генц Рулі,,,Genc Ruli,,,,,,,Genc Ruli,,Genc Ruli,,,,Генц Рулі,,,,/m/0g9wqw0,,,,,,,,,,,,,,,,,,,,,,,,,,,,,,,,,,,,,,,,,,,,,,,,,,,,,,,,,,,,,,,,,,,,,,,,,,,,,,,,,,,,,,,,,,,,,,,,,,,,,,,,,,,,,,,,,,,,,,,,,,,,,,,,,,,,,,,,,,,,,,,,,,,,,,,,,,,,,,,,,,,,,,,,economist,,
Q4685171,Adrian Kollozi,,Adrian Kollozi,Adrian Kollozi,Adrian Kollozi,Adrian Kollozi,Adrian Kollozi,,male,,Adrian,Ardian Kollozi,,,,,,,,,,,,,,,,,,,,,,,,,,,,,,,,,,,,,,,,,,,,,,,,,,,,,,,,,,,,,,,,,,,,,,,,,,,,,,,,,,,,,,,,,,,,,,,,,,,,,,,,,,,,,,,,,,,,,,,,,,,,,,,,,,,,,,,,,,,,,,,,,,,,,,,,,,,,,,,,,,,,,,,,,,,,,,,,,,,,,,,,,,,,,,,,politician,,
Q4685497,Adriana Gjonaj,Adriana Gjonaj,Adriana Gjonaj,Adriana Gjonaj,Adriana Gjonaj,Adriana Gjonaj,Adriana Gjonaj,Adriana Gjonaj,female,1954-05-05,Adriana,Adriana Gjonaj,,,,,,,,,,,,,,,,,,,,,,,,,,,,,,,,,,,,,,,,,,,,,,,,,,,,,,,,,,,,,,,,,,,,,,,,,,,,,,,,,,,,,,,,,,,,,,,,,,,,,,,,,,,,,,,,,,,,,,,,,,,,,,,,,,,,,,,,,,,,,,,,,,,,,,,,,,,,,,,,,,,,,,,,,,,,,,,,,,,,,,,,,,,,,,,,politician,,
Q4709025,Albana Vokshi,Albana Vokshi,Albana Vokshi,Albana Vokshi,Albana Vokshi,Albana Vokshi,Albana Vokshi,Albana Vokshi,female,,Albana,Albana Vokshi,Albana Vokshi,Albana Vokshi,,,,,,,,,,,,,,,,,,,,,,,,,,,,,,,,,,,,,,,,,,,,,,,,,,,,,,,,,,,,,,,,,,,,,,,,,,,,,,,,,,,,,,,,,,,,,,,,,,,,,,,,,,,,,,,,,,,,,,,,,,,,,,,,,,,,,,,,,,,,,,,,,,,,,,,,,,,,,,,,,,,,,,,,,,,,,,,,,,,,,,,,,,,,,,politician,,
Q4784677,Arben Malaj,Arben Qamil Malaj,Arben Malaj,Arben Malaj,Arben Malaj,Arben Malaj,Arben Malaj,Arben Qamil Malaj,male,1961-09-19,Arben,Arben Malaj,,,,Арбен Малай,,,,,"Малай, Арбен",,,,,,,,,"Малай, Арбен",,Арбен Малай,,,,,,,,https://upload.wikimedia.org/wikipedia/commons/9/91/Arben_Malaj.jpg,,,,,,,,,,,,,,,,,,,,,,,,,,,,,,,,,,,,,,,,,,,,,,,,,,,,,,,,,,,,,,,,,,,,,,,,,,,,,,,,,,,,,,,,,,,,,,,,,,,,,,,,,,,,,,,,,,,,,,,,,,,,,,,,,,,,,,,,,,,,,,,,,,,,,,,,,,,,,,,,,,,,politician,,
Q4784679,Arben Ristani,Arben Ristani,Arben Ristani,Arben Ristani,Arben Ristani,Arben Ristani,Arben Ristani,Arben Ristani,male,1969-03-29,Arben,Arben Ristani,,,,,,Arben Ristani,,,,,,,,,,,,,,,,,,,,,,,,,,,,,,,,,,,,,,,,,,,,,,,,,,,,,,,,,,,,,,,,,,,,,,,,,,,,,,,,,,,,,,,,,,,,,,,,,,,,,,,,,,,,,,,,,,,,,,,,,,,,,,,,,,,,,,,,,,,,,,,,,,,,,,,,,,,,,,,,,,,,,,,,,,,,,,,,,,,,,,,,,,lawyer,,
Q4788049,Ardian Turku,Ardian Turku,Ardian Turku,Ardian Turku,Ardian Turku,Ardian Turku,Ardian Turku,Ardian Turku,male,,Ardian,Ardian Turku,,,,,,,,,,,,,,,,,,,,,,,,,,,,,,,,,,,,,,,,,,,,,,,,,,,,,,,,,,,,,,,,,,,,,,,,,,,,,,,,,,,,,,,,,,,,,,,,,,,,,,,,,,,,,,,,,,,,,,,,,,,,,,,,,,,,,,,,,,,,,,,,,,,,,,,,,,,,,,,,,,,,,,,,,,,,,,,,,,,,,,,,,,,,,,,,politician,,
Q4811460,Astrit Bushati,Astrit Bushati,Astrit Bushati,Astrit Bushati,Astrit Bushati,Astrit Bushati,Astrit Bushati,Astrit Bushati,male,1962-08-21,,Astrit Bushati,,,,,,,,,,,,,,,,,,,,,,,,,,,,,,,,,,,,,,,,,,,,,,,,,,,,,,,,,,,,,,,,,,,,,,,,,,,,,,,,,,,,,,,,,,,,,,,,,,,,,,,,,,,,,,,,,,,,,,,,,,,,,,,,,,,,,,,,,,,,,,,,,,,,,,,,,,,,,,,,,,,,,,,,,,,,,,,,,,,,,,,,,,,,,,,,politician,,
Q4811462,Astrit Patozi,Astrit Patozi,Astrit Patozi,Astrit Patozi,Astrit Patozi,Astrit Patozi,Astrit Patozi,Astrit Patozi,male,1964-07-22,,Astrit Patozi,,,,,,,,,,,,,,,,,,,,,,,,,,,,,,,,,,,,,,,,,,,,,,,,,,,,,,,,,,,,,,,,,,,,,,,,,,,,,,,,,,,,,,,,,,,,,,,,,,,,,,,,,,,,,,,,,,,,,,,,,,,,,,,,,,,,,,,,,,,,,,,,,,,,,,,,,,,,,,,,,,,,,,,,,,,,,,,,,,,,,,,,,,,,,,,,journalist,,
Q4879385,Bedri Hoxha,Bedri Hoxha,Bedri Hoxha,Bedri Hoxha,Bedri Hoxha,Bedri Hoxha,Bedri Hoxha,Bedri Hoxha,male,,Bedri,Bedri Hoxha,,,,,,,,,,,,,,,,,,,,,,,,,,,,,,,,,,,,,,,,,,,,,,,,,,,,,,,,,,,,,,,,,,,,,,,,,,,,,,,,,,,,,,,,,,,,,,,,,,,,,,,,,,,,,,,,,,,,,,,,,,,,,,,,,,,,,,,,,,,,,,,,,,,,,,,,,,,,,,,,,,,,,,,,,,,,,,,,,,,,,,,,,,,,,,,,politician,,
Q4896330,Besnik Dushaj,Besnik Dushaj,Besnik Dushaj,Besnik Dushaj,Besnik Dushaj,Besnik Dushaj,Besnik Dushaj,Besnik Dushaj,male,,Besnik,Besnik Dushaj,,,,,,,,,,,,,,,,,,,,,,,,,,,,,,,,,,,,,,,,,,,,,,,,,,,,,,,,,,,,,,,,,,,,,,,,,,,,,,,,,,,,,,,,,,,,,,,,,,,,,,,,,,,,,,,,,,,,,,,,,,,,,,,,,,,,,,,,,,,,,,,,,,,,,,,,,,,,,,,,,,,,,,,,,,,,,,,,,,,,,,,,,,,,,,,,politician,,
Q4972400,Lajla Pernaska,Lajla Përnaska,Lajla Pernaska,Lajla Pernaska,Lajla Përnaska,Lajla Pernaska,Lajla Pernaska,Lajla Përnaska,female,1961-06-14,,Lajla Pernaska,Lajla Pernaska,Lajla Pernaska,,,,,,,,,,,Lajla Pernaska,,,,,,,,,,,,,,,https://upload.wikimedia.org/wikipedia/commons/6/6d/Lajla_Pernaska_Profil.jpg,,,,,,,,,,,Lajla Përnaska,,,,,,,,,,,,,,,,,,,,,,,,,,,,,,,,,,,,,,,,,,,,,,,,,,,,,,,,,,,,,,,,,,,,,,,,,,,,,,,,,,,,,,,,,,,,,,,,,,,,,,,,,,,,,,,,,,,,,,,,,,,,,,,,,,,,,,,,,,,,,,,,,,,,,,,,,politician,,
Q5212255,Damian Gjiknuri,Damian Gjiknuri,Damian Gjiknuri,Damian Gjiknuri,Damian Gjiknuri,Damian Gjiknuri,Damian Gjiknuri,Damian Gjiknuri,male,1972-05-25,Damian,Damian Gjiknuri,,,,,,Damian Gjiknuri,,,,,,,,,,,,,,,,,,,Damian Gjiknuri,,,,,,,,,,,,,,,,,,,,,,,,,,,,,,,,,,,,,,,,,,,,,,,,,,,,,,,,,,,,,,,,,,,,,,,,,,,,,,,,,,,,,,,,,,,,,,,,,,,,,,,,,,,,,,,,,,,,,,,,,,,,,,,,,,,,,,,,,,,,,,,,,,,,,,,,,,,,,,,,,,,,,,,politician,,
Q5226580,Dashamir Tahiri,Dashamir Tahiri,Dashamir Tahiri,Dashamir Tahiri,Dashamir Tahiri,Dashamir Tahiri,Dashamir Tahiri,Dashamir Tahiri,male,,,Dashamir Tahiri,,,,,,,,,,,,,,,,,,,,,,,,,,,,,,,,,,,,,,,,,,,,,,,,,,,,,,,,,,,,,,,,,,,,,,,,,,,,,,,,,,,,,,,,,,,,,,,,,,,,,,,,,,,,,,,,,,,,,,,,,,,,,,,,,,,,,,,,,,,,,,,,,,,,,,,,,,,,,,,,,,,,,,,,,,,,,,,,,,,,,,,,,,,,,,,,politician,,
Q5226652,Dashnor Sula,Dashnor Sula,Dashnor Sula,Dashnor Sula,Dashnor Sula,Dashnor Sula,Dashnor Sula,Dashnor Sula,male,,,Dashnor Sula,,,,,,,,,,,,,,,,,,,,,,,,,,,,,,,,,,,,,,,,,,,,,,,,,,,,,,,,,,,,,,,,,,,,,,,,,,,,,,,,,,,,,,,,,,,,,,,,,,,,,,,,,,,,,,,,,,,,,,,,,,,,,,,,,,,,,,,,,,,,,,,,,,,,,,,,,,,,,,,,,,,,,,,,,,,,,,,,,,,,,,,,,,,,,,,,politician,,
Q531457,Gazmend Oketa,Gazmend Oketa,Gazmend Oketa,Gazmend Oketa,Gazmend Oketa,Gazmend Oketa,Gazmend Oketa,Gazmend Oketa,male,1968-12-14,Gazmend,Gazmend Oketa,Gazmend Oketa,Gazmend Oketa,,Газменд Окета,,Gazmend Oketa,,,"Окета, Газменд",Gazmend Oketa,Gazmend Oketa,Gazmend Oketa,Gazmend Oketa,Gazmend Oketa,Gazmend Oketa,,,"Окета, Газменд",,Газменд Окета,,,,/m/03y92gw,,Գազմենդ Օկետա,Գազմենդ Օկետա,https://upload.wikimedia.org/wikipedia/commons/d/d2/Gazmend_Oketa_080522-D-9880W-017.jpg,,,,,,,,,,,,,,,,,,,,,,,,,,,,,,,,,,,,,,,,,,,,,,,,,,,,,,,,,,,,,,,,,,,,,,,,,,,,,,,,,,,,,,,,,,,,,,,,,,,,,,,,,,,,,,,,,,,,,,,,,,,,,,,,,,,,,,,,,,,,,,,,,,,,,,,,,,,,,,,,,,,,politician,,
Q531489,Arben Imami,Arben Imami,Arben Imami,Arben Imami,Arben Imami,Arben Imami,Arben Imami,Arben Imami,male,1958-01-21,Arben,Arben Imami,Arben Imami,Arben Imami,,Арбен Імамі,,,Arben Imami,,"Имами, Арбен",,,,,Arben Imami,,Arben Imami,,"Имами, Арбен",,Арбен Імамі,,,,/m/09gch9v,,,,https://upload.wikimedia.org/wikipedia/commons/1/13/Arben_Imami_091113-D-9880W-054.jpg,,,,,,,,,,,,,,,nm1040350,,,,,,,,,,,,,,,,,,,,,,,,,,,,,,,,,,,,,,,,,,,,,,,,,,,,,,,,,,,,,,,,,,,,,,,,,,,,,,,,,,,,,,,,,,,,,,,,,,,,,,,,,,,,,,,,,,,,,,,,,,,,,,,,,,,,,,,,,,,,,,,,,,,,,politician,,
Q531531,Sokol Olldashi,Sokol Olldashi,Sokol Olldashi,Sokol Olldashi,Sokol Olldashi,Sokol Olldashi,Sokol Olldashi,Sokol Olldashi,male,1972-12-17,Sokol,Sokol Olldashi,Sokol Olldashi,Sokol Olldashi,,,,,Sokol Olldashi,,,,,,,Sokol Olldashi,,Sokol Olldashi,,,,,,,,/m/0g9xmdh,,,,,,,,,,,,,,,,,,,,,2013-11-20,,,,,,,,,,,,,,,,,,,,,,Sokol Olldashi,,,,,,,,,,,,,,,,,,,,,,,,,,,,,,,,,,,,,,,,,,,,,,,,,,,,,,,,,,,,,,,,,,,,,,,,,,,,,,,,,,,,,,,,,,,,,,,,,,,,,,,,,,,,,,,,,,,,,,,,,,,,,politician,,
Q5340403,Eduard Halimi,Eduard Halimi,Eduard Halimi,Eduard Halimi,Eduard Halimi,Eduard Halimi,Eduard Halimi,Eduard Halimi,male,1972-12-08,Eduard,Eduard Halimi,,,,,,,,,,,,,,,,,,,,,,,,,,Էդուարդ Հալիմի,Էդուարդ Հալիմի,,,,,,,,,,,,,,,,,,,,,,,,,,,,,,,,,,,,,,,,,,,,,,,,,,,,,,,,,,,,,,,,,,,,,,,,,,,,,,,,,,,,,,,,,,,,,,,,,,,,,,,,,,,,,,,,,,,,,,,,,,,,,,,,,,,,,,,,,,,,,,,,,,,,,,,,,,,,,,,,,,,,,politician,,
Q5340469,Eduard Selami,Eduard Selami,Eduard Selami,Eduard Selami,Eduard Selami,Eduard Selami,Eduard Selami,Eduard Selami,male,,Eduard,Eduard Selami,,,,,,,,,,,,,,,,,,,,,,,,,,,,,,,,,,,,,,,,,,,,,,,,,,,,,,,,,,,,,,,,,,,,,,,,,,,,,,,,,,,,,,,,,,,,,,,,,,,,,,,,,,,,,,,,,,,,,,,,,,,,,,,,,,,,,,,,,,,,,,,,,,,,,,,,,,,,,,,,,,,,,,,,,,,,,,,,,,,,,,,,,,,,,,,,politician,,
Q5379020,Enkelejd Alibeaj,Enkelejd Alibeaj,Enkelejd Alibeaj,Enkelejd Alibeaj,Enkelejd Alibeaj,Enkelejd Alibeaj,Enkelejd Alibeaj,Enkelejd Alibeaj,male,,,Enkelejd Alibeaj,,,,,,,,,,,,,,,,,,,,,,,,,,,,,,,,,,,,,,,,,,,,,,,,,,,,,,,,,,,,,,,,,,,,,,,,,,,,,,,,,,,,,,,,,,,,,,,,,,,,,,,,,,,,,,,,,,,,,,,,,,,,,,,,,,,,,,,,,,,,,,,,,,,,,,,,,,,,,,,,,,,,,,,,,,,,,,,,,,,,,,,,,,,,,,,,politician,,
Q539957,Arta Dade,Arta Dade,Arta Dade,Arta Dade,Arta Dade,Arta Dade,Arta Dade,Arta Dade,female,1953-03-15,Arta,Arta Dade,,,,Арта Даде,,,Arta Dade,,,,,,Arta Dade,Arta Dade,,Arta Dade,,,,Арта Даде,,,,,Arta Dade,,,https://upload.wikimedia.org/wikipedia/commons/0/03/Arta_Dade_(Albania)_-_July_2016_(cropped).jpg,,,,,,,,,,,Arta Dade,,,,,,,,,,,,,,,,,,,,,,,,,,,,,,,,,,,,,,,,,,,,,,,,,,,,,,,,,,,,,,,,,,,,,,,,,,,,,,,,,,,,,,,,,,,,,,,,,,,,,,,,,,,,,,,,,,,,,,,,,,,,,,,,,,,,,,,,,,,,,,,,,,,,,4136,,,,politician,,
Q5437339,Fatbardh Kadilli,Fatbardh Kadilli,Fatbardh Kadilli,Fatbardh Kadilli,Fatbardh Kadilli,Fatbardh Kadilli,Fatbardh Kadilli,Fatbardh Kadilli,male,,Fatbardh,Fatbardh Kadilli,,,,,,,,,,,,,,,,,,,,,,,,,,,,,,,,,,,,,,,,,,,,,,,,,,,,,,,,,,,,,,,,,,,,,,,,,,,,,,,,,,,,,,,,,,,,,,,,,,,,,,,,,,,,,,,,,,,,,,,,,,,,,,,,,,,,,,,,,,,,,,,,,,,,,,,,,,,,,,,,,,,,,,,,,,,,,,,,,,,,,,,,,,,,,,,,politician,,
Q5437935,Fatos Beja,Fatos Beja,Fatos Beja,Fatos Beja,Fatos Beja,Fatos Beja,Fatos Beja,Fatos Beja,male,1948-11-29,Fatos,Fatos Beja,,,,,,,,,,,,,,,,,,,,,,,,,,,,,,,,,,,,,,,,,,,,,,,,,,,,,,,,,,,,,,,,,,,,,,,,,,,,,,,,,,,,,,,,,,,,,,,,,,,,,,,,,,,,,,,,,,,,,,,,,,,,,,,,,,,,,,,,,,,,,,,,,,,,,,,,,,,,,,,,,,,,,,,,,,,,,,,,,,,,,,,,,,,,,,,,politician,,
Q5437937,Fatos Hoxha,Fatos Hoxha,Fatos Hoxha,Fatos Hoxha,Fatos Hoxha,Fatos Hoxha,Fatos Hoxha,Fatos Hoxha,male,,Fatos,Fatos Hoxha,,,,,,,,,,,,,,,,,,,,,,,,,,,,,,,,,,,,,,,,,,,,,,,,,,,,,,,,,,,,,,,,,,,,,,,,,,,,,,,,,,,,,,,,,,,,,,,,,,,,,,,,,,,,,,,,,,,,,,,,,,,,,,,,,,,,,,,,,,,,,,,,,,,,,,,,,,,,,,,,,,,,,,,,,,,,,,,,,,,,,,,,,,,,,,,,politician,,
Q5443929,Ferdinand Xhaferraj,Ferdinand Xhaferri,Ferdinand Xhaferraj,Ferdinand Xhaferraj,Ferdinand Xhaferraj,Ferdinand Xhaferraj,Ferdinand Xhaferraj,Ferdinand Xhaferri,male,1972-10-06,Ferdinand,Ferdinand Xhaferri,,,,,,,,,,,,,,,,,,,,,,,,,,,,,,,,,,,,,,,,,,,,,,,,,,,,,,,,,,,,,,,,,,,,,,,,,,,,,,,,,,,,,,,,,,,,,,,,,,,,,,,,,,,,,,,,,,,,,,,,,,,,,,,,,,,,,,,,,,,,,,,,,,,,,,,,,,,,,,,,,,,,,,,,,,,,,,,,,,,,,,,,,,,,,,,,politician,,
Q5457338,Flamur Noka,Flamur Noka,Flamur Noka,Flamur Noka,Flamur Noka,Flamur Noka,Flamur Noka,Flamur Noka,male,,Flamur,Flamur Noka,,,,,,,,,,,,,,,,,,,,,,,,,,,,,,,,,,,,,,,,,,,,,,,,,,,,,,,,,,,,,,,,,,,,,,,,,,,,,,,,,,,,,,,,,,,,,,,,,,,,,,,,,,,,,,,,,,,,,,,,,,,,,,,,,,,,,,,,,,,,,,,,,,,,,,,,,,,,,,,,,,,,,,,,,,,,,,,,,,,,,,,,,,,,,,,,politician,,
Q5461923,Florjon Mima,Florjon Mima,Florjon Mima,Florjon Mima,Florjon Mima,Florjon Mima,Florjon Mima,Florjon Mima,male,,Florjon,Florjon Mima,,,,,,,,,,,,,,,,,,,,,,,,,,,,,,,,,,,,,,,,,,,,,,,,,,,,,,,,,,,,,,,,,,,,,,,,,,,,,,,,,,,,,,,,,,,,,,,,,,,,,,,,,,,,,,,,,,,,,,,,,,,,,,,,,,,,,,,,,,,,,,,,,,,,,,,,,,,,,,,,,,,,,,,,,,,,,,,,,,,,,,,,,,,,,,,,politician,,
Q5553235,Gerti Bogdani,Gerti Bogdani,Gerti Bogdani,Gerti Bogdani,Gerti Bogdani,Gerti Bogdani,Gerti Bogdani,Gerti Bogdani,male,1980-07-07,Gerti,Gerti Bogdani,Gerti Bogdani,Gerti Bogdani,,,,,,,,,,,,,,,,,,,,,,,,,,https://upload.wikimedia.org/wikipedia/commons/1/19/Gb-pasport-photo.jpg,,,,,,,,,,,,,,,,,,,,,,,,,,,,,,,,,,,,,,,,,,,,,,,,,,,,,,,,,,,,,,,,,,,,,,,,,,,,,,,,,,,,,,,,,,,,,,,,,,,,,,,,,,,,,,,,,,,,,,,,,,,,,,,,,,,,,,,,,,,,,,,,,,,,,,,,,,,,,,,,,,,,politician,,
Q5566000,Gjergji Papa,Gjergji Papa,Gjergji Papa,Gjergji Papa,Gjergji Papa,Gjergji Papa,Gjergji Papa,Gjergji Papa,male,,,Gjergji Papa,,,,,,,,,,,,,,,,,,,,,,,,,,,,,,,,,,,,,,,,,,,,,,,,,,,,,,,,,,,,,,,,,,,,,,,,,,,,,,,,,,,,,,,,,,,,,,,,,,,,,,,,,,,,,,,,,,,,,,,,,,,,,,,,,,,,,,,,,,,,,,,,,,,,,,,,,,,,,,,,,,,,,,,,,,,,,,,,,,,,,,,,,,,,,,,,politician,,
Q5566028,Gjoke Uldedaj,Gjoke Uldedaj,Gjoke Uldedaj,Gjok Uldedaj,Gjoke Uldedaj,Gjoke Uldedaj,Gjok Uldedaj,Gjok Uldedaj,male,1959-03-03,,Gjok Uldedaj,,,,,,,,,,,,,,,,,,,,,,,,,,,,,,,,,,,,,,,,,,,,,,,,,,,,,,,,,,,,,,,,,,,,,,,,,,,,,,,,,,,,,,,,,,,,,,,,,,,,,,,,,,,,,,,,,,,,,,,,,,,,,,,,,,,,,,,,,,,,,,,,,,,,,,,,,,,,,,,,,,,,,,,,,,,,,,,,,,,,,,,,,,,,,,,,politician,,
Q5626069,Gëzim Dibra,Gëzim Dibra,Gëzim Dibra,Gëzim Dibra,Gëzim Dibra,Gëzim Dibra,Gëzim Dibra,Gëzim Dibra,male,1956-11-08,Gëzim,Gëzim Dibra,,,,,,,,,,,,,,,,,,,,,,,,,,,,,,,,,,,,,,,,,,,,,2011-08-12,,,,,,,,,,,,,,,,,,,,,,,,,,,,,,,,,,,,,,,,,,,,,,,,,,,,,,,,,,,,,,,,,,,,,,,,,,,,,,,,,,,,,,,,,,,,,,,,,,,,,,,,,,,,,,,,,,,,,,,,,,,,,,,,,,,,,,,,,,,,,,,,,,,politician,,
Q57526,Bujar Nishani,Bujar Nishani,Bujar Nishani,Bujar Nishani,Bujar Nishani,Bujar Nishani,Bujar Nishani,Bujar Nishani,male,1966-09-29,Bujar,Bujar Nishani,Bujar Nishani,Bujar Nishani,,Буяр Нішані,Bujar Nishani,Bujar Nishani,Bujar Nishani,布亚尔·尼沙尼,"Нишани, Буяр",Bujar Nishani,Bujar Nishani,Bujar Nishani,Bujar Nishani,Bujar Nishani,Bujar Nishani,Bujar Nishani,Bujar Nishani,"Нишани, Буяр",,Буяр Нішані,布亚尔·尼沙尼,,,/m/0g9wl2g,Bujar Nishani,Բույար Նիշանի,Բույար Նիշանի,https://upload.wikimedia.org/wikipedia/commons/d/de/Bujar_Nishani_with_Michael_Spindelegger.jpg,Буяр Нишани,Буяр Нишани,Bujar Nishani,Nišani Bujar,,Μπουγιάρ Νισάνι,,,Μπουγιάρ Νισάνι,Bujar Nishani,Bujar Nishani,Nišani Bujar,,,,,,Bujar Nishani,Bujar Nishani,ბუიარ ნიშანი,,Bujar Nishani,,ბუიარ ნიშანი,Bujar Nishani,,,Bujar Nishani,Bujar Nishani,Bujar Nishani,Bujar Nishani,,Bujar Nishani,Bujar Nishani,Bujar Nishani,,Bujar Nishani,Bujar Nishani,,Bujar Nishani,,,,Bujar Nishani,,Bujar Nishani,,,Bujar Nishani,,,,,Bujar Nishani,,,Bujar Nishani,Bujar Nishani,,,,,,,,,,,,Bujar Nishani,,,,,,Буяр Нішані,부야르 니샤니,בויאר נישני,Бујар Нишани,Bujar Nishani,بوجار نيشاني,Bujar Nishani,ブヤル・ニシャニ,Bujar Nishani,بوجار نیشانی,Buyar Nişani,Bujar Nishani,Bujar Nishani,บูชาร์ นิชานี,बुजार निशानी,بوجار نيشاني,Buyar Nişani,Буяр Нішані,Category:Bujar Nishani,Bujar Nishani,بویار نیشانی,Bujar Nishani,בויאר נישני,Bujar Nishani,Bujar Nishani,Bujar Nishani,ブヤル・ニシャニ,부야르 니샤니,Bujar Nishani,Bujar Nishani,बुजार निशानी,Bujar Nishani,Bujar Nishani,Bujar Nishani,Бујар Нишани,บูชาร์ นิชานี,Bujar Nishani,Bujar Nishani,,,Bujars Nišani,,,,,,,,,,,Bujars Nišani,,,,,,,,,,,,,,,,,,,,,Bujar Nishani,,,,,,,,,,,,5669,,,,politician,,Bujar Nishani
Q57625,Sali Berisha,Sali Berisha,Sali Berisha,Sali Berisha,Sali Berisha,Sali Berisha,Sali Berisha,Sali Berisha,male,1944-10-15,,Sali Berisha,Sali Berisha,Sali Berisha,,Салі Беріша,Sali Berisha,Sali Berisha,Sali Berisha,萨利·贝里沙,Сали Бериша,Sali Berisha,Sali Berisha,Sali Berisha,Sali Berisha,Sali Berisha,Sali Berisha,Sali Berisha,Sali Berisha,"Бериша, Сали",,Салі Беріша,萨利·贝里沙,84237468,n97057852,/m/01nlx8,Sali Berisha,Սալի Բերիշա,Սալի Բերիշա,"https://upload.wikimedia.org/wikipedia/commons/5/53/Msc_2006-Saturday,_16.00_-_18.00-Berisha.jpg",Сали Бериша,Сали Бериша,Sali Berisha,Beriša Sali,,Σαλί Μπερίσα,,,Σαλί Μπερίσα,Sali Berisha,Sali Berisha,Beriša Sali,,123463556,,165916125,,Sali Berisha,Sali Berisha,სალი ბერიშა,Sali Berisha,Sali Berisha,Sali Berisha,სალი ბერიშა,Sali Berişa,Sali Berisha,Sali Beriša,Sali Beriša,Sali Beriša,Sali Berisha,Sali Berisha,Сали Бериша,Sali Berisha,Sali Berisha,Sali Berisha,Сали Бериша,Sali Berisha,Sali Berisha,,,,Sali Berisha,Sali Berisha,Sali Berisha,,Sali Berisha,,Sali Berisha,Sali Berisha,Sali Berisha,,Sali Berisha,,Sali Berisha,,,,,,Sali Berisha,,,,,,,,,,Sali Berisha,,Sali Berisha,,,,,살리 베리샤,סאלי ברישה,Сали Бериша,,سالي باريشا,Sali Berisha,サリ・ベリシャ,Sali Berisha,سالی بریشا,,,,,सली बेरिशा,صالح بريشا,,,,Sali Berisha,سالی بریشا,Sali Berisha,סאלי ברישה,Sali Berisha,Sali Berisha,,サリ・ベリシャ,살리 베리샤,,,सली बेरिशा,Sali Berisha,Sali Berisha,Sali Berisha,Сали Бериша,,,Sali Berisha,,Sali Berisha,Sali Beriša,Sali Berisha,Sali Berisha,Sali Berisha,Sali Berisha,Sali Beriša,Sali Berisha,Sali Berisha,Sali Berisha,Sali Berisha,Sali Berisha,Sali Beriša,Sali Berisha,Sali Berisha,Sali Berisha,Sali Berisha,00000020236,,,,,,,,,,,,,,,,,,,,,,,,,,,,4677,,,,surgeon,,
Q5992076,Igli Cara,Igli Cara,Igli Cara,Igli Cara,Igli Cara,Igli Cara,Igli Cara,Igli Cara,male,,,Igli Cara,,,,,,,,,,,,,,,,,,,,,,,,,,,,https://upload.wikimedia.org/wikipedia/commons/b/be/Igli_Cara.jpg,,,,,,,,,,,,,,,,,,,,,,,,,,,,,,,,,,,,,,,,,,,,,,,,,,,,,,,,,,,,,,,,,,,,,,,,,,,,,,,,,,,,,,,,,,,,,,,,,,,,,,,,,,,,,,,,,,,,,,,,,,,,,,,,,,,,,,,,,,,,,,,,,,,,,,,,,,,,,,,,,,,,politician,,
Q5998372,Ilir Bano,Ilir Bano,Ilir Bano,Ilir Bano,Ilir Bano,Ilir Bano,Ilir Bano,Ilir Bano,male,,,Ilir Bano,,,,,,,,,,,,,,,,,,,,,,,,,,,,,,,,,,,,,,,,,,,,,,,,,,,,,,,,,,,,,,,,,,,,,,,,,,,,,,,,,,,,,,,,,,,,,,,,,,,,,,,,,,,,,,,,,,,,,,,,,,,,,,,,,,,,,,,,,,,,,,,,,,,,,,,,,,,,,,,,,,,,,,,,,,,,,,,,,,,,,,,,,,,,,,,,politician,,
Q5998384,Ilir Rusmali,Ilir Rusmali,Ilir Rusmali,Ilir Rusmali,Ilir Rusmali,Ilir Rusmali,Ilir Rusmali,Ilir Rusmali,female,,,Ilir Rusmali,,,,,,,,,,,,,,,,,,,,,,,,,,,,,,,,,,,,,,,,,,,,,,,,,,,,,,,,,,,,,,,,,,,,,,,,,,,,,,,,,,,,,,,,,,,,,,,,,,,,,,,,,,,,,,,,,,,,,,,,,,,,,,,,,,,,,,,,,,,,,,,,,,,,,,,,,,,,,,,,,,,,,,,,,,,,,,,,,,,,,,,,,,,,,,,,politician,,
Q6177187,Jemin Gjana,Jemin Gjana,Jemin Gjana,Jemin Gjana,Jemin Gjana,Jemin Gjana,Jemin Gjana,Jemin Gjana,male,,,Jemin Gjana,,,,,,,,,,,,,,,,,,,,,,,,,,,,,,,,,,,,,,,,,,,,,,,,,,,,,,,,,,,,,,,,,,,,,,,,,,,,,,,,,,,,,,,,,,,,,,,,,,,,,,,,,,,,,,,,,,,,,,,,,,,,,,,,,,,,,,,,,,,,,,,,,,,,,,,,,,,,,,,,,,,,,,,,,,,,,,,,,,,,,,,,,,,,,,,,politician,,
Q6512678,Ledina Aliolli,Ledina Aliolli,Ledina Aliolli,Ledina Aliolli,Ledina Aliolli,Ledina Aliolli,Ledina Aliolli,Ledina Aliolli,female,,,Ledina Aliolli,Ledina Aliolli,Ledina Aliolli,,,,,,,,,,,,,,,,,,,,,,,,,,,,,,,,,,,,,,,,,,,,,,,,,,,,,,,,,,,,,,,,,,,,,,,,,,,,,,,,,,,,,,,,,,,,,,,,,,,,,,,,,,,,,,,,,,,,,,,,,,,,,,,,,,,,,,,,,,,,,,,,,,,,,,,,,,,,,,,,,,,,,,,,,,,,,,,,,,,,,,,,,,,,,,politician,,
Q6517015,Lefter Koka,Lefter Koka,Lefter Koka,Lefter Koka,Lefter Koka,Lefter Koka,Lefter Koka,Lefter Koka,male,1964-08-04,,Lefter Koka,,,,,,Lefter Koka,,,,,,,,,,,,,,,,,,,Lefter Koka,,,,,,,,,,,,,,,,,,,,,,,,,,,,,,,,,,,,,,,,,,,,,,,,,,,,,,,,,,,,,,,,,,,,,,,,,,,,,,,,,,,,,,,,,,,,,,,,,,,,,,,,,,,,,,,,,,,,,,,,,,,,,,,,,,,,,,,,,,,,,,,,,,,,,,,,,,,,,,,,,,,,,,,politician,,
Q6517017,Lefter Maliqi,Lefter Maliqi,Lefter Maliqi,Lefter Maliqi,Lefter Maliqi,Lefter Maliqi,Lefter Maliqi,Lefter Maliqi,male,,,Lefter Maliqi,,,,,,,,,,,,,,,,,,,,,,,,,,,,,,,,,,,,,,,,,,,,,,,,,,,,,,,,,,,,,,,,,,,,,,,,,,,,,,,,,,,,,,,,,,,,,,,,,,,,,,,,,,,,,,,,,,,,,,,,,,,,,,,,,,,,,,,,,,,,,,,,,,,,,,,,,,,,,,,,,,,,,,,,,,,,,,,,,,,,,,,,,,,,,,,,politician,,
Q6525231,Leonard Demi,Leonard Demi,Leonard Demi,Leonard Demi,Leonard Demi,Leonard Demi,Leonard Demi,Leonard Demi,male,,Leonard,Leonard Demi,,,,,,,,,,,,,,,,,,,,,,,,,,,,,,,,,,,,,,,,,,,,,,,,,,,,,,,,,,,,,,,,,,,,,,,,,,,,,,,,,,,,,,,,,,,,,,,,,,,,,,,,,,,,,,,,,,,,,,,,,,,,,,,,,,,,,,,,,,,,,,,,,,,,,,,,,,,,,,,,,,,,,,,,,,,,,,,,,,,,,,,,,,,,,,,,politician,,
Q6694983,Luan Skuqi,Luan Skuqi,Luan Skuqi,Luan Skuqi,Luan Skuqi,Luan Skuqi,Luan Skuqi,Luan Skuqi,male,1951-10-25,Luan,Luan Skuqi,,,,,,,,,,,,,,,,,,,,,,,,,,,,,,,,,,,,,,,,,,,,,,,,,,,,,,,,,,,,,,,,,,,,,,,,,,,,,,,,,,,,,,,,,,,,,,,,,,,,,,,,,,,,,,,,,,,,,,,,,,,,,,,,,,,,,,,,,,,,,,,,,,,,,,,,,,,,,,,,,,,,,,,,,,,,,,,,,,,,,,,,,,,,,,,,politician,,
Q6706730,Luçiano Boçi,Luçiano Boçi,Luçiano Boçi,Luçiano Boçi,Luçiano Boçi,Luçiano Boçi,Luçiano Boçi,Luçiano Boçi,male,,,Luçiano Boçi,,,,,,,,,,,,,,,,,,,,,,,,,,,,,,,,,,,,,,,,,,,,,,,,,,,,,,,,,,,,,,,,,,,,,,,,,,,,,,,,,,,,,,,,,,,,,,,,,,,,,,,,,,,,,,,,,,,,,,,,,,,,,,,,,,,,,,,,,,,,,,,,,,,,,,,,,,,,,,,,,,,,,,,,,,,,,,,,,,,,,,,,,,,,,,,,politician,,
Q6809656,Mehmet Xheka,Mehmet Xheka,Mehmet Xheka,Mehmet Xheka,Mehmet Xheka,Mehmet Xheka,Mehmet Xheka,Mehmet Xheka,male,,Mehmet,Mehmet Xheka,,,,,,,,,,,,,,,,,,,,,,,,,,,,,,,,,,,,,,,,,,,,,,,,,,,,,,,,,,,,,,,,,,,,,,,,,,,,,,,,,,,,,,,,,,,,,,,,,,,,,,,,,,,,,,,,,,,,,,,,,,,,,,,,,,,,,,,,,,,,,,,,,,,,,,,,,,,,,,,,,,,,,,,,,,,,,,,,,,,,,,,,,,,,,,,,politician,,
Q6965709,Nard Ndoka,Nard Ndoka,Nard Ndoka,Nard Ndoka,Nard Ndoka,Nard Ndoka,Nard Ndoka,Nard Ndoka,male,,,Nard Ndoka,,,,,,,,,,,,,,,,,,,,,,,,,,,,,,,,,,,,,,,,,,,,,,,,,,,,,,,,,,,,,,,,,,,,,,,,,,,,,,,,,,,,,,,,,,,,,,,,,,,,,,,,,,,,,,,,,,,,,,,,,,,,,,,,,,,,,,,,,,,,,,,,,,,,,,,,,,,,,,,,,,,,,,,,,,,,,,,,,,,,,,,,,,,,,,,,politician,,
Q6967109,Nasip Naço,Nasip Naço,Nasip Naço,Nasip Naço,Nasip Naço,Nasip Naço,Nasip Naço,Nasip Naço,male,1961-04-05,,Nasip Naço,,,,Насіп Начо,,Nasip Naço,,,,,,,,Nasip Naço,,,,,,Насіп Начо,,,,,Nasip Naço,,,,,,,,,,,,,,,,,,,,,,,,,,,,,,,,,,,,,,,,,,,,,,,,,,,,,,,,,,,,,,,,,,,,,,,,,,,,,,,,,,,,,,,,,,,,,,,,,,,,,,,,,,,,,,,,,,,,,,,,,,,,,,,,,,,,,,,,,,,,,,,,,,,,,,,,,,,,,,,,,,,,,,,politician,,
Q6983830,Ndue Paluca,Ndue Paluca,Ndue Paluca,Ndue Paluca,Ndue Paluca,Ndue Paluca,Ndue Paluca,Ndue Paluca,male,,,Ndue Paluca,,,,,,,,,,,,,,,,,,,,,,,,,,,,,,,,,,,,,,,,,,,,,,,,,,,,,,,,,,,,,,,,,,,,,,,,,,,,,,,,,,,,,,,,,,,,,,,,,,,,,,,,,,,,,,,,,,,,,,,,,,,,,,,,,,,,,,,,,,,,,,,,,,,,,,,,,,,,,,,,,,,,,,,,,,,,,,,,,,,,,,,,,,,,,,,,politician,,
Q7107089,Osman Metalla,Osman Metalla,Osman Metalla,Osman Metalla,Osman Metalla,Osman Metalla,Osman Metalla,Osman Metalla,male,,Osman,Osman Metalla,,,,,,,,,,,,,,,,,,,,,,,,,,,,,,,,,,,,,,,,,,,,,,,,,,,,,,,,,,,,,,,,,,,,,,,,,,,,,,,,,,,,,,,,,,,,,,,,,,,,,,,,,,,,,,,,,,,,,,,,,,,,,,,,,,,,,,,,,,,,,,,,,,,,,,,,,,,,,,,,,,,,,,,,,,,,,,,,,,,,,,,,,,,,,,,,politician,,
Q7154916,Paulin Sterkaj,Paulin Sterkaj,Paulin Sterkaj,Paulin Sterkaj,Paulin Sterkaj,Paulin Sterkaj,Paulin Sterkaj,Paulin Sterkaj,male,,Paulin,Paulin Sterkaj,,,,,,,,,,,,,,,,,,,,,,,,,,,,,,,,,,,,,,,,,,,,,,,,,,,,,,,,,,,,,,,,,,,,,,,,,,,,,,,,,,,,,,,,,,,,,,,,,,,,,,,,,,,,,,,,,,,,,,,,,,,,,,,,,,,,,,,,,,,,,,,,,,,,,,,,,,,,,,,,,,,,,,,,,,,,,,,,,,,,,,,,,,,,,,,,politician,,
Q7155936,Pavlina Hoti,,Pavlina Hoti,Pavlina Hoti,Pavlina Hoti,Pavlina Hoti,Pavlina Hoti,,female,,Pavlina,Pavlina Hoti,,,,,,Pavlina Hoti,,,,,,,,,,,,,,,,,,,,,,,,,,,,,,,,,,,,,,,,,,,,,,,,,,,,,,,,,,,,,,,,,,,,,,,,,,,,,,,,,,,,,,,,,,,,,,,,,,,,,,,,,,,,,,,,,,,,,,,,,,,,,,,,,,,,,,,,,,,,,,,,,,,,,,,,,,,,,,,,,,,,,,,,,,,,,,,,,,,,,,,,,,politician,,
Q727132,Ilir Meta,Ilir Meta,Ilir Meta,Ilir Meta,Ilir Meta,Ilir Meta,Ilir Meta,Ilir Meta,male,1969-03-24,,Ilir Meta,Ilir Meta,Ilir Meta,,Ілір Мета,Ilir Meta,Ilir Meta,Ilir Meta,伊利尔·梅塔,"Мета, Илир",Ilir Meta,Ilir Meta,Ilir Meta,Ilir Meta,Ilir Meta,Ilir Meta,Ilir Meta,Ilir Meta,"Мета, Илир",,Ілір Мета,伊利尔·梅塔,,,/m/05n3hp,Ilir Meta,,,"https://upload.wikimedia.org/wikipedia/commons/d/de/Ilir_Meta_detail,_000824-D-9880W-002.jpg",,,Ilir Meta,,,Ιλίρ Μέτα,,,Ιλίρ Μέτα,,Ilir Meta,,,,,,,,Ilir Meta,,,,,,Ilir Meta,,,,,,Ilir Meta,,Ilir Meta,,Ilir Meta,,Ilir Meta,,,,,,,,,,,,,,,,,Ilir Meta,,,,,,,,,,,,,,,,,,,,,,,,,,,,,イリル・メタ,,ایلیر متا,,,,,,,,,Category:Ilir Meta,,ایلیر متا,Ilir Meta,,,,,,,,,,,,,,,,,,,,,,,,,,,,,,,,,,,,,,,,,,,,,,,,,,,,,,,,,,,,,,,,,,,politician,,
Q7286315,Rajmond Hoxha,,Rajmond Hoxha,Rajmond Hoxha,Rajmond Hoxha,Rajmond Hoxha,Rajmond Hoxha,,male,,Rajmond,Rrajmond Hoxha,,,,,,,,,,,,,,,,,,,,,,,,,,,,,,,,,,,,,,,,,,,,,,,,,,,,,,,,,,,,,,,,,,,,,,,,,,,,,,,,,,,,,,,,,,,,,,,,,,,,,,,,,,,,,,,,,,,,,,,,,,,,,,,,,,,,,,,,,,,,,,,,,,,,,,,,,,,,,,,,,,,,,,,,,,,,,,,,,,,,,,,,,,,,,,,,politician,,
Q7286316,Rajmonda Bulku,Rajmonda Bulku,Rajmonda Bulku,Rajmonda Bulku,Rajmonda Bulku,Rajmonda Bulku,Rajmonda Bulku,Rajmonda Bulku,female,1958-08-16,,Rajmonda Bulku,Rajmonda Bulku,Rajmonda Bulku,,,,,Rajmonda Bulku,,,,,,Rajmonda Bulku,,,Rajmonda Bulku,,,,,,311697289,,,,,,,,,,,,,,,,,Rajmonda Bulku,,,1062204735,nm0119951,,,,,,,,,,,,,,,,,,,,,,,,,,,,,,,,,,,,,,,,,,,,,,,,,,,,,,,,,,,,,,,,,,,,,,,,,,,,,,,,,,,,,,,,,,,,,,,,,,,,,,,,,,,,,,,,,,,,,,,,,,,,,,,,,,,,,,,,,,,11961,p195350,203242,391821,,c57de11b167c44329feb645f29dcdb9c,,,,,actor,,
Q7375548,Rrahim Çota,Rrahim Çota,Rrahim Çota,Rrahim Çota,Rrahim Çota,Rrahim Çota,Rrahim Çota,Rrahim Çota,male,,,Rrahim Çota,,,,,,,,,,,,,,,,,,,,,,,,,,,,,,,,,,,,,,,,,,,,,,,,,,,,,,,,,,,,,,,,,,,,,,,,,,,,,,,,,,,,,,,,,,,,,,,,,,,,,,,,,,,,,,,,,,,,,,,,,,,,,,,,,,,,,,,,,,,,,,,,,,,,,,,,,,,,,,,,,,,,,,,,,,,,,,,,,,,,,,,,,,,,,,,,politician,,
Q7494813,Sherefedin Shehu,Sherefedin Shehu,Sherefedin Shehu,Sherefedin Shehu,Sherefedin Shehu,Sherefedin Shehu,Sherefedin Shehu,Sherefedin Shehu,male,,,Sherefedin Shehu,,,,,,,,,,,,,,,,,,,,,,,,,,,,,,,,,,,,,,,,,,,,,,,,,,,,,,,,,,,,,,,,,,,,,,,,,,,,,,,,,,,,,,,,,,,,,,,,,,,,,,,,,,,,,,,,,,,,,,,,,,,,,,,,,,,,,,,,,,,,,,,,,,,,,,,,,,,,,,,,,,,,,,,,,,,,,,,,,,,,,,,,,,,,,,,,politician,,
Q7578168,Spiro Ksera,Spiro Ksera,Spiro Ksera,Spiro Ksera,Spiro Ksera,Spiro Ksera,Spiro Ksera,Spiro Ksera,male,,Spiro,Spiro Ksera,Spiro Ksera,Spiro Ksera,,,Spiro Ksera,Spiro Ksera,Spiro Ksera,,,Spiro Ksera,Spiro Ksera,Spiro Ksera,Spiro Ksera,,Spiro Ksera,,,,,,,,,,,,,,,,,,,,,,,,,,,,,,,Spiro Ksera,Spiro Ksera,,Spiro Ksera,,,,,,,Spiro Ksera,,Spiro Ksera,,,,,,,,,Spiro Ksera,Spiro Ksera,Spiro Ksera,Spiro Ksera,Spiro Ksera,Spiro Ksera,Spiro Ksera,Spiro Ksera,Spiro Ksera,Spiro Ksera,Spiro Ksera,Spiro Ksera,Spiro Ksera,Spiro Ksera,Spiro Ksera,Spiro Ksera,Spiro Ksera,Spiro Ksera,Spiro Ksera,Spiro Ksera,Spiro Ksera,Spiro Ksera,Spiro Ksera,Spiro Ksera,Spiro Ksera,Spiro Ksera,Spiro Ksera,Spiro Ksera,Spiro Ksera,Spiro Ksera,Spiro Ksera,Spiro Ksera,Spiro Ksera,Spiro Ksera,Spiro Ksera,Spiro Ksera,Spiro Ksera,,,,,,,,,,,,,,,,,,,,,,,,,,,,,,,,,,,,,,,,,,,,,,,,,,,,,,,,,,,,,,,,,,,,,,,,,,,,,,,,,,,,,,,,,politician,,
Q7659498,Sybi Hida,Sybi Hida,Sybi Hida,Sybi Hida,Sybi Hida,Sybi Hida,Sybi Hida,Sybi Hida,male,,,Sybi Hida,,,,,,,,,,,,,,,,,,,,,,,,,,,,,,,,,,,,,,,,,,,,,,,,,,,,,,,,,,,,,,,,,,,,,,,,,,,,,,,,,,,,,,,,,,,,,,,,,,,,,,,,,,,,,,,,,,,,,,,,,,,,,,,,,,,,,,,,,,,,,,,,,,,,,,,,,,,,,,,,,,,,,,,,,,,,,,,,,,,,,,,,,,,,,,,,politician,,
Q7844256,Tritan Shehu,Tritan Shehu,Tritan Shehu,Tritan Shehu,Tritan Shehu,Tritan Shehu,Tritan Shehu,Tritan Shehu,male,1949-04-24,,Tritan Shehu,,,,,,,,,,,,,,,,,,,,,,,,,,,,,,,,,,,,,,,,,,,,,,,,,,,,,,,,,,,,,,,,,,,,,,,,,,,,,,,,,,,,,,,,,,,,,,,,,,,,,,,,,,,,,,,,,,,,,,,,,,,,,,,,,,,,,,,,,,,,,,,,,,,,,,,,,,,,,,,,,,,,,,,,,,,,,,,,,,,,,,,,,,,,,,,,diplomat,,
Q7914795,Vangjel Tavo,,Vangjel Tavo,Vangjel Tavo,Vangjel Tavo,Vangjel Tavo,Vangjel Tavo,,male,1969-12-17,,Vangjel Tavo,,,,,,,,,,,,,,,,,,,,,,,,,,,,,,,,,,,,,,,,,,,,,,,,,,,,,,,,,,,,,,,,,,,,,,,,,,,,,,,,,,,,,,,,,,,,,,,,,,,,,,,,,,,,,,,,,,,,,,,,,,,,,,,,,,,,,,,,,,,,,,,,,,,,,,,,,,,,,,,,,,,,,,,,,,,,,,,,,,,,,,,,,,,,,,,,politician,,
Q7916781,Vasillaq Ngresi,Vasillaq Ngresi,Vasillaq Ngresi,Vasillaq Ngresi,Vasillaq Ngresi,Vasillaq Ngresi,Vasillaq Ngresi,Vasillaq Ngresi,male,,,Vasillaq Ngresi,,,,,,,,,,,,,,,,,,,,,,,,,,,,,,,,,,,,,,,,,,,,,,,,,,,,,,,,,,,,,,,,,,,,,,,,,,,,,,,,,,,,,,,,,,,,,,,,,,,,,,,,,,,,,,,,,,,,,,,,,,,,,,,,,,,,,,,,,,,,,,,,,,,,,,,,,,,,,,,,,,,,,,,,,,,,,,,,,,,,,,,,,,,,,,,,politician,,
Q7929687,Viktor Gumi,Viktor Gumi,Viktor Gumi,Viktor Gumi,Viktor Gumi,Viktor Gumi,Viktor Gumi,Viktor Gumi,male,,Viktor,Viktor Gumi,,,,,,,,,,,,,,,,,,,,,,,,,,,,,,,,,,,,,,,,,,,,,,,,,,,,,,,,,,,,,,,,,,,,,,,,,,,,,,,,,,,,,,,,,,,,,,,,,,,,,,,,,,,,,,,,,,,,,,,,,,,,,,,,,,,,,,,,,,,,,,,,,,,,,,,,,,,,,,,,,,,,,,,,,,,,,,,,,,,,,,,,,,,,,,,,politician,,
Q8054011,Ylli Lama,Ylli Lama,Ylli Lama,Ylli Lama,Ylli Lama,Ylli Lama,Ylli Lama,Ylli Lama,male,,,Ylli Lama,,,,,,,,,,,,,,,,,,,,,,,,,,,,,,,,,,,,,,,,,,,,,,,,,,,,,,,,,,,,,,,,,,,,,,,,,,,,,,,,,,,,,,,,,,,,,,,,,,,,,,,,,,,,,,,,,,,,,,,,,,,,,,,,,,,,,,,,,,,,,,,,,,,,,,,,,,,,,,,,,,,,,,,,,,,,,,,,,,,,,,,,,,,,,,,,politician,,
Q809978,Bashkim Fino,Bashkim Fino,Bashkim Fino,Bashkim Fino,Bashkim Fino,Bashkim Fino,Bashkim Fino,Bashkim Fino,male,1962-10-12,Bashkim,Bashkim Fino,Bashkim Fino,Bashkim Fino,Bashkim Fino,Башкім Фіно,Bashkim Fino,Bashkim Fino,Bashkim Fino,巴什基姆·菲诺,"Фино, Башким",Bashkim Fino,Bashkim Fino,Bashkim Fino,Bashkim Fino,Bashkim Fino,Bashkim Fino,Bashkim Fino,Bashkim Fino,"Фино, Башким",Bashkim Fino,Башкім Фіно,巴什基姆·菲诺,46560745,no2008010587,/m/08lp75,,,,,,,,,,,,,,,,,,,,,,,Başkim Fino,,,,,,Başkim Fino,,,,,,,,,Bashkim Fino,,,,,,,,,,,,,,,,,,,,,,,,,,,,,,,,,,,,,,,,,,,,,,,,,バシキム・フィノ,,باشکیم فینو,,,,,,,,,,,باشکیم فینو,,,,,,,,,,,,,,,,,,,,,,,,,,,,,,,,,,,,,,,,,,,,,,,,,,,,,,,,,,,,,,,,,,,,politician,,
Q9168623,Ben Blushi,Ben Blushi,Ben Blushi,Ben Blushi,Ben Blushi,Ben Blushi,Ben Blushi,Ben Blushi,male,1969-01-01,Ben,Ben Blushi,Ben Blushi,Ben Blushi,,Бен Блуші,,,Ben Blushi,,,,,,,Ben Blushi,,Ben Blushi,,,,Бен Блуші,,88396989,n2009029943,,,,,,,,,,,,,,,,,,0000 0000 5989 9736,138657343,,138005141,,,,,,,,,,,,,,,,,,,,,,,,,,,,,,,,,,,,,,,,,,,,,,,,,,,,,,,,,,,,,,,,,,,,,,,,,,,,,,,,,,,,,,,,,,,,,,,,,,,,,,,,,,,,,,,,,,,,,,,,,,,,,,,,,,,,,,,,,,,,,,,,,,,,author,,
Q980323,Namik Dokle,Namik Dokle,Namik Dokle,Namik Dokle,Namik Dokle,Namik Dokle,Namik Dokle,Namik Dokle,male,1946-03-11,,Namik Dokle,Namik Dokle,Namik Dokle,,Намік Докле,,,Namik Dokle,,,,,,Namik Dokle,Namik Dokle,,Namik Dokle,,,,Намік Докле,,171193761,n2004040776,/m/0cmb3c5,,,,,Намик Докле,Намик Докле,,,,,,,,,Namik Dokle,,,,,,,,,,,,,,,,,,,,,,,,,,,,,,,,,,,,,,,,,,,,,,,,,,,,,,,,,,,,,,,,,,,,,,,,,,,,,,,,,,,,,,,,,,,,,,,,,,,,,,,,,,,,,,,,,,,,,,,,,,,,,,,,,,,,,,,,,,,,,,,,,,,,,,,,,journalist,,
Q981747,Ridvan Bode,Ridvan Bode,Ridvan Bode,Ridvan Bode,Ridvan Bode,Ridvan Bode,Ridvan Bode,Ridvan Bode,male,1959-06-26,Ridvan,Ridvan Bode,Ridvan Bode,Ridvan Bode,,Рідван Боде,,Ridvan Bode,Ridvan Bode,,"Боде, Ридван",,,,,Ridvan Bode,,Ridvan Bode,,"Боде, Ридван",,Рідван Боде,,,,/m/0g9vqh8,Ridvan Bode,,,,,,,,,,,,,,,,,,,,,,,,,,,,,,,,,,,,,,,,,,,,,,,,,,,,,,,,,,,,,,,,,,,,,,,,,,,,,,,,,,,,,,,,,,,,,,,,,,,,,,,,,,,,,,,,,,,,,,,,,,,,,,,,,,,,,,,,,,,,,,,,,,,,,,,,,,,,,,,,,,,,,,,economist,,
Q983272,Fatmir Mediu,Fatmir Mediu,Fatmir Mediu,Fatmir Mediu,Fatmir Mediu,Fatmir Mediu,Fatmir Mediu,Fatmir Mediu,male,1967-01-21,Fatmir,Fatmir Mediu,Fatmir Mediu,Fatmir Mediu,,Фатмір Медіу,,Fatmir Mediu,,,,,,,,Fatmir Mediu,,,,,,Фатмір Медіу,,,,/m/02x9v97,Fatmir Mediu,,,https://upload.wikimedia.org/wikipedia/commons/c/cf/Mediu_-_Rumsfeld_060926-F-5586B-311.jpg,Фатмир Медиу,Фатмир Медиу,,,,,,,,,,,,,,,,,,,,,,,,,,,,,,,,,,,,,,,,,,,,,,,,,,,,,,,,,,,,,,,,,,,,,,,,,,,,,,,,,,,,,,,,,,,,,,,,,,,,,,,,,,,,,,,,,,,,,,,,,,,,,,,,,,,,,,,,,,,,,,,,,,,,,,,,,,,,,,,,,,politician,,
