id,name__az,name,name__en,gender,birth_date,given_name,identifier__PACE,identifier__VIAF,image,identifier__freebase,website,identifier__LCAuth,death_date,wikipedia__az,wikipedia__en,name__ru,name__hy,name__pl,wikipedia__commons,wikipedia__ru,name__fr,name__it,name__de,name__tr,name__es,name__nl,wikipedia__azwikiquote,wikipedia__tr,name__cs,name__fa,name__id,name__ka,name__ms,name__sv,name__zh,name__be,wikipedia__be,wikipedia__cs,wikipedia__fa,wikipedia__fr,wikipedia__hy,wikipedia__id,wikipedia__it,wikipedia__ka,wikipedia__ms,wikipedia__pl,wikipedia__sv,wikipedia__zh,name__ro,wikipedia__de,wikipedia__ro,name__ca,name__oc,name__en_gb,wikipedia__azwikibooks,wikipedia__es,name__uk,wikipedia__uk,wikipedia__gag,name__gag,original_wikiname,identifier__BNF,identifier__SUDOC,identifier__ISNI,identifier__NUKAT,identifier__LNB,identifier__FAST,name__hu,last_seen,name__da,name__fo,name__is,name__kl,name__nb,name__nn,name__ja,name__eu,name__tg,identifier__google_knowledge,name__ko,wikipedia__ko,occupation,facebook,name__el,name__he,wikipedia__ruwikinews,wikipedia__tg,wikipedia__pt,wikipedia__vi,name__pt,wikipedia__he,name__sk,name__vi,wikipedia__sk,wikipedia__uz,name__en_ca,wikipedia__el,name__uz,name__ar,wikipedia__ar,wikipedia__bg,name__bg,family_name
Q12835357,Abel Məhərrəmov,Abel Məhərrəmov,Abel Maharramov,male,1950-01-05,Abel,,,,,,,,Abel Məhərrəmov,,"Магеррамов, Абель Мамедали оглы",Աբել Մահարրամով,Abel Maharramov,Category:Abel Məhərrəmov,,,,,,,,,,,,,,,,,,,,,,,,,,,,,,,,,,,,,,,,,,Abel Məhərrəmov,,,,,,,,,,,,,,,,,,,,,,,,,,,,,,,,,,,,,,,,,,
Q12835439,Adil Əliyev,Adil Əliyev,Adil Aliyev,male,1969,,,,,,,,,Adil Əliyev (deputat),Adil Aliyev,,,,,,,,,,,,,,,,,,,,,,,,,,,,,,,,,,,,,,,,,,,,,,Adil Əliyev (deputat),,,,,,,,,,,,,,,,,,,,,,,,,,,,,,,,,,,,,,,,,,
Q12836122,Asəf Hacıyev,Asəf Hacıyev,Asef Hadjiyev,male,1951-05-29,,,,,,,,,Asəf Hacıyev,Asef Hadjiyev,,,,,,,,,,,,,,,,,,,,,,,,,,,,,,,,,,,,,,,,,,,,,,Asəf Hacıyev,,,,,,,,,,,,,,,,,,,,,,,,,,,,,,,,,,,,,,,,,,
Q12836332,Azər Kərimli,Azər Kərimli,,,,,,,,,,,,Azər Kərimli,,,,,,,,,,,,,,,,,,,,,,,,,,,,,,,,,,,,,,,,,,,,,,,Azər Kərimli,,,,,,,,,,,,,,,,,,,,,,,,,,,,,,,,,,,,,,,,,,
Q12836518,Azərbaycan Respublikası Milli Məclisinin deputatlarının siyahısı,Azərbaycan Respublikası Milli Məclisinin deputatlarının siyahısı,,,,,,,,,,,,Azərbaycan Respublikası Milli Məclisinin IV çağırış deputatlarının siyahısı,,,,,,,,,,,,,,,,,,,,,,,,,,,,,,,,,,,,,,,,,,,,,,,Azərbaycan Respublikası Milli Məclisinin IV çağırış deputatlarının siyahısı,,,,,,,,,,,,,,,,,,,,,,,,,,,,,,,,,,,,,,,,,,
Q12836966,Ağacan Abiyev,Ağacan Abiyev,,male,1937-11-24,,,,https://upload.wikimedia.org/wikipedia/commons/2/2c/Ağacan_Abiyev_Polşa_Senatında.JPG,,,,,Ağacan Abıyev,,,,,Category:Ağacan Abiyev,,,,,,,,,,,,,,,,,,,,,,,,,,,,,,,,,,,,,,,,,,Ağacan Abıyev,,,,,,,,,,,,,,,,,,,,,,,,,,,,,,,,,,,,,,,,,,
Q12838167,Ceyhun Osmanlı,Ceyhun Osmanlı,,male,1982-01-30,,,,,,,,,Ceyhun Osmanlı,,,,,,,,,,,,,,,,,,,,,,,,,,,,,,,,,,,,,,,,,,,,,,,Ceyhun Osmanlı,,,,,,,,,,,,,,,,,,,,,,,,,,,,,,,,,,,,,,,,,,
Q12839020,Eldar İbrahimov,Eldar İbrahimov,,male,1945-03-12,,,,,,,,,Eldar İbrahimov,,,,,,,,,,,,,,,,,,,,,,,,,,,,,,,,,,,,,,,,,,,,,,,Eldar İbrahimov,,,,,,,,,,,,,,,,,,,,,,,,,,,,,,,,,,,,,,,,,,
Q12839099,Elmira Axundova,Elmira Axundova,,female,1953-05-26,,,,,,,,,Elmira Axundova (deputat),,,,,,,,,,,,,,,,,,,,,,,,,,,,,,,,,,,,,,,,,,,,,,,Elmira Axundova (deputat),,,,,,,,,,,,,,,,,,,,,writer,,,,,,,,,,,,,,,,,,,,,
Q12839143,Elton Məmmədov,Elton Məmmədov,,male,,,,,,,,,,Elton Məmmədov,,,,,,,,,,,,,,,,,,,,,,,,,,,,,,,,,,,,,,,,,,,,,,,Elton Məmmədov,,,,,,,,,,,,,,,,,,,,,,,,,,,,,,,,,,,,,,,,,,
Q12839470,Fazil Mustafa,Fazil Mustafa,,female,,,,,,,,,,Fazil Mustafa,,,,,,,,Fazil Mustafa,,,,,,,,,,,,,,,,,,,,,,,,,,,,,,,,,,,,,,,Fazil Mustafa,,,,,,,,,,,,,,,,,,,,,,,,,,,,,,,,,,,,,,,,,,
Q12839554,Flora Qasımova,Flora Qasımova,,female,1947,Flora,,,,,,,,Flora Qasımova,,,,,,,,,,,,,,,,,,,,,,,,,,,,,,,,,,,,,,,,,,,,,,,Flora Qasımova,,,,,,,,,,,,,,,,,,,,,,,,,,,,,,,,,,,,,,,,,,
Q12839739,Fərəc Quliyev,Fərəc Quliyev,,male,1962-12-22,,,,,,,,,Fərəc Quliyev,,,,,,,,,,,,,,,,,,,,,,,,,,,,,,,,,,,,,,,,,,,,,,,Fərəc Quliyev,,,,,,,,,,,,,,,,,,,,,,,,,,,,,,,,,,,,,,,,,,
Q12839767,Fəzail İbrahimli,Fəzail İbrahimli,,male,1951,,,,,,,,,Fəzail İbrahimli,,,,,,,,,,,,,,,,,,,,,,,,,,,,,,,,,,,,,,,,,,,,,,,Fəzail İbrahimli,,,,,,,,,,,,,,,,,,,,,,,,,,,,,,,,,,,,,,,,,,
Q12839846,Gövhər Baxşəliyeva,Gövhər Baxşəliyeva,Govhar Bakhshaliyeva,female,1954-11-26,,,,,,,,,Gövhər Baxşəliyeva,Govhar Bakhshaliyeva,"Бахшалиева, Говхар Бахшали кызы",,,,"Бахшалиева, Говхар Бахшали кызы",Govhar Bakhshaliyeva,,,,,Govhar Bakhshaliyeva,,,,,,,,,,,,,,,,,,,,,,,,,,,,,,,,,,,Gövhər Baxşəliyeva,,,,,,,,,,,,,,,,,,,,,,,,,,,,,,,,,,,,,,,,,,
Q12839980,Gülər Əhmədova,Gülər Əhmədova,Gular Ahmadova,female,1965-08-20,,,,https://upload.wikimedia.org/wikipedia/commons/c/c0/Gular-Ahmedova.jpg,,,,,Gülər Əhmədova,Gular Ahmadova,,,,,,Gular Ahmadova,,,,,Gular Ahmadova,,,,,,,,,,,,,,,,,,,,,,,,,,,,,,,,,,,Gülər Əhmədova,,,,,,,,,,,,,,,,,,,,,,,,,,,,,,,,,,,,,,,,,,
Q12840198,Hadı Rəcəbli,Hadı Rəcəbli,,male,1947-10-25,,,,https://upload.wikimedia.org/wikipedia/commons/b/bd/Hadi_Recebli.jpg,,,,,Hadi Rəcəbli,,,,,,,,,,,,,,,,,,,,,,,,,,,,,,,,,,,,,,,,,,,,,,,Hadi Rəcəbli,,,,,,,,,,,,,,,,,,,,,,,,,,,,,,,,,,,,,,,,,,
Q12840465,Hüseynbala Mirələmov,Hüseynbala Mirələmov,,,1945-06-25,,,,,,,,,Hüseynbala Mirələmov,,,,,,,,,,,,,,,,,,,,,,,,,,,,,,,,,,,,,,,,,,,,,,,Hüseynbala Mirələmov,,,,,,,,,,,,,,,,,,,,,writer,,,,,,,,,,,,,,,,,,,,,
Q12840703,Jalə Əliyeva,Jalə Əliyeva,,female,1966,,,,,,,,,Jalə Əliyeva,,,,,Category:Jalə Əliyeva,,,,,,,,,,,,,,,,,,,,,,,,,,,,,,,,,,,,,,,,,,Jalə Əliyeva,,,,,,,,,,,,,,,,,,,,,,,,,,,,,,,,,,,,,,,,,,
Q12841562,Madər Musayev,Madər Musayev,hadji mader,male,1947-11-26,,,,,,,,,Madər Musayev,,,,,,,,,hadji mader,,,,,,,,,,,,,,,,,,,,,,,,,,,,,,,,,,,,,,Madər Musayev,,,,,,,,,,,,,,,,,,,,,,,,,,,,,,,,,,,,,,,,,,
Q12842011,Mirkazım Kazımov,Mirkazım Kazımov,,male,,,,,,,,,,Mirkazım Kazımov,,,,,,,,,,,,,,,,,,,,,,,,,,,,,,,,,,,,,,,,,,,,,,,Mirkazım Kazımov,,,,,,,,,,,,,,,,,,,,,,,,,,,,,,,,,,,,,,,,,,
Q12842330,Musa Qasımlı,Musa Qasımlı,Musa Gasimli,male,1957-10-28,,,,https://upload.wikimedia.org/wikipedia/commons/a/ae/Musa_Qasımlı_Sumqayıtın_Tarixi_Muzeyində.JPG,,,,,Musa Qasımlı,Musa Gasimli,"Гасымлы, Муса Джафарович",,,Category:Musa Qasımlı,"Гасымлы, Муса Джафарович",,,,,,,,,,,,,,,,,,,,,,,,,,,,,,,,,,,Musa Qasımlı/Biblioqrafiya,,,,,,Musa Qasımlı,,,,,,,,,,,,,,,,,,,,,,,,,,,,,,,,,,,,,,,,,,
Q12842413,Mübariz Qurbanlı,Mübariz Qurbanlı,Mubariz Gurbanli,male,1954-01-07,,,,"https://upload.wikimedia.org/wikipedia/commons/4/4c/DQİDK_sədri_Mübariz_Qurbanlının_""Amerikanın_Səsi""nə_müsahibəsi_-_2.jpg",,,,,Mübariz Qurbanlı,Mubariz Gurbanli,Мубариз Гурбанлы,,,Category:Mübariz Qurbanlı,"Гурбанлы, Мубариз",,,,,,,,,,,,,,,,,,,,,,,,,,,,,,,,,,,,,,,,,Mübariz Qurbanlı,,,,,,,,,,,,,,,,,,,,,,,,,,,,,,,,,,,,,,,,,,
Q12843404,Novruzəli Aslanov,Novruzəli Aslanov,,male,1963-03-22,,,,,,,,,Novruzəli Aslanov,,,,,,,,,,,,,,,,,,,,,,,,,,,,,,,,,,,,,,,,,,,,,,,Novruzəli Aslanov,,,,,,,,,,,,,,,,,,,,,,,,,,,,,,,,,,,,,,,,,,
Q12844605,Qüdrət Həsənquliyev,Qüdrət Həsənquliyev,,male,1965-12-09,,,,,,,,,Qüdrət Həsənquliyev,,,,,,,,,,,,,,,,,,,,,,,,,,,,,,,,,,,,,,,,,,,,,,,Qüdrət Həsənquliyev,,,,,,,,,,,,,,,,,,,,,,,,,,,,,,,,,,,,,,,,,,
Q12844831,Rafael Cəbrayılov,Rafael Cəbrayılov,,male,1958-12-28,Rafael,,,,,,,,Rafael Cəbrayılov,,,,,,,,,,,,,,,,,,,,,,,,,,,,,,,,,,,,,,,,,,,,,,,Rafael Cəbrayılov,,,,,,,,,,,,,,,,,,,,,,,,,,,,,,,,,,,,,,,,,,
Q12845204,Rüstəm Xəlilov,Rüstəm Xəlilov,Rüstam Xalilov,male,,Rüstam,,,,,,,,Rüstəm Xəlilov,,,,,,,,,,,,,,,,,,,,,,,,,,,,,,,,,,,,,,,,,,,,,,,Rüstəm Xəlilov,,,,,,,,,,,,,,,,,,,,,,,,,,,,,,,,,,,,,,,,,,
Q12845295,Rəşad Mahmudov,Rəşad Mahmudov,,male,1974-01-18,,,,https://upload.wikimedia.org/wikipedia/commons/a/ae/R.mahmudov.jpg,,,,,Rəşad Mahmudov,,,,,Category:Rəşad Mahmudov,,,,,,,,,,,,,,,,,,,,,,,,,,,,,,,,,,,,,,,,,,Rəşad Mahmudov,,,,,,,,,,,,,,,,,,,,,,,,,,,,,,,,,,,,,,,,,,
Q12845656,Sevinc Fətəliyeva,Sevinc Fətəliyeva,,,,,,,,,,,,Sevinc Fətəliyeva,,,,,,,,,,,,,,,,,,,,,,,,,,,,,,,,,,,,,,,,,,,,,,,Sevinc Fətəliyeva,,,,,,,,,,,,,,,,,,,,,,,,,,,,,,,,,,,,,,,,,,
Q12846308,Səttar Mehbalıyev,Səttar Mehbalıyev,,male,1955,,,,,,,,,Səttar Mehbalıyev,,,,,,,,,,,,,,,,,,,,,,,,,,,,,,,,,,,,,,,,,,,,,,,Səttar Mehbalıyev,,,,,,,,,,,,,,,,,,,,,,,,,,,,,,,,,,,,,,,,,,
Q12846349,Tahir Süleymanov,Tahir Süleymanov,,male,1948-09-24,,,,,,,,,Tahir Süleymanov (siyasətçi),,,,,,,,,,,,,,,,,,,,,,,,,,,,,,,,,,,,,,,,,,,,,,,Tahir Süleymanov (siyasətçi),,,,,,,,,,,,,,,,,,,,,,,,,,,,,,,,,,,,,,,,,,
Q12847105,Valeh Ələsgərov,Valeh Ələsgərov,,male,1946-10-19,,,,,,,,,Valeh Ələsgərov,,,,,,,,,,,,,,,,,,,,,,,,,,,,,,,,,,,,,,,,,,,,,,,Valeh Ələsgərov,,,,,,,,,,,,,,,,,,,,,,,,,,,,,,,,,,,,,,,,,,
Q12847503,Xanhüseyn Kazımlı,Xanhüseyn Kazımlı,,,,,,,,,,,,Xanhüseyn Kazımlı,,,,,,,,,,,,,,,,,,,,,,,,,,,,,,,,,,,,,,,,,,,,,,,Xanhüseyn Kazımlı,,,,,,,,,,,,,,,,,,,,,,,,,,,,,,,,,,,,,,,,,,
Q12847511,Xanlar Fətiyev,Xanlar Fətiyev,,,1972-01-15,,,,,,,,,Xanlar Fətiyev,,,,,,,,,,,,,,,,,,,,,,,,,,,,,,,,,,,,,,,,,,,,,,,Xanlar Fətiyev,,,,,,,,,,,,,,,,,,,,,,,,,,,,,,,,,,,,,,,,,,
Q12848740,Ülvi Quliyev,Ülvi Quliyev,,male,1966-09-17,,,,,,,,,Ülvi Quliyev,,,,,,,,,,,,,,,,,,,,,,,,,,,,,,,,,,,,,,,,,,,,,,,Ülvi Quliyev,,,,,,,,,,,,,,,,,,,,,,,,,,,,,,,,,,,,,,,,,,
Q12848996,İmamverdi İsmayılov,İmamverdi İsmayılov,,male,1958-06-10,,,,,,,,,İmamverdi İsmayılov,,,,,,,,,,,,,,,,,,,,,,,,,,,,,,,,,,,,,,,,,,,,,,,İmamverdi İsmayılov,,,,,,,,,,,,,,,,,,,,,,,,,,,,,,,,,,,,,,,,,,
Q12849104,İqbal Ağazadə,İqbal Ağazadə,,male,1968-09-18,,,,,,,,,İqbal Ağazadə,,Игбал Фехруз оглы Агазаде,,,,,,,,,,,,,,,,,,,,,,,,,,,,,,,,,,,,,,,,,,,,,İqbal Ağazadə,,,,,,,,,,,,,,,,,,,,,,,,,,,,,,,,,,,,,,,,,,
Q12849106,İqbal Məmmədov,İqbal Məmmədov,,male,1965,,,,,,,,,İqbal Məmmədov,,,,,,,,,,,,,,,,,,,,,,,,,,,,,,,,,,,,,,,,,,,,,,,İqbal Məmmədov,,,,,,,,,,,,,,,,,,,,,,,,,,,,,,,,,,,,,,,,,,
Q12849768,Şəmsəddin Hacıyev,Şəmsəddin Hacıyev,,male,1950-11-08,,,,,,,,,Şəmsəddin Hacıyev,,,,,,,,,,,,,,,,,,,,,,,,,,,,,,,,,,,,,,,,,,,,,,,Şəmsəddin Hacıyev,,,,,,,,,,,,,,,,,,,,,,,,,,,,,,,,,,,,,,,,,,
Q12849884,Əflatun Amaşov,Əflatun Amaşov,,male,1957-04-26,,,,https://upload.wikimedia.org/wikipedia/commons/0/0a/Aflatun_Amashov_(30-09-2015-c).jpg,,,,,Əflatun Amaşov,,,,,Category:Əflatun Amaşov,,,,,,,,,,,,,,,,,,,,,,,,,,,,,,,,,,,,,,,,,,Əflatun Amaşov,,,,,,,,,,,,,,,,,,,,,journalist,,,,,,,,,,,,,,,,,,,,,
Q12850308,Ərəstun Cavadov,Ərəstun Cavadov,,,,,,,,,,,,Ərəstun Cavadov,,,,,,,,,,,,,,,,,,,,,,,,,,,,,,,,,,,,,,,,,,,,,,,Ərəstun Cavadov,,,,,,,,,,,,,,,,,,,,,,,,,,,,,,,,,,,,,,,,,,
Q13553633,Nizami Cəfərov,Nizami Cəfərov,,male,1959-09-21,,,18411288,,,,,,Nizami Cəfərov,,"Джафаров, Низами Гулу оглы",,,,"Джафаров, Низами Гулу оглы",,,,,,,Nizami Cəfərov,,,,,,,,,,,,,,,,,,,,,,,,,,,,,,,,,,Nizami Cəfərov,,147593573,,,,,,,,,,,,,,,,,,,,,,,,,,,,,,,,,,,,,,,,
Q14946401,Gülçöhrə Məmmədova,Gülçöhrə Məmmədova,Gülçöhrə Məmmədova,female,1953-04-24,,,,,,,,,Gülçöhrə Məmmədova,,,,,,,,,,Gülçöhre Memmedova,,,,Gülçöhre Memmedova,,,,,,,,,,,,,,,,,,,,,,,,,,Gülçöhrə Məmmədova,,,,,,,Gülçöhrə Məmmədova,,,,,,,Gülçöhrə Məmmədova,,,,,,,,,,,,,,architect,,,,,,,,,,,,,,,,,,,,,
Q16364594,Arif Alışanov,Arif Alışanov,,male,1960-07-30,,,,https://upload.wikimedia.org/wikipedia/commons/e/e4/Arif_Alishanov_comm.jpg,,,,,Arif Alışanov,,,,,Category:Arif Alishanov,,,,,,,,,,,,,,,,,,,,,,,,,,,,,,,,,,,,,,,,,,Arif Alışanov,,,,,,,,,,,,,,,,,,,,,,,,,,,,,,,,,,,,,,,,,,
Q16364619,Arif Rəhimzadə,Arif Rəhimzadə,,male,1941-02-03,,,,,,,,,Arif Rəhimzadə,,,,,,,,,,,,,,,,,,,,,,,,,,,,,,,,,,,,,,,,,,,,,,,Arif Rəhimzadə,,,,,,,,,,,,,,,,,,,,,,,,,,,,,,,,,,,,,,,,,,
Q16364732,Astan Şahverdiyev,Astan Şahverdiyev,,male,1947,,,,,,,,,Astan Şahverdiyev,,,,,,,,,,,,,,,,,,,,,,,,,,,,,,,,,,,,,,,,,,,,,,,Astan Şahverdiyev,,,,,,,,,,,,,,,,,,,,,,,,,,,,,,,,,,,,,,,,,,
Q16364940,Aytən Mustafayeva,Aytən Mustafayeva,,female,1968,,,,,,,,,Aytən Mustafazadə,,,,,Category:Ayten Mustafayeva,,,,,,,,,,,,,,,,,,,,,,,,,,,,,,,,,,,,,,,,,,Aytən Mustafazadə,,,,,,,,,,,,,,,,,,,,,,,,,,,,,,,,,,,,,,,,,,
Q16365430,Bahar Muradova,Bahar Muradova,Bahar Muradova,female,1962-03-20,,,,https://upload.wikimedia.org/wikipedia/commons/6/61/Bahar_Muradova_-_2016.jpg,,,,,Bahar Muradova,,,,,Category:Bahar Muradova,,Bahar Muradova,Bahar Muradova,Bahar Muradova,,,Bahar Muradova,,,,,,,,,,,,,,,,,,,,,,,,,,,,,,,,,,,Bahar Muradova,,,,,,,,,,,,,,,,,,,,,politician,,,,,,,,,,,,,,,,,,,,,
Q16365769,Bəxtiyar Sadıqov,Bəxtiyar Sadıqov,,,,,,,,,,,,Bəxtiyar Sadıqov,,,,,,,,,,,,,,,,,,,,,,,,,,,,,,,,,,,,,,,,,,,,,,,Bəxtiyar Sadıqov,,,,,,,,,,,,,,,,,,,,,,,,,,,,,,,,,,,,,,,,,,
Q16365787,Bəxtiyar Əliyev,Bəxtiyar Əliyev,,male,1961-03-20,,,,,,,,,Bəxtiyar Əliyev,,,,,,,,,,,,,,,,,,,,,,,,,,,,,,,,,,,,,,,,,,,,,,,Bəxtiyar Əliyev,,,,,,,,,,,,,,,,,,,,,,,,,,,,,,,,,,,,,,,,,,
Q16366024,Cavanşir Paşazadə,Cavanşir Paşazadə,,male,1953,,,,,,,,,Cavanşir Paşazadə,,,,,,,,,,,,,,,,,,,,,,,,,,,,,,,,,,,,,,,,,,,,,,,Cavanşir Paşazadə,,,,,,,,,,,,,,,,,,,,,,,,,,,,,,,,,,,,,,,,,,
Q16366053,Cavid Qurbanov,Cavid Qurbanov,,male,1958-09-19,,,,,,,,,Cavid Qurbanov,,,,,,,,Cavid Qurbanov,,,,,,,,,,,,,,,,,,,,,,,,,,,,,,,,,,,,,,,Cavid Qurbanov,,,,,,,,,,,,,,,,,,,,,,,,,,,,,,,,,,,,,,,,,,
Q16366652,Eldar Quliyev,Eldar Quliyev,Eldar Guliyev,male,1951,,,,https://upload.wikimedia.org/wikipedia/commons/7/7c/Eldar_Quliyev_professor.jpg,,,,,Eldar Quliyev (siyasətçi),Eldar Guliyev,,,,Category:Eldar Quliyev (siyasətçi),,,,,Eldar Kuliyev,,Eldar Guliyev,,Eldar Kuliyev,,,,,,,,,,,,,,,,,,,,,,,,,,,,,,,,,Eldar Quliyev (siyasətçi),,,,,,,,,,,,,,,,,,,,,politician,,,,,,,,,,,,,,,,,,,,,
Q16367846,Fərhad Qəribov,Fərhad Qəribov,,male,1952,,,,,,,,,Fərhad Qəribov,,,,,,,,,,,,,,,,,,,,,,,,,,,,,,,,,,,,,,,,,,,,,,,Fərhad Qəribov,,,,,,,,,,,,,,,,,,,,,,,,,,,,,,,,,,,,,,,,,,
Q16367961,Fəttah Heydərov,Fəttah Heydərov,,,1938-02-23,,,,,,,,,Fəttah Heydərov,,,,,,,,,,,,,,,,,,,,,,,,,,,,,,,,,,,,,,,,,,,,,,,Fəttah Heydərov,,,,,,,,,,,,,,,,,,,,,,,,,,,,,,,,,,,,,,,,,,
Q16368693,Hikmət Atayev,Hikmət Atayev,,,1953-02-04,,,,,,,,2013-03-07,Hikmət Atayev,,,,,,,,,,,,,,,,,,,,,,,,,,,,,,,,,,,,,,,,,,,,,,,Hikmət Atayev,,,,,,,,,,,,,,,,,,,,,,,,,,,,,,,,,,,,,,,,,,
Q16368696,Hikmət Babaoğlu,Hikmət Babaoğlu,Hikmət Məmmədov,male,1966,,,,https://upload.wikimedia.org/wikipedia/commons/b/b9/Babaoglu.jpg,,,,,Hikmət Babaoğlu,,,,,Category:Hikmət Babaoğlu,,,,,,,,,,,,,,,,,,,,,,,,,,,,,,,,,,,,Hikmət Babaoğlu/Biblioqrafiya,,,,,,Hikmət Babaoğlu,,,,,,,,,,,,,,,,,,,,,journalist,,,,,,,,,,,,,,,,,,,,,
Q16370420,Mixail Zabelin,Mixail Zabelin,,,1946,,,,,,,,,Mixail Zabelin,,,,,,,,,,,,,,,,,,,,,,,,,,,,,,,,,,,,,,,,,,,,,,,Mixail Zabelin,,,,,,,,,,,,,,,,,,,,,,,,,,,,,,,,,,,,,,,,,,
Q16370502,Musa Urud,Musa Urud,,male,1961-11-25,,,,https://upload.wikimedia.org/wikipedia/commons/6/60/Musa_Urud.jpg,,,,,Musa Urud,,,,,Category:Musa Urud,,,,,,,,,,,,,,,,,,,,,,,,,,,,,,,,,,,,,,,,,,Musa Urud,,,,,,,,,,,,,,,,,,,,,,,,,,,,,,,,,,,,,,,,,,
Q16371462,Naqif Həmzəyev,Naqif Həmzəyev,,male,1983-05-24,,,,,,,,,Naqif Həmzəyev,,,,,,,,,,,,,,,,,,,,,,,,,,,,,,,,,,,,,,,,,,,,,,,Naqif Həmzəyev,,,,,,,,,,,,,,,,,,,,,,,,,,,,,,,,,,,,,,,,,,
Q16371578,Nazim Fərəcov,Nazim Fərəcov,Nazim Faracov,male,1960,Nazim,,,,,,,,Nazim Fərəcov,,,,,,,,,,,,,,,,,,,,,,,,,,,,,,,,,,,,,,,,,,,,,,,Nazim Fərəcov,,,,,,,,,,,,,,,,,,,,,,,,,,,,,,,,,,,,,,,,,,
Q16372072,Nəsib Məhəməliyev,Nəsib Məhəməliyev,,,1961-02-11,,,,,,,,,Nəsib Məhəməliyev,,,,,,,,,,,,,,,,,,,,,,,,,,,,,,,,,,,,,,,,,,,,,,,Nəsib Məhəməliyev,,,,,,,,,,,,,,,,,,,,,,,,,,,,,,,,,,,,,,,,,,
Q16372868,Rafiq Məmmədhəsənov,Rafiq Məmmədhəsənov,,male,1945-09-26,,,,,,,,,Rafiq Məmmədhəsənov,,,,,,,,,,,,,,,,,,,,,,,,,,,,,,,,,,,,,,,,,,,,,,,Rafiq Məmmədhəsənov,,,,,,,,,,,,,,,,,,,,,,,,,,,,,,,,,,,,,,,,,,
Q16373861,Sahib Alıyev,Sahib Alıyev,,male,1964-08-24,,,,,,,,,Sahib Alıyev,,,,,,,,,,,,,,,,,,,,,,,,,,,,,,,,,,,,,,,,,,,,,,,Sahib Alıyev,,,,,,,,,,,,,,,,,,,,,journalist,,,,,,,,,,,,,,,,,,,,,
Q16373886,Sahibə Qafarova,Sahibə Qafarova,,female,,,,,,,,,,Sahibə Qafarova,,,,,,,,,,,,,,,,,,,,,,,,,,,,,,,,,,,,,,,,,,,,,,,Sahibə Qafarova,,,,,,,,,,,,,,,,,,,,,,,,,,,,,,,,,,,,,,,,,,
Q16374240,Siyavuş Novruzov,Siyavuş Novruzov,,male,1969-02-17,,,,https://upload.wikimedia.org/wikipedia/commons/d/d4/YAP_icra_katibinin_müavini_Siyavuş_Novruzov.jpg,,,,,Siyavuş Novruzov,,,,,,,,,,,,,,,,,,,,,,,,,,,,,,,,,,,,,,,,,,,,,,,Siyavuş Novruzov,,,,,,,,,,,,,,,,,,,,,,,,,,,,,,,,,,,,,,,,,,
Q16374527,Sədaqət Vəliyeva,Sədaqət Vəliyeva,,female,1954-12-23,,,,https://upload.wikimedia.org/wikipedia/commons/c/c4/Sədaqət_Vəliyeva.jpg,,,,,Sədaqət Vəliyeva,,,,,,,,,,,,,,,,,,,,,,,,,,,,,,,,,,,,,,,,,,,,,,,Sədaqət Vəliyeva,,,,,,,,,,,,,,,,,,,,,,,,,,,,,,,,,,,,,,,,,,
Q16374817,Tahir Kərimli,Tahir Kərimli,,male,1956-03-05,,,,,,,,,Tahir Kərimli,,,,,,,,,,,,,,,,,,,,,,,,,,,,,,,,,,,,,,,,,,,,,,,Tahir Kərimli,,,,,,,,,,,,,,,,,,,,,,,,,,,,,,,,,,,,,,,,,,
Q16374822,Tahir Rzayev,Tahir Rzayev,,male,,,,,,,,,,Tahir Rzayev,,,,,,,,,,,,,,,,,,,,,,,,,,,,,,,,,,,,,,,,,,,,,,,Tahir Rzayev,,,,,,,,,,,,,,,,,,,,,,,,,,,,,,,,,,,,,,,,,,
Q16376573,Zahid Oruc,Zahid Oruc,,male,1972-02-01,,,,https://upload.wikimedia.org/wikipedia/commons/4/45/Zahid_Oruc2.jpg,,,,,Zahid Oruc,,,,,Category:Zahid Oruc,,Zahid Oruc,Zahid Oruc,,,,Zahid Oruc,,,,,,,,,,,,,,,,,,,,,,,,,,,,,,,,,,,Zahid Oruc,,,,,,,,,,,,,,,,,,,,,politician,,,,,,,,,,,,,,,,,,,,,
Q16377052,Çingiz Əsədullayev,Çingiz Əsədullayev,,male,1960,,,,,,,,,Çingiz Əsədullayev,,,,,,,,,,,,,,,,,,,,,,,,,,,,,,,,,,,,,,,,,,,,,,,Çingiz Əsədullayev,,,,,,,,,,,,,,,,,,,,,,,,,,,,,,,,,,,,,,,,,,
Q16377500,İlyas İsmayılov,İlyas İsmayılov,,male,1938-03-20,,,,,,,,,İlyas İsmayılov,,,,,,,,,,,,,,,,,,,,,,,,,,,,,,,,,,,,,,,,,,,,,,,İlyas İsmayılov,,,,,,,,,,,,,,,,,,,,,,,,,,,,,,,,,,,,,,,,,,
Q16377939,Şahin İsmayilov,Şahin İsmayilov,,male,1986-02-07,,,,,,,,,Şahin İsmayilov,,,,,,,,,,,,,,,,,,,,,,,,,,,,,,,,,,,,,,,,,,,,,,,Şahin İsmayilov,,,,,,,,,,,,,,,,,,,,,,,,,,,,,,,,,,,,,,,,,,
Q16378622,Əhməd Vəliyev,Əhməd Vəliyev,,male,1946-11-29,,,,https://upload.wikimedia.org/wikipedia/commons/4/4c/Ahmed_veliyev.jpg,,,,,Əhməd Vəliyev,,,,,,,,,,,,,,,,,,,,,,,,,,,,,,,,,,,,,,,,,,,,,,,Əhməd Vəliyev,,,,,,,,,,,,,,,,,,,,,,,,,,,,,,,,,,,,,,,,,,
Q16378771,Əli Hüseynli,Əli Hüseynli,,male,1968,,,,,,,,,Əli Hüseynli,,,,,Category:Əli Hüseynli,,,,,,,,,,,,,,,,,,,,,,,,,,,,,,,,,,,,,,,,,,Əli Hüseynli,,,,,,,,,,,,,,,,,,,,,,,,,,,,,,,,,,,,,,,,,,
Q16416293,Rüfət Quliyev,Rüfət Quliyev,Rüfət Quliyev,male,1963-05-06,,,,https://upload.wikimedia.org/wikipedia/commons/7/7d/Rufet_Quliyev.png,,,,,Rüfət Quliyev,Rufet Quliyev,"Гулиев, Руфат Атакиши оглу",,,Category:Rüfət Quliyev,"Гулиев, Руфат Атакиши оглу",,Rüfət Quliyev,,,,Rüfət Quliyev,,,,,,,,,,,,,,,,,,,,,,,,,,,,,,,,,,,Rüfət Quliyev,,,,,,,,,,,,,,,,,,,,,politician,,,,,,,,,,,,,,,,,,,,,
Q18427673,Elman Nəsirov,Elman Nəsirov,,male,1968-04-30,,,,,,,,,Elman Nəsirli,,Эльман Насиров,,,,"Насиров, Эльман Худам оглы",,,,,,,,,,,,,,,,,,,,,,,,,,,,,,,,,,,,,,,,,Elman Nəsirli,,,,,,,,,,,,,,,,,,,,,politician,,,,,,,,,,,,,,,,,,,,,
Q18574122,Rafael Hüseynov,Rafael Hüseynov,,male,1955-08-12,Rafael,,,,,,,,Rafael Hüseynov,,Рафаэль Гусейнов,,Rafael Hüseynov,,"Гусейнов, Рафаэль Баба оглу",,,,,,,,,,,,,,,,,,,,,,,,,,Rafael Hüseynov,,,,,,,,,,,,,,,Rafael Hüseynov,,,,,,,,,,,,,,,,,,,,,,,,,,,,,,,,,,,,,,,,,,
Q19713062,Aqiyə Naxçıvanlı,Aqiyə Naxçıvanlı,,female,1950-03-11,,,,,,,,,Aqiyə Naxçıvanlı,,,,,,,,,,,,,,,,,,,,,,,,,,,,,,,,,,,,,,,,,,,,,,,Aqiyə Naxçıvanlı,,,,,,,,,,,,,,,,,,,,,,,,,,,,,,,,,,,,,,,,,,
Q19713074,Arif Əşrəfov,Arif Əşrəfov,,male,,,,,,,,,,Arif Əşrəfov,,,,,,,,,,,,,,,,,,,,,,,,,,,,,,,,,,,,,,,,,,,,,,,Arif Əşrəfov,,,,,,,,,,,,,,,,,,,,,,,,,,,,,,,,,,,,,,,,,,
Q19713195,Ayaz Orucov,Ayaz Orucov,,,,,,,,,,,,Ayaz Orucov,,,,,,,,,,,,,,,,,,,,,,,,,,,,,,,,,,,,,,,,,,,,,,,Ayaz Orucov,,,,,,,,,,,,,,,,,,,,,,,,,,,,,,,,,,,,,,,,,,
Q19713275,Azər Badamov,Azər Badamov,,,,,,,,,,,,Azər Badamov,,,,,,,,,,,,,,,,,,,,,,,,,,,,,,,,,,,,,,,,,,,,,,,Azər Badamov,,,,,,,,,,,,,,,,,,,,,,,,,,,,,,,,,,,,,,,,,,
Q19713418,Ağalar Vəliyev,Ağalar Vəliyev,,,1957-07-23,,,,,,,,,Ağalar Vəliyev,,,,,,,,,,,,,,,,,,,,,,,,,,,,,,,,,,,,,,,,,,,,,,,Ağalar Vəliyev,,,,,,,,,,,,,,,,,,,,,,,,,,,,,,,,,,,,,,,,,,
Q19713709,Cavanşir Feyziyev,Cavanşir Feyziyev,,,,,,,,,,,,Cavanşir Feyziyev,,,,,,,,,,,,,,,,,,,,,,,,,,,,,,,,,,,,,,,,,,,,,,,Cavanşir Feyziyev,,,,,,,,,,,,,,,,,,,,,,,,,,,,,,,,,,,,,,,,,,
Q19713943,Elxan Süleymanov,Elxan Süleymanov,,male,1940,,,,,,,,,Elxan Süleymanov (siyasətçi),,,,,,,,,,,,,,,,,,,,,,,,,,,,,,,,,,,,,,,,,,,,,,,Elxan Süleymanov (siyasətçi),,,,,,,,,,,,,,,,,,,,,,,,,,,,,,,,,,,,,,,,,,
Q19713963,Etibar Hüseynov,Etibar Hüseynov,,,,,,,,,,,,Etibar Hüseynov,,,,,,,,,,,,,,,,,,,,,,,,,,,,,,,,,,,,,,,,,,,,,,,Etibar Hüseynov,,,,,,,,,,,,,,,,,,,,,,,,,,,,,,,,,,,,,,,,,,
Q19714448,Kamilə Əliyeva,Kamilə Əliyeva,,,,,,,,,,,,Kamilə Əliyeva,,,,,,,,,,,,,,,,,,,,,,,,,,,,,,,,,,,,,,,,,,,,,,,Kamilə Əliyeva,,,,,,,,,,,,,,,,,,,,,,,,,,,,,,,,,,,,,,,,,,
Q19714647,Leyla Abdullayeva,Leyla Abdullayeva,,,,,,,,,,,,Leyla Abdullayeva,,,,,,,,,,,,,,,,,,,,,,,,,,,,,,,,,,,,,,,,,,,,,,,Leyla Abdullayeva,,,,,,,,,,,,,,,,,,,,,,,,,,,,,,,,,,,,,,,,,,
Q19714684,Mahir Aslanov,Mahir Aslanov,,male,,,,,,,,,,Mahir Aslanov,,,,,,,,,,,,,,,,,,,,,,,,,,,,,,,,,,,,,,,,,,,,,,,Mahir Aslanov,,,,,,,,,,,,,,,,,,,,,,,,,,,,,,,,,,,,,,,,,,
Q19714703,Malik Həsənov,Malik Həsənov,Malik Hasanov,male,,Malik,,,,,,,,Malik Həsənov,,,,,,,,,,,,Malik Hasanov,,,,,,,,,,,,,,,,,,,,,,,,,,,,,,,,,,,Malik Həsənov,,,,,,,,,,,,,,,,,,,,,,,,,,,,,,,,,,,,,,,,,,
Q19715053,Nəriman Əliyev,Nəriman Əliyev,,,,,,,,,,,,Nəriman Əliyev (siyasətçi),,,,,,,,,,,,,,,,,,,,,,,,,,,,,,,,,,,,,,,,,,,,,,,Nəriman Əliyev (siyasətçi),,,,,,,,,,,,,,,,,,,,,,,,,,,,,,,,,,,,,,,,,,
Q19715204,Qalib Salahzadə,Qalib Salahzadə,,male,,,,,,,,,,Qalib Salahzadə,,,,,,,,,,,,,,,,,,,,,,,,,,,,,,,,,,,,,,,,,,,,,,,Qalib Salahzadə,,,,,,,,,,,,,,,,,,,,,,,,,,,,,,,,,,,,,,,,,,
Q19715482,Rauf Əliyev,Rauf Əliyev,,,,,,,,,,,,Rauf Əliyev (siyasətçi),,,,,,,,,,,,,,,,,,,,,,,,,,,,,,,,,,,,,,,,,,,,,,,Rauf Əliyev (siyasətçi),,,,,,,,,,,,,,,,,,,,,,,,,,,,,,,,,,,,,,,,,,
Q19715508,Rövşən Rzayev,Rövşən Rzayev,Rövşən Rzayev,male,,,,,,,,,,Rövşən Rzayev (siyasətçi),,,,,,,,,,,,Rövşən Rzayev,,,,,,,,,,,,,,,,,,,,,,,,,,,,,,,,,,,Rövşən Rzayev (deputat),,,,,,,,,,,,,,,,,,,,,politician,,,,,,,,,,,,,,,,,,,,,
Q19715525,Sabir Hacıyev,Sabir Hacıyev,,male,1954,,,,,,,,,Sabir Hacıyev (siyasətçi),,,,,,,,,,,,,,,,,,,,,,,,,,,,,,,,,,,,,,,,,,,,,,,Sabir Hacıyev (siyasətçi),,,,,,,,,,,,,,,,,,,,,,,,,,,,,,,,,,,,,,,,,,
Q19715616,Sevinc Hüseynova,Sevinc Hüseynova,,,,,,,,,,,,Sevinc Hüseynova,,,,,,,,,,,,,,,,,,,,,,,,,,,,,,,,,,,,,,,,,,,,,,,Sevinc Hüseynova,,,,,,,,,,,,,,,,,,,,,,,,,,,,,,,,,,,,,,,,,,
Q19716272,Çingiz Qənizadə,Çingiz Qənizadə,,male,,,,,,,,,,Çingiz Qənizadə,,,,,,,,,,,,,,,,,,,,,,,,,,,,,,,,,,,,,,,,,,,,,,,Çingiz Qənizadə,,,,,,,,,,,,,,,,,,,,,,,,,,,,,,,,,,,,,,,,,,
Q19716382,İlham Məmmədov,İlham Məmmədov,,,,,,,,,,,,İlham Məmmədov (siyasətçi),,,,,,,,,,,,,,,,,,,,,,,,,,,,,,,,,,,,,,,,,,,,,,,İlham Məmmədov (siyasətçi),,,,,,,,,,,,,,,,,,,,,,,,,,,,,,,,,,,,,,,,,,
Q19716385,İlham Əliyev,İlham Əliyev,,,,,,,,,,,,İlham Əliyev (deputat),,,,,,,,,,,,,,,,,,,,,,,,,,,,,,,,,,,,,,,,,,,,,,,İlham Əliyev (deputat),,,,,,,,,,,,,,,,,,,,,,,,,,,,,,,,,,,,,,,,,,
Q19716722,Əsabil Qasımov,Əsabil Qasımov,,,,,,,,,,,,Əsabil Qasımov,,,,,,,,,,,,,,,,,,,,,,,,,,,,,,,,,,,,,,,,,,,,,,,Əsabil Qasımov,,,,,,,,,,,,,,,,,,,,,,,,,,,,,,,,,,,,,,,,,,
Q19838096,Hacı Salayev,Hacı Salayev,Hacı Salayev,male,1968-06-28,,,,https://upload.wikimedia.org/wikipedia/commons/b/bc/HaciSalayev.jpg,,,,,Hacı Salayev,,,,,Category:Hacı Salayev,,,,,,,Hacı Salayev,,,,,,,,,,,,,,,,,,,,,,,,,,,,,,,,,,,Hacı Salayev,,,,,,,,,,,,,,,,,,,,,,,,,,,,,,,,,,,,,,,,,,
Q1995614,Rövnəq Abdullayev,Rövnəq Abdullayev,Rovnag Abdullayev,male,1965-04-03,,,,,,,,,Rövnəq Abdullayev,Rovnag Abdullayev,"Абдуллаев, Ровнаг Ибрагим оглы",,,Category:Rövnəq Abdullayev,"Абдуллаев, Ровнаг Ибрагим оглы",Rovnag Abdullayev,Rovnag Abdullayev,Rövnəq Abdullayev,Rövnag Abdullayev,Rovnag Abdullayev,Rovnag Abdullayev,,Rövnag Abdullayev,,رووناگ عبدالله‌یف,,,,,,,,,روونگ عبدالله‌یف,,,,,,,,,,Rovnag Abdullayev,Rövnəq Abdullayev,Rovnag Abdullayev,,,,,,,,,,Rövnəq Abdullayev,,,,,,,,,,,,,,,,,,,,,businessperson,,Ρόβναγκ Αμπντουλάγιεφ,,,,,,,,,,,,,,,,,,,Abdullayev
Q2047294,Aydın Mirzəzadə,Aydın Mirzəzadə,Aydin Mirzazade,male,1957-07-02,Aydin,,24032692,,,,,,Aydın Mirzəzadə,Aydin Mirzazade,"Мирзазаде, Айдын",,,Category:Aydın Mirzəzadə,"Мирзазаде, Айдын",Aydin Mirzazade,,Aydin Mirzazade,Aydın Mirzazade,Aydin Mirzazade,Aydin Mirzazade,Aydın Mirzəzadə,Aydın Mirzazade,,,,,,,艾登·米爾扎扎傑,,,,,,,,,,,,,,,,,,,,,,,,,,Aydın Mirzəzadə,,,,,,,,,,,,,,,,,,,,,politician,,,,,,,,,,,,,,,,,,,,,
Q20556703,Aslan Cəfərov,Aslan Cəfərov,,,,,,,,,,,,Aslan Cəfərov,,,,,,,,,,,,,,,,,,,,,,,,,,,,,,,,,,,,,,,,,,,,,,,Aslan Cəfərov,,,,,,,,,,,,,,,,,,,,,,,,,,,,,,,,,,,,,,,,,,
Q20560414,Mahir Abbaszadə,Mahir Abbaszadə,,male,1975-10-27,,,,https://upload.wikimedia.org/wikipedia/commons/2/22/Mahir_Abbaszadə.jpg,,,,,Mahir Abbaszadə,,,,,Category:Mahir Abbaszadə,,,,,,,,,,,,,,,,,,,,,,,,,,,,,,,,,,,,,,,,,,Mahir Abbaszadə,,,,,,,,,,,,,,,,,,,,,economist,,,,,,,,,,,,,,,,,,,,,
Q23304292,Tahir Mirkişili,Tahir Mirkişili,Tahir Mirkişili,male,1977-06-07,,,,https://upload.wikimedia.org/wikipedia/commons/4/47/Tahir_Mirkişili.jpg,,,,,Tahir Mirkişili,,,,,Category:Tahir Mirkişili,,Tahir Mirkişili,,,,,Tahir Mirkişili,,,,,,,,,,,,,,,,,,,,,,,,,,,,,,,,,,,Tahir Mirkişili,,,,,,,,,,,,,,,,,,,,,politician,,,,,,,,,,,,,,,,,,,,,
Q23683183,Anar Umudov,Anar Umudov,,male,1983-06-09,,,,,,,,,Anar Umudov,,,,,,,,,,,,,,,,,,,,,,,,,,,,,,,,,,,,,,,,,,,,,,,Anar Umudov,,,,,,,,,,,,,,,,,,,,,,,,,,,,,,,,,,,,,,,,,,
Q24698931,Vüsal Hüseynov,Vüsal Hüseynov,Vüsal Hüseynov,male,,,,,,,,,,Vüsal Hüseynov,,,,,,,,,,,,Vüsal Hüseynov,,,,,,,,,,,,,,,,,,,,,,,,,,,,,,,,,,,Vüsal Hüseynov,,,,,,,,,,,,,,,,,,,,,politician,,,,,,,,,,,,,,,,,,,,,
Q2507445,Zeynəb Xanlarova,Zeynəb Xanlarova,Zeynab Khanlarova,female,1936-12-28,,,4495836,,/m/06zjqk7,,,,Zeynəb Xanlarova,Zeynab Khanlarova,"Ханларова, Зейнаб Яхъя кызы",Զեյնաբ Խանլարովա,Zeynəb Xanlarova,,"Ханларова, Зейнаб Яхъя кызы",Zeynab Khanlarova,,,Zeyneb Hanlarova,Zeynab Khanlarova,Zeynab Khanlarova,Zeynəb Xanlarova,Zeyneb Hanlarova,Zejnab Chanlarova,زینب خانلاروا,,ზეინაბ ხანლაროვა,,,,,,Zejnab Chanlarova,زینب خانلاروا,,Զեյնաբ Խանլարովա,,,ზეინაბ ხანლაროვა,,Zeynəb Xanlarova,,,,,,,,Zeynab Khanlarova,,,Зейнаб Ханралова,Зейнаб Ханралова,,,Zeynəb Xanlarova,,,,,,,,,,,,,,,ゼイナプ・ハンラロヴァ,,,,,,singer,,Ζεϊνάμπ Χανλάροβα,,,,,,,,,,,,Zeynab Khanlarova,Ζεϊνάμπ Χανλάροβα,,,,Зейнаб Ханларова,Зейнаб Ханларова,
Q25546742,Azərbaycan Respublikası Milli Məclisinin deputatlarının siyahısı,Azərbaycan Respublikası Milli Məclisinin deputatlarının siyahısı,,,,,,,,,,,,Azərbaycan Respublikası Milli Məclisinin V çağırış deputatlarının siyahısı,,,,,,,,,,,,,,,,,,,,,,,,,,,,,,,,,,,,,,,,,,,,,,,Azərbaycan Respublikası Milli Məclisinin V çağırış deputatlarının siyahısı,,,,,,,,,,,,,,,,,,,,,,,,,,,,,,,,,,,,,,,,,,
Q28527525,Dilarə Cəbrayılova,Dilarə Cəbrayılova,,,,,,,,,,,,Dilarə Cəbrayılova,,,,,,,,,,,,,,,,,,,,,,,,,,,,,,,,,,,,,,,,,,,,,,,Dilarə Cəbrayılova,,,,,,,,,,,,,,,,,,,,,politician,,,,,,,,,,,,,,,,,,,,,
Q28527824,Aydın Hüseynov,Aydın Hüseynov,Aydın Hüseynov,,,,,,,,,,,Aydın Hüseynov,,,,,,,,,,,,Aydın Hüseynov,,,,,,,,,,,,,,,,,,,,,,,,,,,,,,,,,,,Aydın Hüseynov,,,,,,,,,,,,,,,,,,,,,politician,,,,,,,,,,,,,,,,,,,,,
Q28527842,Eldəniz Səlimov,Eldəniz Səlimov,Eldəniz Səlimov,,,,,,,,,,,Eldəniz Səlimov,,,,,,,,,,,,Eldəniz Səlimov,,,,,,,,,,,,,,,,,,,,,,,,,,,,,,,,,,,Eldəniz Səlimov,,,,,,,,,,,,,,,,,,,,,politician,,,,,,,,,,,,,,,,,,,,,
Q28527849,Elçin Quliyev,Elçin Quliyev,Elçin Quliyev,,,,,,,,,,,Elçin Quliyev (siyasətçi),,,,,,,,,,,,Elçin Quliyev,,,,,,,,,,,,,,,,,,,,,,,,,,,,,,,,,,,Elçin Quliyev (siyasətçi),,,,,,,,,,,,,,,,,,,,,politician,,,,,,,,,,,,,,,,,,,,,
Q28527851,Elşad Həsənov,Elşad Həsənov,Elşad Həsənov,,,,,,,,,,,Elşad Həsənov,,,,,,,,,,,,Elşad Həsənov,,,,,,,,,,,,,,,,,,,,,,,,,,,,,,,,,,,Elşad Həsənov,,,,,,,,,,,,,,,,,,,,,politician,,,,,,,,,,,,,,,,,,,,,
Q28527854,Elşən Musayev,Elşən Musayev,Elşən Musayev,,,,,,,,,,,Elşən Musayev,,,,,,,,,,,,Elşən Musayev,,,,,,,,,,,,,,,,,,,,,,,,,,,,,,,,,,,Elşən Musayev,,,,,,,,,,,,,,,,,,,,,politician,,,,,,,,,,,,,,,,,,,,,
Q28527858,Kamaləddin Qafarov,Kamaləddin Qafarov,Kamaləddin Qafarov,,,,,,,,,,,Kamaləddin Qafarov,,,,,,,,,,,,Kamaləddin Qafarov,,,,,,,,,,,,,,,,,,,,,,,,,,,,,,,,,,,Kamaləddin Qafarov,,,,,,,,,,,,,,,,,,,,,politician,,,,,,,,,,,,,,,,,,,,,
Q28527860,Kamran Bayramov,Kamran Bayramov,Kamran Bayramov,male,,,,,,,,,,Kamran Bayramov,,,,,,,,,,,,Kamran Bayramov,,,,,,,,,,,,,,,,,,,,,,,,,,,,,,,,,,,Kamran Bayramov,,,,,,,,,,,,,,,,,,,,,politician,,,,,,,,,,,,,,,,,,,,,
Q28527862,Kamran Nəbizadə,Kamran Nəbizadə,Kamran Nəbizadə,,,,,,,,,,,Kamran Nəbizadə,,,,,,,,,,,,Kamran Nəbizadə,,,,,,,,,,,,,,,,,,,,,,,,,,,,,,,,,,,Kamran Nəbizadə,,,,,,,,,,,,,,,,,,,,,politician,,,,,,,,,,,,,,,,,,,,,
Q28527864,Mirzəcan Xəlilov,Mirzəcan Xəlilov,Mirzəcan Xəlilov,,,,,,,,,,,Mirzəcan Xəlilov,,,,,,,,,,,,Mirzəcan Xəlilov,,,,,,,,,,,,,,,,,,,,,,,,,,,,,,,,,,,Mirzəcan Xəlilov,,,,,,,,,,,,,,,,,,,,,politician,,,,,,,,,,,,,,,,,,,,,
Q28527865,Müslüm Məmmədov,Müslüm Məmmədov,Müslüm Məmmədov,male,,,,,,,,,,Müslüm Məmmədov (deputat),,,,,,,,,,,,Müslüm Məmmədov,,,,,,,,,,,,,,,,,,,,,,,,,,,,,,,,,,,Müslüm Məmmədov (deputat),,,,,,,,,,,,,,,,,,,,,politician,,,,,,,,,,,,,,,,,,,,,
Q28527868,Pərvin Kərimzadə,Pərvin Kərimzadə,Pərvin Kərimzadə,,,,,,,,,,,Pərvin Kərimzadə,,,,,,,,,,,,Pərvin Kərimzadə,,,,,,,,,,,,,,,,,,,,,,,,,,,,,,,,,,,Pərvin Kərimzadə,,,,,,,,,,,,,,,,,,,,,politician,,,,,,,,,,,,,,,,,,,,,
Q28527870,Sona Əliyeva,Sona Əliyeva,Sona Əliyeva,female,,,,,,,,,,Sona Əliyeva (siyasətçi),,,,,,,,,,,,Sona Əliyeva,,,,,,,,,,,,,,,,,,,,,,,,,,,,,,,,,,,Sona Əliyeva (deputat),,,,,,,,,,,,,,,,,,,,,politician,,,,,,,,,,,,,,,,,,,,,
Q28527872,Ülviyyə Ağayeva,Ülviyyə Ağayeva,Ülviyyə Ağayeva,female,,,,,,,,,,Ülviyyə Ağayeva,,,,,,,,,,,,Ülviyyə Ağayeva,,,,,,,,,,,,,,,,,,,,,,,,,,,,,,,,,,,Ülviyyə Ağayeva,,,,,,,,,,,,,,,,,,,,,politician,,,,,,,,,,,,,,,,,,,,,
Q4054391,Aqil Abbas,Aqil Abbas,Agil Abbas,male,1953-04-01,,,305040090,,/m/0zrrwtq,,,,Aqil Abbas,Agil Abbas,"Аббасов, Агиль Магомед оглы",,,Category:Aqil Abbas,"Аббасов, Агиль Магомед оглы",Agil Abbas,,Agil Abbas,,Agil Abbas,Agil Abbas,Aqil Abbas,,,,,,,,,,,,,,,,,,,,,,,,,,,,,,,,,,Aqil Abbas,,,,,,,,,,,,,,,,,,,,,journalist,,,,,,,,,,,,,,,,,,,,,
Q4054393,Aydın Abbasov,Aydın Abbasov,Aydin Abbasov,male,1976-08-26,Aydin,5689,,https://upload.wikimedia.org/wikipedia/commons/1/17/Aydın_Abbasov.jpg,,,,,Aydın Abbasov,,"Аббасов, Айдын Аббас оглы",,,,"Аббасов, Айдын Аббас оглы",Aydin Abbasov,Aydin Abbasov,Aydin Abbasow,,,Aydin Abbasov,,,,,,,,,,,,,,,,,,,,,,,,,,,,,,,,,,,Aydın Abbasov,,,,,,,,,,,,,,,,,,,,,politician,,,,,,,,,,,,,,,,,,,,,
Q4056585,Fəzail Ağamalı,Fəzail Ağamalı,,male,1947-08-26,,,,,,,,,Fəzail Ağamalı,,"Агамалы, Фазаил Рагим оглы",,,,"Агамалы, Фазаил Рагим оглы",,,,,,,,,,,,,,,,,,,,,,,,,,,,,,,,,,,,,,,,,Fəzail Ağamalı,,,,,,,,,,,,,,,,,,,,,,,,,,,,,,,,,,,,,,,,,,
Q4062290,Cəlal Əliyev,Cəlal Əliyev,Jalal Aliyev,male,1928-06-30,Jalal,,21098354,,,,n84237076,2016-01-31,Cəlal Əliyev,Jalal Aliyev,"Алиев, Джалал Алирза оглы",,,,"Алиев, Джалал Алирза оглы",,,,Celal Aliyev,,Jalal Aliyev,,Celal Aliyev,,,,,,,,,,,,,,,,,,,,,,,,,,,Cəlal Əliyev/Biblioqrafiya,,,,,,Cəlal Əliyev,,,0000 0001 1468 8967,n2005003918,000123940,,,,,,,,,,,,,/g/121qslhl,,,scientist,,,,,,,,,,,,,,,,,,,,,
Q4062335,Araz Əlizadə,Araz Əlizadə,,male,1951-11-03,,,,,,,,,Araz Əlizadə,,"Ализаде, Араз Мамед-Мубариз оглы",,,,"Ализаде, Араз Мамед-Мубариз оглы",,,,,,,,,,,,,,,,,,,,,,,,,,,,,,,,,,,,,,,,,Araz Əlizadə,,,,,,,,,,,,,,,,,,,,,politician,,,,,,,,,,,,,,,,,,,,,
Q4064363,Əhliman Əmiraslanov,Əhliman Əmiraslanov,Ahliman Amiraslanov,male,1947-11-17,,,26432294,https://upload.wikimedia.org/wikipedia/commons/5/59/Əhliman_Əmiraslanov.jpg,,,n2002134190,,Əhliman Əmiraslanov,Ahliman Amiraslanov,"Амирасланов, Ахлиман Тапдыг оглы",,,Category:Əhliman Əmiraslanov,"Амирасланов, Ахлиман Тапдыг оглы",Ehliman Emiraslanov,,Ehliman Emiraslanov,Ehliman Emiraslanov,Ahliman Amiraslanov,Ahliman Amiraslanov,Əhliman Əmiraslanov,Ehliman Emiraslanov,,,,,,,,,,,,Ehliman Emiraslanov,,,,,,,,,,Əhliman Əmiraslanov,,,,,Kateqoriya:Əhliman Əmiraslanov,Ahliman Amiraslanov,,,Ehliman Emiraslanov,Ehliman Emiraslanov,Əhliman Əmiraslanov,,,,,,,,,,,,,,,,,,,,,oncologist,,,,,,,,,,,,,,,,,,,,,
Q4071114,Oqtay Əsədov,Oqtay Əsədov,Ogtay Asadov,male,1955-01-03,,,,https://upload.wikimedia.org/wikipedia/commons/e/eb/Ogtay_Asadov_Senate_of_Poland_01.JPG,/m/0fq25bv,,,,Oqtay Əsədov,Ogtay Asadov,"Асадов, Октай Сабир оглы",,Oqtay Əsədov,Category:Ogtay Asadov,"Асадов, Октай Сабир оглы",,,,,Ogtay Asadov,Ogtay Asadov,,,,اوگتای اسدف,,,,,,,,,اوگتای اسدف,,,,,,,Oqtay Əsədov,,,,,,,,,,Ogtay Asadov,,,,,Oqtay Əsədov,,,,,,,Ogtay Asadov,,,,,,,,,,,,,,politician,,,,,,,,,,,,,,,,,,,,,
Q4071295,Ziyafət Əsgərov,Ziyafət Əsgərov,Ziyafat Asgarov,male,1963-10-24,,,,,,,,,Ziyafət Əsgərov,Ziyafat Asgarov,"Аскеров, Зияфет Аббас оглы",,,,"Аскеров, Зияфет Аббас оглы",Ziyafat Asgarov,,,,Ziyafat Asgarov,Ziyafat Asgarov,,,,,,,,,,,,,,,,,,,,,,,,,,,,,,,,,,,Ziyafət Əsgərov,,,,,,,Ziyafat Asgarov,,,,,,,,,,,,,,politician,,,,,,,,,,,,,,,,,,,,,
Q4071351,Rəbiyyət Aslanova,Rəbiyyət Aslanova,,female,1951-07-04,,,,https://upload.wikimedia.org/wikipedia/commons/7/7e/Rabiyyat_Aslanova.jpg,,,,,Rəbiyyət Aslanova,,"Асланова, Рабият Нурулла кызы",,,Category:Rabiyyat Aslanova,"Асланова, Рабият Нурулла кызы",,,,,,,,,,,,,,,,,,,,,,,,,,,,,,,,,,,,,,,,,Rəbiyyət Aslanova,,,,,,,,,,,,,,,,,,,,,politician,,,,,,,,,,,,,,,,,,,,,
Q4073064,Əli Əhmədov,Əli Əhmədov,,male,1953-01-27,,,,https://upload.wikimedia.org/wikipedia/commons/4/45/YAP_İcra_katibi_Əli_Əhmədov.JPG,,,,,Əli Əhmədov (YAP icra katibi),,"Ахмедов, Али Джавад оглы",,,,"Ахмедов, Али Джавад оглы",,,,,,,,,,,,,,,,,,,,,,,,,,,,,,,,,,,,,,,,,Əli Əhmədov (YAP icra katibi),,,,,,,,,,,,,,,アリ・アフマドフ,,,,,,politician,,,,,,,,,,,,,,,,,,,,,
Q4130889,İsa Həbibbəyli,İsa Həbibbəyli,Isa Habibbayli,male,1949-10-16,,,266371079,,,,,,İsa Həbibbəyli,Isa Habibbayli,"Габиббейли, Иса Акпер оглы",,,,"Габиббейли, Иса Акпер оглы",,,,,,,,,,,,,,,,,,,,,,,,,,,,,,,,,,,,,,,,,İsa Həbibbəyli,,122147294,0000 0003 8282 6414,,,,,,,,,,,,,,,,,,academician,,,,,,,,,,,,,,,,,,,,,
Q4131517,İsmayıl Hacıyev,İsmayıl Hacıyev,,male,1951-01-21,,,38805430,,,,,,İsmayıl Hacıyev (tarixçi),,"Гаджиев, Исмаил Мухтар оглы",,,,"Гаджиев, Исмаил Мухтар оглы",,,,,,,,,,,,,,,,,,,,,,,,,,,,,,,,,,,,,,,,,İsmayıl Hacıyev (tarixçi),,,,,,,,,,,,,,,,,,,,,,,,,,,,,,,,,,,,,,,,,,
Q4134058,Məlahət Həsənova,Məlahət Həsənova,,female,1958-04-25,,,,,,,,,Məlahət İbrahimqızı,,"Гасанова, Малахат Ибрагим кызы",,,,"Гасанова, Малахат Ибрагим кызы",,,,,,,,,,,,,,,,,,,,,,,,,,,,,,,,,,,,,,,,,Məlahət İbrahimqızı,,,,,,,,,,,,,,,,,,,,,,,,,,,,,,,,,,,,,,,,,,
Q4151832,Azay Quliyev,Azay Quliyev,Azay Guliyev,male,1971-06-23,,,,https://upload.wikimedia.org/wikipedia/commons/8/8e/Azay_Quliyev2.jpg,,,,,Azay Quliyev,Azay Guliyev,"Гулиев, Азай Аждар оглы",,,Category:Azay Quliyev,"Гулиев, Азай Аждар оглы",,,,,,,,,,,,,,,,,,,,,,,,,,,,,,,,,,,,,,,,,Azay Quliyev,,,,,,,,,,,,,,,,,,,,,,,,,,,,,,,,,,,,,,,,,,
Q4152762,Əliağa Hüseynov,Əliağa Hüseynov,,male,1946,,,,https://upload.wikimedia.org/wikipedia/commons/a/a4/Əliağa_Hüseynov.jpg,,,,,Əliağa Hüseynov,,"Гусейнов, Алиага Иззят оглы",,,,"Гусейнов, Алиага Иззят оглы",,,,,,,,,,,,,,,,,,,,,,,,,,,,,,,,,,,,,,,,,Əliağa Hüseynov,,,,,,,,,,,,,,,,,,,,,,,,,,,,,,,,,,,,,,,,,,
Q4167611,Ziyad Səmədzadə,Ziyad Səmədzadə,,male,1940-06-25,,,,,,http://www.samedzade.az,,,Ziyad Səmədzadə,,"Самедзаде, Зияд Алиаббас оглы",,,,"Самедзаде, Зияд Алиаббас оглы",,,,,,,,,,,,,,,,,,,,,,,,,,,,,,,,,,,,,,,,,Ziyad Səmədzadə,,,,,,,,,,,,,,,,,,,,,economist,,,,,,,,,,,,,,,,,,,,,
Q4285756,Yaqub Mahmudov,Yaqub Mahmudov,,male,1939-02-10,,,45584775,,,,,,Yaqub Mahmudov,,"Махмудов, Ягуб Микаил оглы",,,,"Махмудов, Ягуб Микаил оглы",,,,,,,,,,,,,,,,,,,,,,,,,,,,,,,,,,,,,,,,,Yaqub Mahmudov,167473236,119545780,,,,,,,,,,,,,,,,,,,,,,,,,,,,,,,,,,,,,,,,
Q4300474,Asim Mollazadə,Asim Mollazadə,,male,1953,,,,https://upload.wikimedia.org/wikipedia/commons/5/5f/Asim_Mollazadə_Polşa_Senatında.JPG,,,,,Asim Mollazadə,,"Моллазаде, Асим Назим оглу",,,Category:Asim Mollazadə,"Моллазаде, Асим Назим оглу",,,,,,,,,,,,,,,,,,,,,,,,,,,,,,,,,,,,,,,,,Asim Mollazadə,,,,,,,,,,,,,,,,,,,,,,,,,,,,,,,,,,,,,,,,,,
Q4308291,Rasim Musabəyov,Rasim Musabəyov,Rasim Musabayov,male,1951-01-01,Rasim,,,https://upload.wikimedia.org/wikipedia/commons/7/7b/Rasim_Musabayov.jpg,,,,,Rasim Musabəyov,Rasim Musabayov,"Мусабеков, Расим Насреддин оглы",,,,"Мусабеков, Расим Насреддин оглы",Rasim Musabayov,,,,,Rasim Musabayov,Rasim Musabəyov,,,,,,,,,,,,,,,,,,,,,,,,,,,,,,,,,,Rasim Musabəyov,,,,,,,,,,,,,,,,,,,,,politician,,,,,,,,,,,,,,,,,,,,,
Q4725004,Əli Məsimli,Əli Məsimli,Ali Masimov,male,1953-01-03,Ali,,,,,,,,Əli Məsimli,Ali Masimov,,,Əli Məsimov,,,Ali Masimov,,,,Ali Masimov,Ali Masimov,,,,,,,,,,,,,,,,,,,,Əli Məsimov,,,,,,,,,,,Алі Масімов,Алі Масімов,,,Əli Məsimli,,,,,,,Ali Masimov,,,,,,,,アリ・マシムリ,,,,,,politician,,,,,,,,,,,,,,,,,,,,,
Q5018584,Sabir Rüstəmxanlı,Sabir Rüstəmxanlı,Sabir Rustamkhanli,male,1946-05-20,,,21261716,https://upload.wikimedia.org/wikipedia/commons/a/a0/Sabir_Rüstəmxanlı_-_VOA.jpg,,,n88662250,,Sabir Rüstəmxanlı,Sabir Rustamkhanli,,,,Category:Sabir Rüstəmxanlı,,Sabir Rustamkhanli,,Sabir Rustamkhanli,Sabir Rüstemhanlı,,Sabir Rustamkhanli,,Sabir Rüstemhanlı,,,,,,,,,,,,,,,,,,,,,,,,,,,,,,,,,Sabir Rüstəmxanlı,,,,,,237174,,,,,,,,,,,,,,,linguist,,,,,,,,,,,,,,,,,,,,,
Q5241284,Qənirə Paşayeva,Qənirə Paşayeva,Ganira Pashayeva,female,1975-03-24,,,,https://upload.wikimedia.org/wikipedia/commons/9/91/Qənirə_Paşayeva_DQİDK-nın_konfransında.JPG,/m/05zr7zp,http://ganirapashayeva.com,,,Qənirə Paşayeva,Ganira Pashayeva,"Пашаева, Ганира Алескер кызы",,,Category:Qənirə Paşayeva,"Пашаева, Ганира Алескер кызы",Ganira Pashayeva,,,Ganire Paşayeva,Ganira Pashayeva,Ganira Pashayeva,,Ganire Paşayeva,,قنیره پاشایوا,,განირა ფაშაევა,,,,,,,قنیره پاشایوا,,,,,განირა ფაშაევა,,,,,,,,,,,,,,,,,Qənirə Paşayeva,,,,,,,Ganira Pashayeva,,,,,,,,ガニラ・パシャイェヴァ,,,,,,journalist,,,,,,,,,,,,,,,,,غانيرا باشاييفا,غانيرا باشاييفا,,,
Q5366393,Elman Məmmədov,Elman Məmmədov,Elman Mammadov,male,1950-10-18,,,,,,,,,Elman Məmmədov,Elman Mammadov,,,,,,Elman Məmmədov,Elman Məmmədov,,,,Elman Mammadov,,,,,,,,,艾爾曼·馬馬多夫,,,,,,,,Elman Məmmədov,,,,,,,,,,,,,,,,,,Elman Məmmədov,,,,,,,,,,,,,,,,,,,,,politician,,,,,,,,,,,,,,,,,,,,,
Q5506881,Fuad Muradov,Fuad Muradov,Fuad Muradov,male,1979-07-22,Fuad,,,,,,,,Fuad Muradov,Fuad Muradov,,,,,,Fuad Muradov,Fuad Muradov,,,Fuad Muradov,Fuad Muradov,,,,,,,,,,,,,,,,,,,,,,,,,,,,,,,,,,,Fuad Muradov,,,,,,,,,,,,,,,,,,,,,,,,,,,,,,,,,,,,,,,,,,
Q57549,Vasif Talıbov,Vasif Talıbov,Vasif Talibov,male,1960-01-14,Vasif,,,https://upload.wikimedia.org/wikipedia/commons/e/ef/Vasif_Talibov_Chairman_of_the_Supreme_Majlis_of_Nakhchivan_AR.gif,/m/02qj45k,,,,Vasif Talıbov,Vasif Talibov,"Талыбов, Васиф Юсиф оглы",,,Category:Vasif Talıbov,"Талыбов, Васиф Юсиф оглы",Vasif Talibov,,Vasif Talıbov,Vasif Talıbov,Vasif Talibov,Vasif Talibov,,Vasıf Talibov,,وصیف طالبوف,,,,,,,,,واصف طالبوف,Vasif Talıbov,,,,,,,,,,Vasif Talıbov,,Vasif Talibov,Vasif Talibov,,,,,,,,Vasif Talıbov,,,,,,,Vasif Talibov,,,,,,,,ヴァジフ・タリボフ,,,,,,politician,,,,,,,,,,,,,,,,,,,,,
Q6584988,Muxtar Babayev,Muxtar Babayev,,male,1967,,,,,,,,,Muxtar Babayev,,,,,,,,,,Muhtar Babayev,,,,Muhtar Babayev,,,,,,,,,,,,,,,,,,,,,,,,,,,,,,,,,Muxtar Babayev,,,,,,,,,,,,,,,,,,,,,philosophy,,,,,,,,,,,,,,,,,,,,,
Q671930,Mehriban Əliyeva,Mehriban Əliyeva,Mehriban Aliyeva,female,1964-08-26,,,,https://upload.wikimedia.org/wikipedia/commons/6/64/Mehriban_Aliyeva07.JPG,/m/0d7qk2,http://www.mehriban-aliyeva.az/,,,Mehriban Əliyeva,Mehriban Aliyeva,Мехрибан Ариф кызы Алиева,Մեհրիբան Ալիևա,Mehriban Əliyeva,Category:Mehriban Aliyeva,"Алиева, Мехрибан Ариф кызы",Mehriban Alieva,Mehriban Əliyeva,Mehriban Aliyeva,Mehriban Aliyeva,Mehriban Aliyeva,Mehriban Aliyeva,,Mihriban Aliyeva,Mehriban Alijeva,مهربان علیوا,Mehriban Aliyeva,მეჰრიბან ალიევა,Mehriban Aliyeva,Mehriban Alijeva,梅赫里班·阿利耶娃,Мехрыбан Аліева,Мехрыбан Аліева,Mehriban Alijeva,مهربان علیوا,Mehriban Alieva,Մեհրիբան Ալիևա,Mehriban Aliyeva,Mehriban Əliyeva,მეჰრიბან ალიევა,Mehriban Aliyeva,Mehriban Əliyeva,Mehriban Əliyeva,梅赫丽班·阿利耶娃,,Mehriban Əliyeva,,,,,,Mehriban Əliyeva,,,,,Mehriban Əliyeva,,,,,,,Mehriban Aliyeva,,Mehriban Aliyeva,Mehriban Aliyeva,Mehriban Aliyeva,Mehriban Aliyeva,Mehriban Aliyeva,Mehriban Aliyeva,メフリバン・アリエヴァ,Mehriban Aliyeva,Меҳрубон Алиева,,메흐리반 알리예바,메흐리반 알리예바,ophthalmologist,FirstladyofAzerbaijan,,,Категория:Мехрибан Алиева,Меҳрубон Алиева,Mehriban Aliyeva,Mehriban Aliyeva,Mehriban Aliyeva,,Mehriban Alijevová,Mehriban Aliyeva,,Mehribon Aliyeva,,,Mehribon Aliyeva,مهربان علييفا,مهريبان علييفا,,,
Q7408438,Səməd Seyidov,Səməd Seyidov,Samad Seyidov,male,1964-01-18,Samad,,,,,,,,Səməd Seyidov,Samad Seyidov,,,,,,Samad Seyidov,,,,,Samad Seyidov,,,,,,,,,,,,,,,,,,,,,,,,,,,,,,,,,,,Səməd Seyidov,,,,,,,,,,,,,,,,,,,,,politician,,,,,,,,,,,,,,,,,,,,,
Q7880869,Ülviyyə Həmzəyeva,Ülviyyə Həmzəyeva,Ulviyya Hamzayeva,female,1982,,,,https://upload.wikimedia.org/wikipedia/commons/0/0d/Ulviyya_Hamzayeva.jpg,,,,,Ülviyyə Həmzəyeva,Ulviyya Hamzayeva,,,,,,Ulviyya Hamzayeva,,,,,Ulviyya Hamzayeva,,,,,,,,,,,,,,,,,,,,,,,,,,,,,,,,,,,Ülviyyə Həmzəyeva,,,,,,,,,,,,,,,,,,,,,,,,,,,,,,,,,,,,,,,,,,
Q7908624,Vahid Əhmədov,Vahid Əhmədov,Vahid Ahmadov,male,1947-04-02,,,,,,,,,Vahid Əhmədov,Vahid Ahmadov,,,,,,Vahid Ahmadov,,,,,Vahid Ahmadov,,,,,,,,,,,,,,,,,,,,,,,,,,,,,,,,,,,Vahid Əhmədov,,,,,,,,,,,,,,,,,,,,,politician,,,,,,,,,,,,,,,,,,,,,
Q8053080,Yevda Abramov,Yevda Abramov,Yevda Abramov,male,1948-06-12,,,,,,,,,Yevda Abramov,Yevda Abramov,"Абрамов, Евда Сасунович",,,,"Абрамов, Евда Сасунович",Abramov Yevda Sasunoviç,,Yevda Abramov,,Yevda Abramov,Yevda Abramov,Yevda Abramov,,,,,,,,,,,,,,,,,,,,,,,,,,,,,,,,,,Yevda Abramov,,,,,,,,,,,,,,,,,,,,,,,,יהודה אברהמוב,,,,,,יהודה אברהמוב,,,,,,,,,,,,
