id,name__de,name__en,name__es,name__nl,name__fr,name__da,name__it,name__sv,name,wikipedia__commons,wikipedia__de,wikipedia__en,image,gender,occupation,birth_date,given_name,original_wikiname,name__pt,wikipedia__pt,name__ka,name__pl,name__ru,name__hu,wikipedia__es,wikipedia__fr,wikipedia__ka,wikipedia__pl,wikipedia__ru,identifier__freebase,name__cy,name__hy,wikipedia__hy,death_date,wikipedia__sv,identifier__VIAF,identifier__SUDOC,name__nb,name__nn,identifier__ISNI,identifier__GND,identifier__LCAuth,identifier__BNF,identifier__SELIBR,identifier__PTBNP,identifier__NTA,identifier__FAST,name__ja,name__diq,wikipedia__it,wikipedia__ja,wikipedia__no,identifier__DBNL,name__id,name__sl,wikipedia__id,wikipedia__sl,name__zh,family_name,name__yo,name__uk,name__et,name__el,name__zh_hant,name__zh_cn,name__fa,wikipedia__el,wikipedia__et,wikipedia__fa,wikipedia__uk,wikipedia__yo,name__de_ch,name__en_ca,name__en_gb,name__pt_br,name__ast,name__vi,name__ko,wikipedia__ast,wikipedia__ko,wikipedia__simple,wikipedia__vi,name__lb,name__zh_hans,name__zh_hk,name__zh_sg,name__zh_tw,name__be,name__he,name__af,name__gl,name__sw,name__br,name__ar,name__sr_el,name__sr_ec,name__tr,name__fi,name__la,name__cs,name__eu,name__sr,name__ss,name__ca,name__sh,wikipedia__af,wikipedia__ar,wikipedia__be,wikipedia__br,wikipedia__ca,wikipedia__cs,wikipedia__da,wikipedia__eu,wikipedia__fi,wikipedia__gl,wikipedia__he,wikipedia__hu,wikipedia__la,wikipedia__lb,wikipedia__nl,wikipedia__ptwikiquote,wikipedia__sh,wikipedia__sr,wikipedia__ss,wikipedia__sw,wikipedia__tr,wikipedia__zh,identifier__Munzinger,identifier__GTAA,name__mg,wikipedia__mg,name__bg,wikipedia__bg,name__eo,name__vep,name__mr,wikipedia__eo,wikipedia__mr,wikipedia__vep,name__kg,wikipedia__kg,identifier__CERL,identifier__CSPAN,name__oc,identifier__google_knowledge,identifier__Britannica,name__ro,wikipedia__ro,identifier__CANTIC,identifier__britishmuseum,identifier__MusicBrainz,identifier__discogs,identifier__quora,name__ms,name__am,name__bcl,name__frp,name__io,name__az,name__hr,name__tg,name__lt,name__bn,name__sco,name__ml,name__lv,name__th,wikipedia__am,wikipedia__az,wikipedia__bcl,wikipedia__frp,wikipedia__hr,wikipedia__io,wikipedia__lt,wikipedia__lv,wikipedia__ml,wikipedia__ms,wikipedia__oc,wikipedia__sco,wikipedia__tg,wikipedia__th,identifier__NNDB,identifier__nyt_topic,identifier__snac
Q10268087,Domingos Manuel Sambo,Domingos Manuel Sambo,,,Domingos Manuel Sambo,,Domingos Manuel Sambo,,Domingos Manuel Sambo,,,,,male,,,Domingos,Domingos Manuel Sambo,Domingos Manuel Sambo,Domingos Manuel Sambo,,,,,,,,,,,,,,,,,,,,,,,,,,,,,,,,,,,,,,,,,,,,,,,,,,,,,,,,,,,,,,,,,,,,,,,,,,,,,,,,,,,,,,,,,,,,,,,,,,,,,,,,,,,,,,,,,,,,,,,,,,,,,,,,,,,,,,,,,,,,,,,,,,,,,,,,,,,,,,,,,,,,
Q10309412,José Filomeno dos Santos,José Filomeno dos Santos,,,José Filomeno de Sousa dos Santos,,,,José Filomeno dos Santos,,,José Filomeno dos Santos,,male,politician,1978,José,José Filomeno dos Santos,José Filomeno de Sousa dos Santos,José Filomeno de Sousa dos Santos,,,Жозе Филумену душ Сантуш,,,,,,,,,,,,,,,José Filomeno dos Santos,José Filomeno dos Santos,,,,,,,,,,,,,,,,,,,,,,,,,,,,,,,,,,,,,,,,,,,,,,,,,,,,,,,,,,,,,,,,,,,,,,,,,,,,,,,,,,,,,,,,,,,,,,,,,,,,,,,,,,,,,,,,,,,,,,,,,,,,,,,,,,,,,,,,,,,,,,,,,
Q10314781,,Kunduma,,,Kunduma,,,,Kunduma,,,,,male,,1959-01-13,,Kunduma,Kunduma,Kunduma,,,,,,,,,,,,,,2011-02-05,,,,,,,,,,,,,,,,,,,,,,,,,,,,,,,,,,,,,,,,,,,,,,,,,,,,,,,,,,,,,,,,,,,,,,,,,,,,,,,,,,,,,,,,,,,,,,,,,,,,,,,,,,,,,,,,,,,,,,,,,,,,,,,,,,,,,,,,,,,,,,,,,,,,,,
Q10323941,Manuel Antonio Rabelais,Manuel Antonio Rabelais,,Manuel Antonio Rabelais,Manuel Antonio Rabelais,Manuel Antonio Rabelais,Manuel Antonio Rabelais,Manuel Antonio Rabelais,Manuel Antonio Rabelais,,,,,male,politician,,Manuel,Manuel Antonio Rabelais,Manuel Antonio Rabelais,Manuel Antonio Rabelais,,,,,,,,,,,,,,,,,,Manuel Antonio Rabelais,Manuel Antonio Rabelais,,,,,,,,,,,,,,,,,,,,Rabelais,,,,,,,,,,,,,,,,,,,,,,,,,,,,,,,,,,,,,,,,,,,,,,,,,,,,,,,,,,,,,,,,,,,,,,,,,,,,,,,,,,,,,,,,,,,,,,,,,,,,,,,,,,,,,,,,,,,,,,,,,,,,,
Q10337345,,,,,,,,,Norberto de Castro,,,,,male,journalist,,,Norberto de Castro,Norberto de Castro,Norberto de Castro,,,,,,,,,,,,,,,,,,,,,,,,,,,,,,,,,,,,,,,,,,,,,,,,,,,,,,,,,,,,,,,,,,,,,,,,,,,,,,,,,,,,,,,,,,,,,,,,,,,,,,,,,,,,,,,,,,,,,,,,,,,,,,,,,,,,,,,,,,,,,,,,,,,,,,,,,,,,,,,,,,,,
Q10365296,,,,,Ruy Alberto Vieira Dias Rodrigues Mingas,,Rui Mingas,,Rui Mingas,,,,,male,,1939-05-12,Ruy,Rui Mingas,Rui Mingas,Rui Mingas,,,,,,,,,,,,,,,,,,,,,,,,,,,,,,,,,,,,,,,,,,,,,,,,,,,,,,,,,,,,,,,,,,,,,,,,,,,,,,,,,,,,,,,,,,,,,,,,,,,,,,,,,,,,,,,,,,,,,,,,,,,,,,,,,,,1fc1b669-20c4-4691-8a99-2bff738912a2,1403878,,,,,,,,,,,,,,,,,,,,,,,,,,,,,,,,
Q10387078,Agostinho André Mendes de Carvalho,Uanhenga Xitu,Uanhenga Xitu,Uanhenga Xitu,Uanhenga Xitu,Uanhenga Xitu,,Uanhenga Xitu,Uanhenga Xitu,,Agostinho André Mendes de Carvalho,Uanhenga Xitu,,male,writer,1924-08-29,,Uanhenga Xitu,Uanhenga Xitu,Uanhenga Xitu,,,,,,,,,,,Uanhenga Xitu,,,2014-02-13,,118917428,028801547,Uanhenga Xitu,Uanhenga Xitu,0000 0001 0939 2985,131659073,n78058031,120562532,102862,78847,163160600,1437972,,,,,,,,,,,,,,,,,,,,,,,,,,,,,,,,,,,,,,,,,,,,,,,,,,,,,,,,,,,,,,,,,,,,,,,,,,,,,,,,,,,,,,,,,,,,,,,,,,,,,,,,,,,,,,,,,,,,,,,,,,,,,,,,,,,,,,,,,
Q11082410,Pedro Mutindi,Pedro Mutindi,Pedro Mutindi,Pedro Mutindi,Pedro Mutindi,,Pedro Mutindi,,Pedro Mutindi,,Pedro Mutindi,,https://upload.wikimedia.org/wikipedia/commons/2/2d/Pedro_Mutindi.jpg,male,politician,1954-06-30,Pedro,Pedro Mutindi,Pedro Mutindi,Pedro Mutindi,,Pedro Mutindi,Педро Мутинди,,Pedro Mutindi,Pedro Mutindi,,,Педро Мутинди,,,,,,,,,,,,,,,,,,,,,,,,,,,,,,,,,,,,,,,,,,,,,,,,,,,,,,,,,,,,,,,,,,,,,,,,,,,,,,,,,,,,,,,,,,,,,,,,,,,,,,,,,,,,,,,,,,,,,,,,,,,,,,,,,,,,,,,,,,,,,,,,,,,,,,,,,,,
Q1200650,Desidério da Costa,Desiderio Costa,Desiderio Costa,Desidério Costa,Desiderio Costa,,,,Desiderio Costa,,Desidério Costa,Desidério Costa,,male,politician,1934-04-04,Desiderio,Desidério Costa,Desidério Costa,Desidério Costa,,,,Desiderio Costa,,,,,,,,,,,,,,,,,,,,,,,,,,,,,,,,,,,,,,,,,,,,,,,,,,,,,,,,,,,,,,,,,,,,,,,,,,,,,,,,,,,,,,,,,,,,,,,,,,,,,,,,,,,,,,,,,,,,,,,,,,,,,,,,,,,,,,,,,,,,,,,,,,,,,,,,,,,,,,,,
Q13563288,Palmira Barbosa,Palmira Barbosa,Palmira Barbosa,Palmira Barbosa,Palmira Barbosa,,Palmira Barbosa,,Palmira Barbosa,,,Palmira Barbosa,,female,handball player,1961-11-25,Palmira,Palmira Barbosa,,,,,,,,,,,,,,,,,,,,,,,,,,,,,,,,,,,,,,,,,,,,,,,,,,,,,,,,,,,,,,,,,,,,,,,,,,,,,,,,,,,,,,,,,,,,,,,,,,,,,,,,,,,,,,,,,,,,,,,,,,,,,,,,,,,,,,,,,,,,,,,,,,,,,,,,,,,,,,,,,,,,,,
Q1374575,Holden Roberto,Holden Roberto,Holden Roberto,Holden Roberto,Holden Roberto,Holden Roberto,Holden Roberto,Holden Roberto,Holden Roberto,Category:Holden Roberto,Holden Roberto,Holden Roberto,https://upload.wikimedia.org/wikipedia/commons/d/da/Holden_Roberto.jpg,male,politician,1923-01-12,,Holden Roberto,Holden Roberto,Holden Roberto,,Holden Roberto,"Роберто, Холден",Holden Roberto,Holden Roberto,Holden Roberto,,Holden Roberto,"Роберто, Холден",/m/05s2wg,Holden Roberto,,,2007-08-02,Holden Roberto,38922008,,Holden Roberto,Holden Roberto,0000 0000 4368 655X,,no00064263,,,,,,ホールデン・ロベルト,,Holden Roberto,ホールデン・ロベルト,Holden Roberto,,,,,,,Roberto,,,,,奧爾登·羅貝托,奥尔登·罗贝托,,,,,,,,,,,,,,,,,,,,,,,,,,,,,,,,,,,,,Холден Роберто,,Holden Roberto,Holden Roberto,,,,,Holden Roberto,,,,,,,,,,Holden Roberto,,Holden Roberto,Холден Роберто,,,,,,146594,,,,,,,,,,,,,,,,,biography/Holden-Roberto,,,,,,,,,,,,,,,,,,,,,,,,,,,,,,,,,,,,,,
Q1399054,Lopo do Nascimento,Lopo do Nascimento,Lopo do Nascimento,Lopo do Nascimento,Lopo do Nascimento,,,,Lopo do Nascimento,,Lopo do Nascimento,Lopo do Nascimento,https://upload.wikimedia.org/wikipedia/commons/1/1f/Lopo_do_Nascimento.png,male,politician,1942-06-10,,Lopo do Nascimento,Lopo do Nascimento,Lopo do Nascimento,,Lopo do Nascimento,"Ферейра ду Нашсименту, Лопу Фортунату",Lopo do Nascimento,,Lopo do Nascimento,,Lopo do Nascimento,"Ферейра ду Нашсименту, Лопу Фортунату",/m/0bm0jy,,,,,,73634257,,,,,,no2007069433,,,,,,ロポ・ド・ナシメント,,,,,,Lopo do Nascimento,,Lopo do Nascimento,,,,Lopo do Nascimento,Лопу ду Нашсіменту,,,羅普·多·納西蒙托,罗普·多·纳西蒙托,,,,,Лопу ду Нашсіменту,Lopo do Nascimento,,,,,,,,,,,,,,,,,,,,,,,,,,,,,,,,,Lopo do Nascimento,Lopo do Nascimento,,,,,Lopo do Nascimento,,,,,,,,,,,,Lopo do Nascimento,,,,,,,,,,Лопу Фортунату Ферейра ду Нашсименту,Лопу Фортунату Ферейра ду Нашсименту,,,,,,,,,,,,,,,,,,,,,,,,,,,,,,,,,,,,,,,,,,,,,,,,,,,
Q1457599,George Chicoti,Georges Rebelo Chicoti,Georges Rebelo Chicoti,Georges Rebelo Chicoti,Georges Rebelo Chicoti,George Chicoti,George Chicoti,George Chicoti,Georges Rebelo Chicoti,Category:Georges Chicoti,George Chicoti,Georges Rebelo Chicoti,https://upload.wikimedia.org/wikipedia/commons/2/24/Angolan_Foreign_Minister_(6909347265)_cropped.jpg,male,diplomat,1955-06-16,Georges,Georges Rebelo Chicoti,,,,,,,,,,,,,,,,,,,,,,,,,,,,,,,,,,,,,,,,,,,,,,,,,,,,,,,,,,,,,,,,,,,,,,,,,,,,,,,,,,,,,,Georges Rebelo Chicoti,,,,,,Georges Rebelo Chicoti,,,,,,,,,,,,,,,,,,,,,,,,,,,,,,,,,,,,,,,,,,,,,,,,,,,,,,,,,,,,,,,,,,,,,,,,,,
Q1479462,Lúcio Lara,Lúcio Lara,Lúcio Lara,Lúcio Lara,Lúcio Lara,Lúcio Lara,,Lúcio Lara,Lúcio Lara,,Lúcio Lara,Lúcio Lara,,male,politician,1929-04-09,,Lúcio Lara,Lúcio Lara,Lúcio Lara,,,"Лара, Лусио",Lúcio Lara,,,,,"Лара, Лусио",,,,,2016-02-27,,78430524,05908278X,Lúcio Lara,Lúcio Lara,0000 0000 6782 155X,1056457244,no2001050293,,,,,,ルシオ・ララ,,,,,,,,,,,,,,,,,,,,,,,,,,,,,,,,,,,,,,,,,,,,,,,,,,,,,,,,Lúcio Lara,,,,,,Lúcio Lara,,,,,,,,,,,,,,,,,,,,,,,,,,,,,,,,,,,,,,,,,,,,,,,,,,,,,,,,,,,,,,,,,,,,,,,,,,
Q15152494,Bento Kangamba,Bento Kangamba,,Bento Kangamba,Bento Kangamba,,,,Bento Kangamba,,,Bento Kangamba,https://upload.wikimedia.org/wikipedia/commons/1/15/Bentokangamba.jpg,male,politician,1965-06-06,Bento,Bento Kangamba,Bento Kangamba,Bento Kangamba,,,,,,,,,,,,,,,,,,,,,,,,,,,,,,,,,,,,,,,,,,,,,,,,,,,,,,,,,,,,,,,,,,,,,,,,,,,,,,,,,,,,,,,,,,,,,,,,,,,,,,,,,,,,,,,,,,,,,,,,,,,,,,,,,,,,,,,,,,,,,,,,,,,,,,,,,,,,,,,,,,,,
Q15179317,Mfulupinga Nlando Victor,Mfulupinga Nlando Victor,,,,,,,Mfulupinga Nlando Victor,,,Mfulupinga Nlando Victor,,male,politician,1944-12-15,,Mfulupinga Nlando Victor,Mfulupimga Nlando Victor,Mfulupimga Nlando Victor,,,,,,,,,,,,,,2004-07-02,,,,,,,,,,,,,,,,,,,,,,,,,,,,,,,,,,,,,,,,,,,,,,,,,,,,,,,,,,,,,,,,,,,,,,Mfulupimga Nlando Victor,,,,,,Mfulupimga Nlando Victor,,,,,,,,,,,,,,,,,,,,,,,,,,,,,,,,,,,,,,,,,,,,,,,,,,,,,,,,,,,,,,,,,,,,,,,,,,
Q1527454,José Maria Botelho de Vasconcelos,José Maria Botelho de Vasconcelos,José Maria Botelho de Vasconcelos,José Maria Botelho de Vasconcelos,José Maria Botelho de Vasconcelos,,,,José Maria Botelho de Vasconcelos,,José Maria Botelho de Vasconcelos,José Maria Botelho de Vasconcelos,,male,politician,1950-03-24,José,José Maria Botelho de Vasconcelos,,,,,,José Maria Botelho de Vasconcelos,,José Maria Botelho de Vasconcelos,,,,,,,,,,,,,,,,,,,,,,,,,,,,,,,,若澤·馬里亞·博特略·德瓦斯康塞洛斯,,,,,,,,,,,,,,,,,,,,,,,,,,,,,,,,,,,,,,,,,,,,,,,,,,,,,,,,,,,,,,,,,,,,,,,,,,,,,,,,,,,,,,,,,,,,,,,,,,,,,,,,,,,,,,,,,,,,,,,,,,,,,,
Q15361222,Paulo Lukamba,Paulo Lukamba,,Paulo Lukamba,Paulo Lukamba,,,,Paulo Lukamba,,,Paulo Lukamba,,male,politician,1954-05-13,Paulo,Paulo Lukamba,Paulo Armindo Lukamba,,,,"Лукамба, Паулу",,,,,,"Лукамба, Паулу",,,,,,,,,,,,,,,,,,,,,,,,,,,,,,,,,,,,,,,,,,,,,,,,,,,,,,,,,,,,,,,,,,,,,,,,,,,Paulo Lukamba,,,,,,Paulo Lukamba,,,,,,,,,,,,,,,,,,,,,,,,,,,,,,,,,,,,,,,,,,,,,,,,,,,,,,,,,,,,,,,,,,,,,,,,,,
Q15700904,Maria Mambo Café,Maria Mambo Café,Maria Mambo Café,Maria Mambo Café,Maria Mambo Café,,,,Maria Mambo Café,,Maria Mambo Café,Maria Mambo Café,,female,politician,1945-02-06,Maria,Maria Mambo Café,Maria Mambo Café,,,,"Кафе, Мария Мамбо",,Maria Mambo Café,Maria Mambo Café,,,"Кафе, Мария Мамбо",,Maria Mambo Café,Մարիա Մամբո Կաֆե,Մարիա Մամբո Կաֆե,2013-12-01,,,,,,,,,,,,,,,,,,,,,,,,,,,,,,,,,,,,,,,,,,,,,,,,,,,,,,,,,,,,,,,,,,,,,,,,,,,,,,,,,,,,,,,,,,,,,,,,,,,,,,,,,,,,,,,,,,,,,,,,,,,,,,,,,,,,,,,,,,,,,,,,,,,,,,
Q16017443,Kambamba Kulaxingo,Kambamba Kulaxingo,,,,,,,Kambamba Kulaxingo,,,Kambamba Kulaxingo,,male,politician,1899,,Kambamba Kulaxingo,,,,,,,,,,,,,,,,2006-01-15,,,,,,,,,,,,,,,,,,,,,,,,,,,,,,,,,,,,,,,,,,,,,,,,,,,,,,,,,,,,,,,,,,,,,,,,,,,,,,,,,,,,,,,,,,,,,,,,,,,,,,,,,,,,,,,,,,,,,,,,,,,,,,,,,,,,,,,,,,,,,,,,,,,,,,
Q16190785,Armando Manuel,Armando Manuel,,,Armando Manuel,,Armando Manuel,,Armando Manuel,,,Armando Manuel,https://upload.wikimedia.org/wikipedia/commons/5/5e/Armando_Manuel_at_Chatham_House_2016.jpg,male,politician,1972-03-24,Armando,Armando Manuel,Armando Manuel,Armando Manuel,,,,,,,,,,,,,,,,,,,,,,,,,,,,,,,,,,,,,,,,,,,,,,,,,,,,,,,,,,,,,,,,,,,,,,,,,,,,,,,,,,,,,,,,,,,,,,,,,,,,,,,,,,,,,,,,,,,,,,,,,,,armandomanuel,,,,,,,,,,,,,,,,,,,,,,,,,,,,,,,,,,,,,,,,,
Q16336949,Bornito de Sousa,Bornito de Sousa,,,Bornito de Sousa,,Bornito de Sousa,,Bornito de Sousa,,,,,male,politician,1953-07-23,,Bornito de Sousa,Bornito de Sousa,Bornito de Sousa,,,,,,,,,,,,,,,,,,,,,,,,,,,,,,,,,,,,,,,,,,,,,,,,,,,,,,,,,,,,,,,,,,,,,,,,,,,,,,,,,,,,Bornito de Sousa,,,,,,Bornito de Sousa,,,,,,,,,,,,,,,,,,,,,,,,,,,,,,,,,,,,,,,,,,,,,,,,,,,,,,,,,,,,,,,,,,,,,,,,,,
Q16337620,Joana Lina,Joana Lina,,,,,,,Joana Lina,,,,,female,,,Joana,Joana Lina,Joana Lina,Joana Lina,,,,,,,,,,,,,,,,,,,,,,,,,,,,,,,,,,,,,,,,,,,,,,,,,,,,,,,,,,,,,,,,,,,,,,,,,,,,,,,,,,,,,,,,,,,,,,,,,,,,,,,,,,,,,,,,,,,,,,,,,,,,,,,,,,,,,,,,,,,,,,,,,,,,,,,,,,,,,,,,,,,,
Q16497857,Bento Joaquim Sebastião Francisco Bento,Bento Joaquim Sebastião Francisco Bento,,,,,,,Bento Joaquim Sebastião Francisco Bento,,,,,male,,1958,Bento,Bento Joaquim Sebastião Francisco Bento,Bento Joaquim Sebastião Francisco Bento,Bento Joaquim Sebastião Francisco Bento,,,"Бенту, Бенту",,,,,,"Бенту, Бенту",,,,,,,,,,,,,,,,,,,,,,,,,,,,,,,,,,,,,,,,,,,,,,,,,,,,,,,,,,,,,,,,,,,,,,,,,,,,,,,,,,,,,,,,,,,,,,,,,,,,,,,,,,,,,,,,,,,,,,,,,,,,,,,,,,,,,,,,,,,,,,,,,,,,,,,,,,,
Q18276312,,,,,José Carvalho da Rocha,,,,José Carvalho da Rocha,,,,,male,politician,1964-03-30,José,José Carvalho da Rocha,José Carvalho da Rocha,José Carvalho da Rocha,,,,,,,,,,,,,,,,,,,,,,,,,,,,,,,,,,,,,,,,,,,,,,,,,,,,,,,,,,,,,,,,,,,,,,,,,,,,,,,,,,,,,,,,,,,,,,,,,,,,,,,,,,,,,,,,,,,,,,,,,,,,,,,,,,,,,,,,,,,,,,,,,,,,,,,,,,,,,,,,,,,,
Q19665502,,Anibal João Melo,,Anibal João Melo,,,,,Anibal João Melo,,,Anibal João Melo,,male,journalist,1955-09-05,Anibal,Anibal João Melo,,,,,,,,,,,,,,,,,,,,,,,,,,,,,,,,,,,,,,,,,,,,,,,,,,,,,,,,,,,,,,,,,,,,,,,,,,,,,,,,,,,,,,,,,,,,,,,,,,,,,,,,,,,,,,,,,,,,,,,,,,,,,,,,,,,,,,,,,,,,,,,,,,,,,,,,,,,,,,,,,,,,,,
Q20730292,David Mendes,David Mendes,,David Mendes,David Mendes,,,,David Mendes,,David Mendes (Anwalt),David Mendes,,male,lawyer,1962-05-06,David,David Mendes,David Mendes,David Mendes,,,,,,,,,,,,,,,,,,,,,,,,,,,,,,,,,,,,,,,,,,,,,,,,,,,,,,,,,,,,,,,,,,,,,,,,,,,,,,,,,,,,,,,,,,,,,,,,,,,,,,,,,,,,,,,,,,,,,,,,,,,,,/g/11bw8dw9m8,,,,,,,,,,,,,,,,,,,,,,,,,,,,,,,,,,,,,,,
Q21140733,Luaty Beirão,Luaty Beirão,,Luaty Beirão,Luaty Beirão,,,,Luaty Beirão,Category:Luaty Beirão,Luaty Beirão,,"https://upload.wikimedia.org/wikipedia/commons/1/14/Activistas_Rosa_Conde,_Laurinda_Gouveia,_Luaty_Beirão_no_tribunal._Luanda,_Angola._Nov_16,_2015.jpg",male,musician,1981-11-19,,Luaty Beirão,Luaty Beirão,Luaty Beirão,,,Луати Бейрау,,,,,,"Бейрау, Луати",,,,,,,,,,,,,,,,,,,,,,,,,,,,,,,,,,,,,,,,,,,,,,,,,,,,,,,,,,,,,,,,,,,,,,,,,,,,,,,,,,,,,,,,,,,,,,,,,,,,,,,,,,,,,,,,,,,,,,,,,,,,,,,,,,,,,,,,,,,,,,,,,,,,,,,,,,,
Q264090,Fernando José de França Dias Van Dúnem,Fernando José de França Dias Van-Dúnem,Fernando José de França Dias Van-Dúnem,Fernando José de França Dias Van-Dúnem,Fernando José de França Dias Van-Dúnem,,,,Fernando José de França Dias Van-Dúnem,,Fernando José de França Dias Van Dúnem,Fernando José de França Dias Van-Dúnem,,male,diplomat,1952,Fernando,Fernando José de França Dias Van-Dúnem,Fernando José de França Dias Van-Dúnem,Fernando José de França Dias Van-Dúnem,,,"Ван-Дунем, Жозе",,Fernando José de França Dias Van-Dúnem,Fernando José de França Dias Van-Dúnem,,,"Ван-Дунем, Жозе",/m/05_6w8,,,,,,155344814,,,,,,,,,,,,フェルナンド・ジョゼ・デ・フランサ・ディアス・ヴァン＝デュネム,,,フェルナンド・ジョゼ・デ・フランサ・ディアス・ヴァン＝デュネム,,,Fernando José de França Dias Van-Dúnem,,Fernando José de França Dias Van-Dúnem,,德大寺公能,,Fernando José de França Dias Van-Dúnem,Жозе Ван-Дунем,,,費爾南多·何塞·德·法蘭克·迪亞斯·凡·杜嫩,费尔南多·何塞·德·法兰克·迪亚斯·凡·杜嫩,,,,,Жозе Ван-Дунем,Fernando José de França Dias Van-Dúnem,,,,,,,,,,,,,,,,,,,,,,,,,,,,,,,,,Fernando José de França Dias Van-Dúnem,Fernando José de França Dias Van-Dúnem,,,,,Fernando José de França Dias Van-Dúnem,,,,,,,,,,,,Fernando José de França Dias Van-Dúnem,,,,,,,,,,Фернанду Жузе ди Франса Диаш Ван-Дунем,Фернанду Жузе ди Франса Диаш Ван-Дунем,,,,,,,,,,,,,,,,,,,,,,,,,,,,,,,,,,,,,,,,,,,,,,,,,,,
Q26980154,Albina Africano,Albina Africano,Albina Africano,Albina Africano,Albina Africano,,Albina Africano,,Albina Africano,,Albina Africano,Albina Africano,,female,chemist,1945-06-03,Albina,Albina Africano,Albina Africano,,,Albina Africano,,,Albina Africano,Albina Africano,,,,,,,,,,,,,,,,,,,,,,,,,,,,,,,,,,,,,,,,,,,,,,,,,,,,,,,,,,,,,,,,,,,,,,,,,,,,,,,,,,,,,,,,,,,,,,,,,,,,,,,,,,,,,,,,,,,,,,Albina Africano,,,,,,,,,,,,,,,,,,,,,,,,,,,,,,,,,,,,,,,,
Q273051,Jonas Savimbi,Jonas Savimbi,Jonas Savimbi,Jonas Savimbi,Jonas Savimbi,Jonas Savimbi,Jonas Malheiro Savimbi,Jonas Savimbi,Jonas Savimbi,,Jonas Savimbi,Jonas Savimbi,https://upload.wikimedia.org/wikipedia/commons/a/a1/Jonas_Savimbi.jpg,male,politician,1934-08-03,Jonas,Jonas Savimbi,Jonas Savimbi,Jonas Savimbi,ჟონას სავიმბი,Jonas Savimbi,"Савимби, Жонаш",Jonas Malheiro Savimbi,Jonas Savimbi,Jonas Savimbi,ჟონას სავიმბი,Jonas Savimbi,"Савимби, Жонаш",/m/01n4lw,Jonas Savimbi,,,2002-02-22,Jonas Savimbi,45100805,02900974X,Jonas Savimbi,Jonas Savimbi,0000 0000 6645 134X,118915673,n81047814,122410465,,,072667370,71953,ジョナス・サヴィンビ,,Jonas Malheiro Savimbi,ジョナス・サヴィンビ,Jonas Savimbi,,,,,,若纳斯·萨文比,,,Жонас Савімбі,,,若納斯·薩文比,若纳斯·萨文比,جوناس ساویمبی,,,جوناس ساویمبی,Жонас Савімбі,,,,,,,Jonas Savimbi,조나스 사빔비,,조나스 사빔비,Jonas Savimbi,Jonas Savimbi,Jonas Savimbi,若纳斯·萨文比,若納斯·薩文比,若纳斯·萨文比,若納斯·薩文比,Жонаш Савімбі,ז'ונאס סאווימבי,Jonas Savimbi,Jonas Savimbi,Jonas Savimbi,Jonas Savimbi,جوناس سافيمبي,Džonas Savimbi,Џонас Савимби,Jonas Savimbi,Jonas Savimbi,Ionas Savimbi,Jonas Savimbi,Jonas Savimbi,Жонас Савимби,Jonas Savimbi,Jonas Savimbi,Jonas Savimbi,Jonas Savimbi,جوناس سافيمبي,Жонаш Савімбі,Jonas Savimbi,Jonas Savimbi,Jonas Savimbi,Jonas Savimbi,Jonas Savimbi,Jonas Savimbi,Jonas Savimbi,ז'ונאס סאווימבי,Jonas Malheiro Savimbi,Ionas Savimbi,Jonas Savimbi,Jonas Savimbi,Jonas Savimbi,Jonas Savimbi,Жонас Савимби,Jonas Savimbi,Jonas Savimbi,,若纳斯·萨文比,00000014188,149608,,,,,,,,,,,,,,,,,,,,,,,,Jonas-Savimbi,,,,,,,,,,,,,,,,,,,,,,,,,,,,,,,
Q2737513,António Jacinto,António Jacinto,António Jacinto,António Jacinto,António Jacinto,António Jacinto,António Jacinto,António Jacinto,António Jacinto,,,António Jacinto,,male,poet,1924-09-28,António,António Jacinto,António Jacinto,António Jacinto,,,,,,António Jacinto,,,,/m/0278g3d,,,,1991-06-23,,36946579,029311438,António Jacinto,António Jacinto,0000 0001 1054 9652,,n80068795,12096445t,,,,55862,アントーニオ・ジャシント,António Jacinto,António Jacinto,アントーニオ・ジャシント,António Jacinto,jaci001,,,,,,,,,,,,,,,,,,,,,,,,,,,,,,,,,,,,,,,,,,,,,,,,,,,António Jacinto,,,,,,António Jacinto,,,,,,,,,,,,,,,,,,,,,,,,,,,,,,,,,,,,,,,,,,,,,,,,,,,,,,,,,,,,,,,,,,,,,,,,,,
Q2821497,Abel Chivukuvuku,Abel Chivukuvuku,Abel Chivukuvuku,Abel Chivukuvuku,Abel Chivukuvuku,,,Abel Chivukuvuku,Abel Chivukuvuku,,,Abel Chivukuvuku,,male,politician,1957-11-11,Abel,Abel Epalanga Chivukuvuku,Abel Epalanga Chivukuvuku,Abel Epalanga Chivukuvuku,,,Абель Эпаланга Чивукувуку,Abel Chivukuvuku,,Abel Chivukuvuku,,,"Шивукувуку, Абель",/m/08c017,,,,,Abel Chivukuvuku,,,,,,,,,,,,,,,,,,,,,,,,,,,,,,,,,,,,,,,,,,,,,,,,,,,,,,,,,,,,,,,,,,,,,Abel Chivukuvuku,,,,,,Abel Chivukuvuku,,,,,,,,,,,,,,,,,,,,,,,,,,,,,,,,,,,,,,,,,,,,,,,,,,,,,,,,,,,,,,,,,,,,,,,,,,
Q28650390,,João Lourenço,,João Lourenço,João Lourenço,,,,João Lourenço,,,,,male,politician,1954-03-05,,João Lourenço,João Lourenço,João Lourenço,,João Lourenço,Жоау Лоуренсу,,,João Lourenço (homme politique),,João Lourenço (polityk),"Лоуренсу, Жоау",,,,,,,,,,,,,,,,,,,,,,,,,,,,,,,,,,,,,,,,,,,,,,João Lourenço,,,,,,,,,,,,,,,,,,,,,,,,,,,,,João Manuel Gonçalves Lourenço,,,,,,João Manuel Gonçalves Lourenço,,,,,,,,,,,,,,,,,,,,,,,,,,,,,,,,,,,,,,,,,,,,,,,,,,,,,,,,,,,,,,,,,,,,,,,,,,
Q310815,Fernando da Piedade Dias dos Santos,Fernando da Piedade Dias dos Santos,Fernando da Piedade Dias dos Santos,Fernando da Piedade Dias dos Santos,Fernando da Piedade Dias dos Santos,,Fernando da Piedade Dias dos Santos,Fernando da Piedade Dias dos Santos,Fernando da Piedade Dias dos Santos,,Fernando da Piedade Dias dos Santos,Fernando da Piedade Dias dos Santos,,male,politician,1950-03-05,Fernando,Fernando da Piedade Dias dos Santos,Fernando da Piedade Dias dos Santos,Fernando da Piedade Dias dos Santos,,Fernando da Piedade Dias dos Santos,"Сантуш, Фернанду да Пьедаде Диаш душ",Fernando da Piedade Dias dos Santos,Fernando da Piedade Dias dos Santos,Fernando da Piedade Dias dos Santos,,Fernando da Piedade Dias dos Santos,"Диаш душ Сантуш, Фернанду да Пьедаде",/m/0230l_,,,,,Fernando da Piedade Dias dos Santos,,,Fernando da Piedade Dias dos Santos,,,,,,,,,,フェルナンド・ダ・ピエダデ・ディアス・ドス・サントス,,Fernando da Piedade Dias dos Santos,フェルナンド・ダ・ピエダデ・ディアス・ドス・サントス,Fernando da Piedade Dias dos Santos,,Fernando da Piedade Dias dos Santos,Fernando da Piedade Dias dos Santos,Fernando da Piedade Dias dos Santos,Fernando da Piedade Dias dos Santos,费尔南多·达·皮耶达德·迪亚斯·多斯·桑托斯,,Fernando da Piedade Dias dos Santos,Фернанду да Пієдаде Діаз душ Сантуш,,Φερνάντο ντα Πιεντάντε Ντίας ντος Σάντος,費爾南多·達·皮耶達德·迪亞斯·多斯·桑托斯,费尔南多·达·皮耶达德·迪亚斯·多斯·桑托斯,فرناندو دا پیداده دیاز دوس سانتوس,Φερνάντο ντα Πιεντάντε Ντίας ντος Σάντος,,فرناندو دا پیداده دیاز دوس سانتوس,Фернанду да Пієдаде Діаз душ Сантуш,Fernando da Piedade Dias dos Santos,,,,,Fernando da Piedade Dias dos Santos,,,Fernando da Piedade Dias dos Santos,,Fernando da Piedade Dias dos Santos,,,费尔南多·达·皮耶达德·迪亚斯·多斯·桑托斯,費爾南多·達·皮耶達德·迪亞斯·多斯·桑托斯,费尔南多·达·皮耶达德·迪亚斯·多斯·桑托斯,費爾南多·達·皮耶達德·迪亞斯·多斯·桑托斯,,פרננדו דוס סנטוס,,Fernando da Piedade Dias dos Santos,,,فرناندو دي بييدادي دياس دوس سانتوس,,,Fernando da Piedade Dias dos Santos,,,,,,,Fernando da Piedade Dias dos Santos,,,فرناندو دي بييدادي دياس دوس سانتوس,,,Fernando da Piedade Dias dos Santos,,,,,Fernando da Piedade Dias dos Santos,פרננדו דוש סנטוש,,,,Fernando da Piedade Dias dos Santos,,,,,,Fernando da Piedade Dias dos Santos,费尔南多·达·皮耶达德·迪亚斯·多斯·桑托斯,,,,,Фернанду да Пиедаде Диаш душ Сантуш,Фернанду да Пиедаде Диаш душ Сантуш,Fernando da Piedade Dias dos Santos,Santuš Fernandu da Pjedade Diaš,फर्नान्दो दा पिएदादे दिआस दोस सान्तोस,Fernando da Piedade Dias dos Santos,फर्नान्दो दा पिएदादे दिआस दोस सान्तोस,Santuš Fernandu da Pjedade Diaš,,,,,,,,,,,,,,,,,,,,,,,,,,,,,,,,,,,,,,,,,,,,,
Q3179735,Joaquim Pinto de Andrade,Joaquim Pinto de Andrade,,Joaquim Pinto de Andrade,Joaquim Pinto de Andrade,,,,Joaquim Pinto de Andrade,,,Joaquim Pinto de Andrade,,male,politician,1926,Joaquim,Joaquim Pinto de Andrade,Joaquim Pinto de Andrade,Joaquim Pinto de Andrade,,,,,,Joaquim Pinto de Andrade,,,,/m/03h4lyt,Joaquim Pinto de Andrade,,,2008-02-23,,161602466,,,,,,,,,,,,ジョアキム,,,,,,,,,,,,,,,,,,,,,,,,,,,,,,,,,,,,,,,,,,,,,,,,,,,,,,,,Joaquim Pinto de Andrade,,,,,,Joaquim Pinto de Andrade,,,,,,,,,,,,,,,,,,,,,,,,,,,,,,,,,,,,,,,,,,,,,,,,,,,,,,,,,,,,,,,,,,,,,,,,,,
Q3186515,José Pedro de Morais,José Pedro de Morais,José Pedro de Morais,José Pedro de Morais,José Pedro de Morais,,,,José Pedro de Morais,,,José Pedro de Morais,,male,economist,1955-12-20,José,José Pedro de Morais,,,,,,José Pedro de Morais,,José Pedro de Morais,,,,/m/026rlcp,,,,,,,,José Pedro de Morais,,,,,,,,,,,,,,José Pedro de Morais,,José Pedro de Morais,José Pedro de Morais,José Pedro de Morais,José Pedro de Morais,,,,,,,,,,,,,,,,,,,,,,,,,,,,,,,,,,,,,,,,,,,,,,,,,,,,,,,,,,,,,,,,,,,,,,,,,,,,,,,,,,,,,,,,,,,,,,,,,,,,,,,,,,,,,,,,,,,,,,,,,,,,,,,
Q3187284,João Bernardo de Miranda,João Bernardo de Miranda,,João Bernardo de Miranda,João Bernardo de Miranda,,,,João Bernardo de Miranda,,,João Bernardo de Miranda,https://upload.wikimedia.org/wikipedia/commons/8/8c/20141118_AUTBRA_5042.jpg,male,politician,1952-07-18,João,João Bernardo de Miranda,,,,,,,,João Bernardo de Miranda,,,,/m/0drqyt,,,,,,21539748,067275001,,,,,,,,,,,ジョアン・ベルナルド・デ・ミランダ,,,ジョアン・ベルナルド・デ・ミランダ,,,,João Bernardo de Miranda,,João Bernardo de Miranda,,,,,,,,,,,,,,,,,,,,,,,,,,,,,,,,,,,,,,,,,,,,,,,João Bernardo de Miranda,,,,,,João Bernardo de Miranda,,,,,,,,,,,,,,,,,,,,João Miranda,João Miranda,,,,,,,,,,,,,,,,,,,,,,,,,,,,,,,,,,,,,,,,,,,,,,,,,,,,,
Q3242267,Viriato Clemente da Cruz,Viriato Clemente da Cruz,Viriato da Cruz,Viriato Clemente da Cruz,,,,Viriato da Cruz,Viriato Clemente da Cruz,,,Viriato da Cruz,,male,poet,1928-03-25,,Viriato Clemente da Cruz,Viriato Clemente da Cruz,Viriato Clemente da Cruz,,,,,Viriato da Cruz,,,,,/m/02r3q73,,,,1973-06-13,Viriato da Cruz,35850567,101334516,,,0000 0001 1054 240X,,,,,,,,ヴィリアト・ダ・クルス,,,ヴィリアト・ダ・クルス,,,,,,,维里亚托·达克鲁兹,,,,,,維里亞托·達克魯茲,,,,,,,,,,,,,,,,,Viriato Clemente da Cruz,,,维里亚托·达克鲁兹,維里亞托·達克魯茲,,,,,,,,,,,,,,,,,,,Viriato Clemente da Cruz,,,,,,Viriato Clemente da Cruz,,,,,,,,,,,,,,,,,维里亚托·达克鲁兹,,,,,,,,,,,,,,,,,,,,,,,,,,,,,,,,,,,,,,,,,,,,,,,,,,,,,,,,,
Q369895,Isaías Samakuva,Isaías Samakuva,Isaías Samakuva,Isaías Samakuva,Isaías Samakuva,,,,Isaías Samakuva,,Isaías Samakuva,Isaías Samakuva,,male,politician,1946-07-08,Isaías,Isaías Samakuva,Isaías Samakuva,Isaías Samakuva,ისაიას სამაკუვა,Isaías Samakuva,Исайаш Самакува,Isaías Samakuva,Isaías Samakuva,Isaías Samakuva,ისაიას სამაკუვა,Isaías Samakuva,"Самакува, Исайаш",/m/05s2_9,,,,,,,,,,,,,,,,,,,,,,,,,,,,,,,,,,,,,,,,,,,,,,,,,,,,,,,,,,,,,,,,,,,,,,,,,,Isaías Samakuva,,,,,,Isaías Samakuva,,,,,,,,,,,,,,,,,,,,,,,,,,,,,,,,,,,,,,,,,,,,,,,,,,,,,,,,,,,,,,,,,,,,,,,,,,
Q373591,António Paulo Kassoma,Paulo Kassoma,Paulo Kassoma,Paulo Kassoma,Paulo Kassoma,Paulo Kassoma,,Paulo Kassoma,Paulo Kassoma,,António Paulo Kassoma,Paulo Kassoma,,male,politician,1951-06-06,Paulo,Paulo Kassoma,Paulo Kassoma,Paulo Kassoma,,Paulo Kassoma,"Кассома, Паулу",Paulo Kassoma,Paulo Kassoma,Paulo Kassoma,,Paulo Kassoma,"Кассома, Паулу",/m/04n1490,,,,,Paulo Kassoma,306468738,,Paulo Kassoma,Paulo Kassoma,,,,,,,,,パウロ・カソーマ,,,パウロ・カソーマ,Paulo Kassoma,,Paulo Kassoma,Paulo Kassoma,Paulo Kassoma,Paulo Kassoma,,,Paulo Kassoma,Паулу Кассома,Paulo Kassoma,Πάουλο Κασόμα,保羅·卡索馬,保罗·卡索马,پائولو کاسوما,Πάουλο Κασόμα,Paulo Kassoma,پائولو کاسوما,Паулу Кассома,Paulo Kassoma,,,,,,,,,,,,,,,,,,,,,,,,,,,,,,,,,Paulo Kassoma,,,,,,Paulo Kassoma,,,,,,,,,,,,,,,,,,,,,,,,,,,,,,,,,,,,,,,,,,,,,,,,,,,,,,,,,,,,,,,,,,,,,,,,,,
Q3867136,Ilídio Machado,Ilídio Machado,,Ilídio Machado,Ilídio Machado,,,,Ilídio Machado,,,Ilídio Machado,,male,politician,1914-12-17,,Ilídio Machado,Ilídio Machado,Ilídio Machado,,,,,,,,,,,,,,,,,,,,,,,,,,,,イリディオ・マチャド,,,,,,,,,,,,,,,,,,,,,,,,,,,,,,,,,,,,,,,,,,,,,,,,,,,,,,,,,,,,,,,,,,,,,,,,,,,,,,,,,,,,,,,,,,,,,,,,,,,,,,,,,,,,,,,,,,,,,,,,,,,,,,,,,,,,,,,,
Q467347,Kimpa Vita,Kimpa Vita,Kimpa Vita,Kimpa Vita,Kimpa Vita,,,Kimpa Vita,Kimpa Vita,,Kimpa Vita,Kimpa Vita,,female,,1684,,Kimpa Vita,,,,,,,Kimpa Vita,Kimpa Vita,,,,/m/080hp5,,,,1706-07-02,Kimpa Vita,31287782,120998858,,,0000 0000 7859 8883,119158930,n97112740,14461983w,,,,1856399,,,,,,,,,,,,,,,,,,,,,,,,,,,,,,,,,,,,,,,,,,,,,,Kimpa Vita,,,,,,,,,,,,,,,,,,,,,,,,,,,,,,,,,,,,,,,,,Beatriz Kimpa Vita,,,Beatriz Kimpa Vita,,,Kimpa Mvita,Kimpa Mvita,cnp00548772,,,,,,,,,,,,,,,,,,,,,,,,,,,,,,,,,,,,,,,,,,
Q4689381,Afonso Pedro Canga,Afonso Pedro Canga,,Afonso Pedro Canga,Afonso Pedro Canga,,Afonso Pedro Canga,,Afonso Pedro Canga,,,Afonso Pedro Canga,,male,politician,1959-02-10,Afonso,Afonso Pedro Canga,Afonso Pedro Canga,Afonso Pedro Canga,,,,,,,,,,,,,,,,,,,,,,,,,,,,,,,,,,,,,,,,,,,,,,,,,,,,,,,,,,,,,,,,,,,,,,,,,,,,,,,,,,,,,,,,,,,,,,,,,,,,,,,,,,,,,,,,,,,,,,,,,,,,,,,,,,,,,,,,,,,,,,,,,,,,,,,,,,,,,,,,,,,,
Q4694559,Aguinaldo Jaime,Aguinaldo Jaime,Aguinaldo Jaime,Aguinaldo Jaime,,,,,Aguinaldo Jaime,,,Aguinaldo Jaime,,male,economist,,,Aguinaldo Jaime,,,,,,Aguinaldo Jaime,,,,,,,,,,,,,,,,,,,,,,,,,,,,,,Aguinaldo Jaime,,Aguinaldo Jaime,,,,,,,,,,,,,,,,,,,,,,,,,,,,,,,,,,,,,,,,,,,,,,,,,,,,,,,,,,,,,,,,,,,,,,,,,,,,,,,,,,,,,,,,,,,,,,,,,,,,,,,,,,,,,,,,,,,,,,,,,,,,,,,,
Q4726210,Aliceres Mango,Aliceres Mango,,Aliceres Mango,Adolosi Mango Paulo Alicerces,,Aliceres Mango,,Aliceres Mango,,,Aliceres Mango,https://upload.wikimedia.org/wikipedia/commons/a/ad/Alicerces_Mango.jpg,male,politician,1953-03-24,,Adolosi Mango Paulo Alicerces,Adolosi Mango Paulo Alicerces,Adolosi Mango Paulo Alicerces,,,,,,,,,,,,,,1992,,,,,,,,,,,,,,,,,,,,,,,,,,,,,,,,,,,,,,,,,,,,,,,,,,,,,,,,,,,,,,,,,,,,,,Aliceres Mango,,,,,,Alicerces Mango,,,,,,,,,,,,,,,,,,,,,,,,,,,,,,,,,,,,,,,,,,,,,,,,,,,,,,,,,,,,,,,,,,,,,,,,,,
Q4733786,Almerindo Jaka Jamba,Almerindo Jaka Jamba,,Almerindo Jaka Jamba,Almerindo Jaka Jamba,,,,Almerindo Jaka Jamba,,,Almerindo Jaka Jamba,,male,politician,1949-03-21,,Almerindo Jaka Jamba,,,,,,,,,,,,,,,,,,,,,,,,,,,,,,,,,,,,,,,,,,,,,,,,,,,,,,,,,,,,,,,,,,,,,,,,,,,,,,,,,,,,,,,,,,,,,,,,,,,,,,,,,,,,,,,,,,,,,,,,,,,,,,,,,,,,,,,,,,,,,,,,,,,,,,,,,,,,,,,,,,,,,,
Q4741928,Ambrósio Lukoki,Ambrósio Lukoki,,Ambrósio Lukoki,,,,,Ambrósio Lukoki,,,Ambrósio Lukoki,,male,politician,,,Ambrósio Lukoki,,,,,,,,,,,,,,,,,,,,,,,,,,,,,,,,,,,,,,,,,,,,,,,,,,,,,,,,,,,,,,,,,,,,,,,,,,,,,,,,,,,,,,,,,,,,,,,,,,,,,,,,,,,,,,,,,,,,,,,,,,,,,,,,,,,,,,,,,,,,,,,,,,,,,,,,,,,,,,,,,,,,,,
Q4750344,Ana Dias Lourenço,Ana Dias Lourenço,,Ana Dias Lourenço,,,,,Ana Dias Lourenço,,,Ana Dias Lourenço,,female,politician,,Ana,Ana Dias Lourenço,,,,,,,,,,,,,,,,,,,,,,,,,,,,,,,,,,,,,,,,,,,,,,,,,,,,,,,,,,,,,,,,,,,,,,,,,,,,,,,,,,,,,,,,,,,,,,,,,,,,,,,,,,,,,,,,,,,,,,,,,,,,,,,,,,,,,,,,,,,,,,,,,,,,,,,,,,,,,,,,,,,,,,
Q4777533,António Bento Bembe,António Bento Bembe,,António Bento Bembe,,,,,António Bento Bembe,,,António Bento Bembe,,male,politician,,António,António Bento Bembe,António Bento Bembe,António Bento Bembe,,,,,,,,,,,,,,,,,,,,,,,,,,,,,,,,,,,,,,,,,,,,,,,,,,,,,,,,,,,,,,,,,,,,,,,,,,,,,,,,,,,,,,,,,,,,,,,,,,,,,,,,,,,,,,,,,,,,,,,,,,,,,,,,,,,,,,,,,,,,,,,,,,,,,,,,,,,,,,,,,,,,
Q4778486,Anália de Victória Pereira,Anália de Victória Pereira,Anália de Victória Pereira,Anália de Victória Pereira,Anália de Victória Pereira,,,,Anália de Victória Pereira,,,Anália de Victória Pereira,,female,politician,1941-10-03,,Anália de Victória Pereira,Anália de Victória Pereira,Anália de Victória Pereira,,,,Anália de Victória Pereira,,Anália de Victória Pereira,,,,,,,,2009-01-07,,,,,,,,,,,,,,,,,,,,,,,,,,,,,,,,,,,,,,,,,,,,,,,,,,,,,,,,,,,,,,,,,,,,,,Anália de Victória Pereira,,,,,,Anália de Victória Pereira,,,,,,,,,,,,,,,,,,,,,,,,,,,,,,,,,,,,,,,,,,,,,,,,,,,,,,,,,,,,,,,,,,,,,,,,,,
Q4931550,Boaventura Cardoso,Boaventura Cardoso,Boaventura Cardoso,Boaventura Cardoso,Boaventura Cardoso,,,,Boaventura Cardoso,,,Boaventura Cardoso,,male,,1944-07-26,,Boaventura Silva Cardoso,Boaventura Silva Cardoso,Boaventura Silva Cardoso,,,,,,,,,,,,,,,,51821275,056908563,,,0000 0001 0900 9835,,n81051170,129401421,,,,1448405,,,,,,,,,,,,,,,,,,,,,,,,,,,,,,,,,,,,,,,,,,,,,,,,,,,,,,,,,,,,,,,,,,,,,,,,,,,,,,,,,,,,,,,,,,,,,,,,,,,,,,,,,,,,,,,,,,,,,,,,,,,,,,,,,,,,,,,,,
Q5044792,Carolina Cerqueira,Carolina Cerqueira,,Carolina Cerqueira,Carolina Cerqueira,,Carolina Cerqueira,,Carolina Cerqueira,,,Carolina Cerqueira,,female,politician,,Carolina,Carolina Cerqueira,,,,,,,,,,,,,,,,,,,,,,,,,,,,,,,,,,,,,,,,,,,,,,,,,,,,,,,,,,,,,,,,,,,,,,,,,,,,,,,,,,,,,,,,,,,,,,,,,,,,,,,,,,,,,,,,,,,,,,,,,,,,,,,,,,,,,,,,,,,,,,,,,,,,,,,,,,,,,,,,,,,,,,
Q5216803,Daniel Chipenda,Daniel Chipenda,,Daniel Chipenda,Daniel Chipenda,,,,Daniel Chipenda,,,Daniel Chipenda,,male,,1931-05-15,Daniel,Daniel Chipenda,Daniel Chipenda,Daniel Chipenda,,,,,,,,,,,,,,1996-02-28,,,,,,,,,,,,,,ダニエル・チペンダ,,,,,,,,,,,,,,,,,,,,,,,,,,,,,,,,,,,,,,,,,,,,,,,,,,,,,,,,Daniel Chipenda,,,,,,Daniel Chipenda,,,,,,,,,,,,,,,,,,,,,,,,,,,,,,,,,,,,,,,,,,,,,,,,,,,,,,,,,,,,,,,,,,,,,,,,,,
Q5218278,,Daniel Ntongi-Nzinga,Daniel Ntongi-Nzinga,Daniel Ntongi-Nzinga,Daniel Ntongi-Nzinga,,Daniel Ntongi-Nzinga,,Daniel Ntongi-Nzinga,,,Daniel Ntongi-Nzinga,,male,politician,1946,Daniel,Daniel Ntongi-Nzinga,,,,,,Daniel Ntongi-Nzinga,,,,,,,,,,,,,,,,,,,,,,,,,,,,,,,,,,,,,,,,,,,,,,,,,,,,,,,,,,,,,,,,,,,,,,,,,,,,,,,,,,,,,,,,,,,,,,,,,,,,,,,,,,,,,,,,,,,,,,,,,,,,,,,,,,,,,,,,,,,,,,,,,,,,,,,,,,,,,,,,
Q5347539,Efigênia dos Santos Lima Clemente,Efigênia dos Santos Lima Clemente,Efigênia dos Santos Lima Clemente,Efigênia dos Santos Lima Clemente,,,,,Efigênia dos Santos Lima Clemente,,,Efigênia dos Santos Lima Clemente,,female,politician,,,Efigênia dos Santos Lima Clemente,,,,,,Efigênia dos Santos Lima Clemente,,,,,,,,,,,,,,,,,,,,,,,,,,,,,,,,,,,,,,,,,,,,,,,,,,,,,,,,,,,,,,,,,,,,,,,,,,,,,,,,,,,,,,,,,,,,,,,,,,,,,,,,,,,,,,,,,,,,,,,,,,,,,,,,,,,,,,,,,,,,,,,,,,,,,,,,,,,,,,,,
Q5350621,Ekuikui IV,Ekuikui IV,,Ekuikui IV,Ekuikui IV,,,,Ekuikui IV,,,Ekuikui IV,,male,politician,1913,,Ekuikui IV,,,,,,,,,,,,,,,,2012-01-14,,,,,,,,,,,,,,,,,,,,,,,,,,,,,,,,,,,,,,,,,,,,,,,,,,,,,,,,,,,,,,,,,,,,,,,,,,,,,,,,,,,,,,,,,,,,,,,,,,,,,,,,,,,,,,,,,,,,,,,,,,,,,,,,,,,,,,,,,,,,,,,,,,,,,,
Q5360596,Elias Salupeto Pena,Elias Salupeto Pena,,Elias Salupeto Pena,,,Elias Salupeto Pena,,Elias Salupeto Pena,,,Elias Salupeto Pena,,male,politician,,Elias,Elias Salupeto Pena,,,,,Элиаш Салупето Пена,,,,,,"Пена, Элиаш Салупето",,,,,1992-11-02,,,,,,,,,,,,,,,,,,,,,,,,,,,,,,,,,,,,,,,,,,,,,,,,,,,,,,,,,,,,,,,,,,,,,,Elias Salupeto Pena,,,,,,Elias Salupeto Pena,,,,,,,,,,,,,,,,,,,,,,,,,,,,,,,,,,,,,,,,,,,,,,,,,,,,,,,,,,,,,,,,,,,,,,,,,,
Q5483447,Francisco Higino Carneiro,Francisco Higino Carneiro,,Francisco Higino Carneiro,Francisco Higino Carneiro,,Francisco Higino Carneiro,,Francisco Higino Carneiro,,,Francisco Higino Carneiro,,male,politician,,Francisco,Francisco Higino Carneiro,,,,,,,,,,,,,,,,,,,,,,,,,,,,,,,,,,,,,,,,,,,,,,,,,,,,,,,,,,,,,,,,,,,,,,,,,,,,,,,,,,,,,,,,,,,,,,,,,,,,,,,,,,,,,,,,,,,,,,,,,,,,,,,,,,,,,,,,,,,,,,,,,,,,,,,,,,,,,,,,,,,,,,
Q5526551,Gaspar Martins,Gaspar Martins,Gaspar Martins,Gaspar Martins,Gaspar Martins,,,,Gaspar Martins,,,Gaspar Martins,,male,diplomat,1940-01-12,Gaspar,Gaspar Martins,,,,,,Gaspar Martins,,,,,,,,,,,,,,,,,,,,,,,,,,,,,,,Gaspar Martins,,Gaspar Martins,,Martins,,,,,,,,,,,,,,,,,,,,,,,,,,,,,,,,,,,,,,,,,,,,,,,,,,,,,,,,,,,,,,,,,,,,,,,,,,,,,,,,,,,,,,,,,,,,,,,,,,,,,,,,,,,,,,,,,,,,,,,,,,,,,
Q5607972,Jeremias Chitunda,Jeremias Chitunda,Jeremias Chitunda,Jeremias Chitunda,Jeremias Chitunda,,,Jeremias Chitunda,Jeremias Chitunda,,,Jeremias Chitunda,,male,politician,1942-02-20,Jeremias,Jeremias Chitunda,,,,,"Шитунда, Жеремиаc",,Jeremias Chitunda,,,,"Шитунда, Жеремиас",,,,,1992-11-02,Jeremias Chitunda,200009813,104830611,,,,,,,,,,,,,,,,,,,,,,,,,,,,,,,,,,,,,,,,,,,,,,,,,,,,,,,,,,,,,,,,,,,Jeremias Chitunda,,,,,,Jeremias Chitunda,,,,,,,,,,,,,,,,,,,,,,,,,,,,,,,,,,,,,,,,,,,,,,,,,,,,,,,,,,,,,,,,,,,,,,,,,,
Q5716793,Henrique de Carvalho Santos,Henrique de Carvalho Santos,,Henrique de Carvalho Santos,,,Henrique de Carvalho Santos,,Henrique de Carvalho Santos,,,Henrique de Carvalho Santos,,male,politician,,Henrique,Henrique de Carvalho Santos,,,,,,,,,,,,,,,,,,,,,,,,,,,,,,,,,,,,,,,,,,,,,,,,,,,,,,,,,,,,,,,,,,,,,,,,,,,,,,,,,,,,,,,,,,,,,,,,,,,,,,,,,,,,,,,,,,,,,,,,,,,,,,,,,,,,,,,,,,,,,,,,,,,,,,,,,,,,,,,,,,,,,,
Q57313,José Eduardo dos Santos,José Eduardo dos Santos,José Eduardo dos Santos,José Eduardo dos Santos,José Eduardo dos Santos,José Eduardo dos Santos,José Eduardo dos Santos,José Eduardo dos Santos,José Eduardo dos Santos,Category:José Eduardo dos Santos,José Eduardo dos Santos,José Eduardo dos Santos,https://upload.wikimedia.org/wikipedia/commons/0/0f/José_Eduardo_dos_Santos_2.jpg,male,politician,1942-08-28,Eduardo,José Eduardo dos Santos,José Eduardo dos Santos,José Eduardo dos Santos,ჟოზე ედუარდო სანტუში,José Eduardo dos Santos,"Сантуш, Жозе Эдуарду душ",José Eduardo dos Santos,José Eduardo dos Santos,José Eduardo dos Santos,ჟოზე ედუარდო სანტუში,José Eduardo dos Santos,"Сантуш, Жозе Эдуарду душ",/m/022vmc,,,,,José Eduardo dos Santos,90594066,116796138,José Eduardo dos Santos,José Eduardo dos Santos,0000 0000 7829 1400,1057552135,n93090556,11887489q,,,,328453,ジョゼ・エドゥアルド・ドス・サントス,,José Eduardo dos Santos,ジョゼ・エドゥアルド・ドス・サントス,José Eduardo dos Santos,,José Eduardo dos Santos,,José Eduardo dos Santos,,若泽·爱德华多·多斯桑托斯,dos Santos,José Eduardo dos Santos,Жозе Едуарду душ Сантуш,José Eduardo dos Santos,Ζοζέ Εντουάρντο ντος Σάντος,,,ژوزه ادوآردو دوس سانتوس,Ζοζέ Εντουάρντο ντος Σάντος,José Eduardo dos Santos,ژوزه ادوآردو دوس سانتوس,Жозе Едуарду душ Сантуш,José Eduardo dos Santos,,,,,José Eduardo dos Santos,José Eduardo dos Santos,조제 에두아르두 두스산투스,José Eduardo dos Santos,조제 에두아르두 두스산투스,José Eduardo dos Santos,José Eduardo dos Santos,,,,,,Жазэ Эдуарду душ Сантуш,ז'וזה אדוארדו דוש סנטוש,José Eduardo dos Santos,José Eduardo dos Santos,José Eduardo dos Santos,José Eduardo dos Santos,جوزيه إدواردو دوس سانتوس,,,José Eduardo dos Santos,José Eduardo dos Santos,Iosephus Eduardus dos Santos,José Eduardo dos Santos,José Eduardo dos Santos,Жозе Едуардо дос Сантос,,José Eduardo dos Santos,José Eduardo dos Santos,José Eduardo dos Santos,جوزيه إدواردو دوس سانتوس,Жазэ Эдуарду душ Сантуш,José Eduardo dos Santos,José Eduardo dos Santos,José Eduardo dos Santos,José Eduardo dos Santos,José Eduardo dos Santos,José Eduardo dos Santos,José Eduardo dos Santos,ז'וזה אדוארדו דוש סנטוש,José Eduardo dos Santos,Iosephus Eduardus dos Santos,,José Eduardo dos Santos,,José Eduardo dos Santos,Жозе Едуардо дос Сантос,,José Eduardo dos Santos,José Eduardo dos Santos,若泽·爱德华多·多斯桑托斯,,,José Eduardo dos Santos,José Eduardo dos Santos,Жузе Едуарду душ Сантуш,Жузе Едуарду душ Сантуш,José Eduardo dos Santos,Santuš Žoze Eduardu duš,होजे एदुआर्दो दोस सांतोस,José Eduardo dos Santos,होजे एदुआर्दो दोस सांतोस,Santuš Žoze Eduardu duš,,,,,José Eduardo dos Santos,,,José Eduardo dos Santos,José Eduardo dos Santos,,,,,José-Eduardo-Dos-Santos,José Eduardo dos Santos,ሆዜ ኤድዋርዶ ዶስ ሳንቶስ,Jose Eduardo dos Santos,José Eduardo dos Santos,José Eduardo dos Santos,Joze Eduardu duş Santuş,José Eduardo dos Santos,Ҳосе Едуардо дос Сантос,José Eduardo dos Santos,জস্‌ এডোয়াদো ডোস সান্তোস্‌,José Eduardo dos Santos,ജോസ് എഡ്വാർഡോ ഡോസ് സാന്റോസ്,Žuzē Eduardu duš Santušs,ฌูแซ เอดัวร์ดู ดุช ซังตุช,ሆዜ ኤድዋርዶ ዶስ ሳንቶስ,Joze Eduardu duş Santuş,Jose Eduardo dos Santos,José Eduardo dos Santos,José Eduardo dos Santos,José Eduardo dos Santos,José Eduardo dos Santos,Žuzē Eduardu duš Santušs,ജോസ് എഡ്വാർഡോ ഡോസ് സാന്റോസ്,José Eduardo dos Santos,José Eduardo dos Santos,José Eduardo dos Santos,Ҳосе Едуардо дос Сантос,ฌูแซ เอดัวร์ดู ดุช ซังตุช,883/000162397,person/jose-eduardo-dos-santos,w6v99ztf
Q5996066,Iko Carreira,Iko Carreira,Iko Carreira,Iko Carreira,Iko Carreira,,,,Iko Carreira,,,Iko Carreira,https://upload.wikimedia.org/wikipedia/commons/3/3a/Henrique_-_Iko_-_Teles_Carreira.png,male,diplomat,1933,Henrique,Iko Carreira,Henrique Teles Carreira,,,,"Каррейра, Энрике",,Iko Carreira,,,,"Каррейра, Энрике",,,,,2000,,27322943,,,,0000 0000 6657 2221,,,14640033j,,,,,,,,,,,,,,,,,,,,,,,,,,,,,,,,,,,,,,,,,,,,,,,,,,,,,,,,,,,,,Iko Carreira,,,,,,Iko Carreira,,,,,,,,,,,,,,,,,,,,,,,,,,,,,,,,,,,,,,,,,,,,,,,,,,,,,,,,,,,,,,,,,,,,,,,,,,
Q6140236,Nito Alves,Nito Alves,Nito Alves,Nito Alves,Nito Alves,,,,Nito Alves,,,Nito Alves,,male,politician,1945,,Nito Alves,Nito Alves,Nito Alves,,,"Алвиш, Нито",Nito Alves,,,,,"Алвиш, Ниту",/m/094t66,,,,1977,,35708428,124176771,,,0000 0000 6705 7061,,,,,,,,ニト・アルヴェス,,,ニト・アルヴェス,,,,,,,,,,,,,,,,,,,,,,,,,,,,,,,,,,,,,,,,,,,,,,,,,,,,,Nito Alves,,,,,,Nito Alves,,,,,,,,,,,,,,,,,,,,,,,,,,,,,,,,,,,,,,,,,,,,,,,,,,,,,,,,,,,,,,,,,,,,,,,,,,
Q6298252,João Maria de Sousa,João Maria de Sousa,,João Maria de Sousa,,,,,João Maria de Sousa,,,João Maria de Sousa,,male,,,João,João Maria de Sousa,,,,,,,,,,,,,,,,,,,,,,,,,,,,,,,,,,,,,,,,,,,,,,,,,,,,,,,,,,,,,,,,,,,,,,,,,,,,,,,,,,,,,,,,,,,,,,,,,,,,,,,,,,,,,,,,,,,,,,,,,,,,,,,,,,,,,,,,,,,,,,,,,,,,,,,,,,,,,,,,,,,,,,
Q6305249,Juilão Mateus Paulo,Juilão Mateus Paulo,,Juilão Mateus Paulo,,,,,Juilão Mateus Paulo,,,Juilão Mateus Paulo,,male,politician,1942-12-30,Julião,Juilão Mateus Paulo,Julião Mateus Paulo,,,,"Паулу, Жулиу Матеуш",,,,,,"Паулу, Жулиан Матеуш",,,,,,,,,,,,,,,,,,,,,,,,,,,,,,,,,,,,,,,,,,,,,,,,,,,,,,,,,,,,,,,,,,,,,,,,,,,,,,,,,,,,,,,,,,,,,,,,,,,,,,,,,,,,,,,,,,,,,,,,,,,,,,,,,,,,,,,,,,,,,,,,,,,,,,,,,,,
Q6346289,Kafundanga Chingunji,Kafundanga Chingunji,,Kafundanga Chingunji,,,,,Kafundanga Chingunji,,,Kafundanga Chingunji,,male,politician,,,Kafundanga Chingunji,,,,,,,,,,,,,,,,1974,,,,,,,,,,,,,,,,,,,,,,,,,,,,,,,,,,,,,,,,,,,,,,,,,,,,,,,,,,,,,,,,,,,,,,,,,,,,,,,,,,,,,,,,,,,,,,,,,,,,,,,,,,,,,,,,,,,,,,,,,,,,,,,,,,,,,,,,,,,,,,,,,,,,,,
Q6444389,Kundy Pahiama,Kundy Pahiama,,Kundy Pahiama,,,,,Kundy Pahiama,,,Kundy Pahiama,,male,politician,,,Kundy Pahiama,,,,,,,,,,,"Пайхама, Кунди",,,,,,,,,,,,,,,,,,,,,,,,,,,,,,,,,,,,,,,,,,,,,,,,,,,,,,,,,,,,,,,,,,,,,,,,,,,,,,,,,,,,,,,,,,,,,,,,,,,,,,,,,,,,,,,,,,,,,,,,,,,,,,,,,,,,,,,,,,,,,,,,,,,,,,,,,,,
Q6706860,Luís de Almeida,Luís de Almeida,Luís de Almeida,Luís de Almeida,Luís de Almeida,,,,Luís de Almeida,,,Luís de Almeida,,male,politician,,Luís,Luís de Almeida (diplomata),Luís de Almeida,Luís de Almeida (diplomata),,,,Luís de Almeida,,,,,,,,,,,,,,,,,,,,,,,,,,,,,,,,,,,,,,,,,,,,,,,,,,,,,,,,,,,,,,,,,,,,,,,,,,,,,,,,,,,,,,,,,,,,,,,,,,,,,,,,,,,,,,,,,,,,,,,,,,,,,,,,,,,,,,,,,,,,,,,,,,,,,,,,,,,,,,,,
Q7022496,Ngola Kabangu,Ngola Kabangu,,Ngola Kabangu,Ngola Kabangu,,,,Ngola Kabangu,,,Ngola Kabangu,,male,politician,1943-02-14,,Ngola Kabangu,Ngola Kabangu,,,,"Кабангу, Нгола",,,,,,"Кабангу, Нгола",,,,,,,,,,,,,,,,,,,,,,,,,,,,,,,,,,,,,,,,,,,,,,,,,,,,,,,,,,,,,,,,,,,,,,,,,,,Ngola Kabangu,,,,,,Ngola Kabangu,,,,,,,,,,,,,,,,,,,,,,,,,,,,,,,,,,,,,,,,,,,,,,,,,,,,,,,,,,,,,,,,,,,,,,,,,,
Q7160031,Pedro de Castro van Dúnem,Pedro de Castro van Dúnem,,Pedro de Castro van Dúnem,Pedro de Castro van Dúnem,,,,Pedro de Castro van Dúnem,,,Pedro de Castro van Dúnem,,male,politician,1942,Pedro,Pedro de Castro van Dúnem,,,,,"Каштру Ван-Дунем, Педру ди",,,,,,"Каштру Ван-Дунем, Педру ди",,,,,1997-09-23,,99685689,,,,,,,,,,,,,,,,,,,Pedro de Castro van Dúnem,,Pedro de Castro van Dúnem,,,,,,,,,,,,,,,,,,,,,,,,,,,,,,,,,,,,,,,,,,,,,,,Pedro de Castro van Dúnem,,,,,,Pedro de Castro van Dúnem,,,,,,,,,,,,,,,,,,,,,,,,,,,,,,,,,,,,,,,,,,,,,,,,,,,,,,,,,,,,,,,,,,,,,,,,,,
Q7199028,Pitra Neto,Pitra Neto,,Pitra Neto,Pitra Neto,,Pitra Neto,,Pitra Neto,,,Pitra Neto,,male,politician,1958-02-12,,Pitra Neto,,,,,,,,,,,,,,,,,,,,,,,,,,,,,,,,,,,,,,,,,,,,,,,,,,,,,,,,,,,,,,,,,,,,,,,,,,,,,,,,,,,,,,,,,,,,,,,,,,,,,,,,,,,,,,,,,,,,,,,,,,,,,,,,,,,,,,,,,,,,,,,,,,,,,,,,,,,,,,,,,,,,,,
Q7351774,Roberto Leal Monteiro,Roberto Leal Monteiro,,,,,,,Roberto Leal Monteiro,,,Roberto Leal Monteiro,https://upload.wikimedia.org/wikipedia/commons/3/34/Roberto_Monteiro.jpg,male,politician,,Roberto,Roberto Leal Monteiro Ngongo,Roberto Leal Monteiro Ngongo,Roberto Leal Monteiro Ngongo,,,,,,,,,,,,,,,,,,,,,,,,,,,,,,,,,,,,,,,,,Монтейру Роберту Леал Рамуш,,,,,,,,,Монтейру Роберту Леал Рамуш,,,,,,,,,,,,,,,,,,,,,,,,,,,,,,,,,,,,,,,,,,,,,,,,,,,,,,,,,,,,,,,,,,,,,,,,,,,,,,,,,,,,,,,,,,,,,,,,,,,,,,,,,,,,,,,,,,
Q7920679,Venâncio da Silva Moura,Venâncio da Silva Moura,Venâncio da Silva Moura,Venâncio da Silva Moura,,,,,Venâncio da Silva Moura,,,Venâncio da Silva Moura,,male,politician,1940-02-24,,Venâncio da Silva Moura,,,,,"Силва Моура, Вененсиу да",Venâncio da Silva Moura,,,,,"Силва Моура, Вененсиу да",,,,,1999-03-06,,,,,,,,,,,,,,,,,,,,,Venâncio da Silva Moura,,Venâncio da Silva Moura,,,,,,,,,,,,,,,,,,,,,,,,,,,,,,,,,,,,,,,,,,,,,,,Venâncio da Silva Moura,,,,,,Venâncio da Silva Moura,,,,,,,,,,,,,,,,,,,,,,,,,,,,,,,,,,,,,,,,,,,,,,,,,,,,,,,,,,,,,,,,,,,,,,,,,,
Q941427,Mário Pinto de Andrade,Mário Pinto de Andrade,Mário Pinto de Andrade,Mário Pinto de Andrade,Mário Pinto de Andrade,,Mário Pinto de Andrade,Mário Pinto de Andrade,Mário Pinto de Andrade,,Mário Pinto de Andrade,Mário Pinto de Andrade,,male,politician,1928-08-21,Mário,Mário Pinto de Andrade,Mário Pinto de Andrade,Mário Pinto de Andrade,,,,Mário Pinto de Andrade,,Mário Pinto de Andrade,,,,/m/03cdgv,,,,1990-08-26,Mário Pinto de Andrade,49220880,026686066,,,0000 0000 6641 6472,123711177,n82043404,118887753,,,,89616,マリオ・ピント・デ・アンドラーデ,,Mário Pinto de Andrade,マリオ・ピント・デ・アンドラーデ,,,,,,,,,,,,,,,,,,,,,,,,,,,,,,,,,,,,,,מריו פינטו דה אנדרדה,,,,,,,,,,,,,,,Mário Pinto de Andrade,,,,,,Mário Pinto de Andrade,,,,,,מריו פינטו דה אנדרדה,,,,Mário Pinto de Andrade,,,,,,,,,,,,,,,,,,,,,,,,,,,Mário Pinto de Andrade,Mário Pinto de Andrade,a10040353,155652,,,,,,,,,,,,,,,,,,,,,,,,,,,,,,,,,,
Q9619732,António Maria Mpassa,António Maria Mpassa,,,,,,,António Maria Mpassa,,,,,male,,1952-06-17,António,António Maria Mpassa,António Maria Mpassa,António Maria Mpassa,,,,,,,,,,,,,,,,,,,,,,,,,,,,,,,,,,,,,,,,,,,,,,,,,,,,,,,,,,,,,,,,,,,,,,,,,,,,,,,,,,,,,,,,,,,,,,,,,,,,,,,,,,,,,,,,,,,,,,,,,,,,,,,,,,,,,,,,,,,,,,,,,,,,,,,,,,,,,,,,,,,,
Q962717,Paulo Teixeira Jorge,Paulo Teixeira Jorge,Paulo Teixeira Jorge,Paulo Teixeira Jorge,Paulo Teixeira Jorge,,,,Paulo Teixeira Jorge,,Paulo Teixeira Jorge,Paulo Teixeira Jorge,,male,politician,1934,Paulo,Paulo Teixeira Jorge,Paulo Teixeira Jorge,Paulo Teixeira Jorge,,,"Жоржи, Паолу Тейшейра",Paulo Teixeira Jorge,,,,,"Тейшейра Жоржи, Паулу",/m/02qkjb0,Paulo Teixeira Jorge,,,2010-06-26,,,,,,,,,,,,,,,,,,,,,Paulo Teixeira Jorge,,Paulo Teixeira Jorge,,,,,,,,,,,,,,,,,,,,,,,,,,,,,,,,,,,,,,,,,,,,,,,Paulo Teixeira Jorge,,,,,,Paulo Teixeira Jorge,,,,,,,,,,,,,,,,,,,,,,,,,,,,,,,,,,,,,,,,,,,,,,,,,,,,,,,,,,,,,,,,,,,,,,,,,,
Q973742,Manuel Domingos Vicente,Manuel Vicente,Manuel Vicente,Manuel Vicente,Manuel Domingos Vicente,,,,Manuel Vicente,,Manuel Domingos Vicente,Manuel Vicente,https://upload.wikimedia.org/wikipedia/commons/1/1a/Manuel_Vicente_2014_DOS.png,male,chief executive officer,1956-05-15,Manuel,Manuel Domingos Vicente,Manuel Domingos Vicente,Manuel Domingos Vicente,,Manuel Vicente,"Висенте, Мануэль Домингуш",,,Manuel Domingos Vicente,,Manuel Vicente,"Висенте, Мануэл Домингуш",/m/0gx1t26,,,,,,,,,,,,,,,,,,,,,,,,,,,,,,,,,Μανουέλ Βισέντε,,,مانوئل ویسنته,Μανουέλ Βισέντε,,مانوئل ویسنته,,,Manuel Domingos Vicente,Manuel Vicente,Manuel Vicente,Manuel Domingos Vicente,Manuel Domingos Vicente,Manuel Vicente,마누엘 비센트,Manuel Domingos Vicente,마누엘 비센트,Manuel Vicente,Manuel Vicente,,,,,,,,,,,,,,,,,,,,,,Manuel Vicente,,,,,,Manuel Vicente,,,,,,,,,,,,,,,,,,,,,,,,,,,,,,,,,,,,,,,,,,,,,,,,,,,,,,,,,,,,,,,,,,,,,,,,,,
