id,name__en,name,name__be,name__ru,name__pl,image,gender,birth_date,identifier__freebase,given_name,identifier__IIAF,family_name,wikipedia__en,wikipedia__be,wikipedia__ru,wikipedia__pl,name__pt,name__fr,name__fi,name__uk,name__it,name__be_tarask,name__et,name__de,name__ja,name__sv,name__nl,name__es,name__nb,wikipedia__be_x_old,wikipedia__de,wikipedia__et,wikipedia__fi,wikipedia__fr,wikipedia__it,wikipedia__ja,wikipedia__nl,wikipedia__no,wikipedia__pt,wikipedia__sv,wikipedia__uk,wikipedia__plwikiquote,name__af,name__an,name__ast,name__bar,name__br,name__bs,name__ca,name__co,name__cs,name__cy,name__da,name__eo,name__eu,name__fur,name__ga,name__gd,name__gl,name__gsw,name__hr,name__hu,name__is,name__lb,name__li,name__lij,name__lmo,name__lt,name__nap,name__nds,name__nds_nl,name__nn,name__pcd,name__pms,name__rm,name__ro,name__sc,name__scn,name__sco,name__sk,name__sl,name__sq,name__tr,name__vec,name__vls,name__wa,original_wikiname,last_seen,name__ar,wikipedia__ar,name__kana,name__ko,wikipedia__ko,occupation,wikipedia__commons,wikipedia__es,wikipedia__bewikiquote,identifier__VIAF,name__zh,name__sr,wikipedia__hu,wikipedia__sr,website,facebook,identifier__ioc_athlete
Q10444907,Yauhien Abalenski,Yauhien Abalenski,Яўген Абаленскі,"Оболенский, Евгений Вячеславович",Jauhienij Abalenski,,male,1973-03-30,,Jauhienij,,Abalenski,,Яўгеній Вячаслававіч Абаленскі,,Jauhienij Abalenski,,Yauhien Abalenski,,Оболенський Євген В’ячеславович,,Яўген Абаленскі,,,,,Yauhien Abalenski,Yauhien Abalenski,,,,,,,,,,,,,Оболенський Євген В’ячеславович,Jauhienij Abalenski,,,,,,,,,,,,,,,,,,,,Yauhien Abalenski,,,,,,,,,,,,,,,,,,,,,,,,,Jauhienij Abalenski,,,,,,,electrician,,,,,,,,,,,
Q11712387,,Інеса Анатольеўна Кляшчук,Інеса Анатольеўна Кляшчук,,Inesa Klaszczuk,,female,1978-08-26,,Inesa,,,,Інеса Анатольеўна Кляшчук,,Inesa Klaszczuk,,,,,,,,,,,,,,,,,,,,,,,,,,,,,,,,,,,,,,,,,,,,,,,,,,,,,,,,,,,,,,,,,,,,,,,Inesa Klaszczuk,,,,,,,,,,,,,,,,,,
Q11753400,Leanid Apanasyuk,Leanid Apanasyuk,Леанід Апанасюк,"Апанасюк, Леонид Николаевич",Leanid Apanasiuk,,male,1956-01-08,,Leanid,,,,Леанід Мікалаевіч Апанасюк,,Leanid Apanasiuk,,Leanid Apanasyuk,,,,Леанід Апанасюк,,,,,Leanid Apanasyuk,,,,,,,,,,,,,,,,,,,,,,,,,,,,,,,,,,,,,,,,,,,,,,,,,,,,,,,,,,,,Leanid Apanasiuk,,,,,,,politician,,,,,,,,,,,
Q11780622,,Мікалай Леанідавіч Самасейка,Мікалай Леанідавіч Самасейка,,Mikałaj Samasiejka,,male,1959-10-03,,,,,,Мікалай Леанідавіч Самасейка,,Mikałaj Samasiejka,,,,,,,,,,,,,,,,,,,,,,,,,,,,,,,,,,,,,,,,,,,,,,,,,,,,,,,,,,,,,,,,,,,,,,,Mikałaj Samasiejka,,,,,,,,,,,,,,,,,,
Q13028926,,Валерый Іосіфавіч Варанецкі,Валерый Іосіфавіч Варанецкі,,,,male,1963-10-14,,,,,,Валерый Іосіфавіч Варанецкі,,,,,,,,Валеры Варанецкі,,,,,,,,Валеры Варанецкі,,,,,,,,,,,,,,,,,,,,,,,,,,,,,,,,,,,,,,,,,,,,,,,,,,,,,,,,,Валерый Іосіфавіч Варанецкі,,,,,,,,,,,,,,,,,,
Q13031398,,Марат Генадзьевіч Жылінскі,Марат Генадзьевіч Жылінскі,,,,male,1976-03-23,,,,,,Марат Генадзьевіч Жылінскі,,,,,,,,Марат Жылінскі,,,,,,,,Марат Жылінскі,,,,,,,,,,,,,,,,,,,,,,,,,,,,,,,,,,,,,,,,,,,,,,,,,,,,,,,,,Марат Генадзьевіч Жылінскі,,,,,,,,,,,,,,,,,,
Q14393799,Elena Beresneva,Elena Beresneva,Алена Пятроўна Бераснева,"Береснева, Елена Петровна",Alena Bierasniewa,,female,1962-06-04,,Alena,,,,Алена Пятроўна Бераснева,"Береснева, Елена Петровна",Alena Bierasniewa,,,,,,,,,,,,,,,,,,,,,,,,,,,,,,,,,,,,,,,,,,,,,,,,,,,,,,,,,,,,,,,,,,,,,,,Alena Bierasniewa,,,,,,,journalist,,,,,,,,,,,
Q14394031,Uladzimir Bazanau,Uladzimir Bazanau,Уладзімір Аляксандравіч Базанаў,,Uładzimir Bazanau,,male,1957-11-29,,Uladzimir,,,,Уладзімір Аляксандравіч Базанаў,,Uładzimir Bazanau,,Uladzimir Bazanau,,,,,,Uladzimir Bazanau,,,,Uladzimir Bazanau,,,,,,,,,,,,,,,,,,,,,,,,,,,,,,,,,,,,,,,,,,,,,,,,,,,,,,,,,,,Uładzimir Bazanau,,,,,,,,,,,,,,,,,,
Q14421992,Aleksandr Myakinnik,Aleksandr Myakinnik,Аляксандр Пятровіч Мякіннік,,Alaksandr Miakinnik,,male,1968-07-17,,Alyaksandr,,,,Аляксандр Пятровіч Мякіннік,,Alaksandr Miakinnik,,Aleksandr Myakinnik,,,Alaksandr Miakinnik,,,,,,,,,,,,,,,,,,,,,Alaksandr Miakinnik,,,,,,,,,,,,,,,,,,,,,,,,,,,,,,,,,,,,,,,,,,,,,Alaksandr Miakinnik,,,,,,,,,,,,,,,,,,
Q14422105,,Мікалай Фёдаравіч Рассоха,Мікалай Фёдаравіч Рассоха,,Mikałaj Rasocha,,male,1958-08-03,,,,,,Мікалай Фёдаравіч Рассоха,,Mikałaj Rasocha,,,,,,,,,,,,,,,,,,,,,,,,,,,,,,,,,,,,,,,,,,,,,,,,,,,,,,,,,,,,,,,,,,,,,,,Mikałaj Rasocha,,,,,,,,,,,,,,,,,,
Q14866893,Alyaksandr Yarashevich,Alyaksandr Yarashevich,Аляксандр Ярашэвіч,Александр Ярошевич,Alaksandr Jaraszewicz,,male,1963-06-07,,Alyaksandr,,,,Аляксандр Мікалаевіч Ярашэвіч,,Alaksandr Jaraszewicz,,,,,,Аляксандар Ярашэвіч,,,,,,,,,,,,,,,,,,,,,,,,,,,,,,,,,,,,,,,,,,,,,,,,,,,,,,,,,,,,,,,,,Alaksandr Jaraszewicz,,,,,,,,,,,,,,,,,,
Q14917844,Adam Bashkou,Adam Bashkou,Адам Башкоў,"Башков, Адам Семенович",Adam Baszkou,,male,1951-05-26,,Adam,,,,Адам Сямёнавіч Вашкоў,,Adam Baszkou,Adam Baszkou,Adam Baszkou,Adam Baszkou,,Adam Baszkou,Адам Башкоў,Adam Baszkou,Adam Baszkou,,Adam Baszkou,Adam Baszkou,Adam Baszkou,Adam Baszkou,,,,,,,,,,,,,,Adam Baszkou,Adam Baszkou,Adam Baszkou,Adam Baszkou,Adam Baszkou,Adam Baszkou,Adam Baszkou,Adam Baszkou,Adam Baszkou,Adam Baszkou,Adam Baszkou,Adam Baszkou,Adam Baszkou,Adam Baszkou,Adam Baszkou,Adam Baszkou,Adam Baszkou,Adam Baszkou,Adam Baszkou,Adam Baszkou,Adam Baszkou,Adam Baszkou,Adam Baszkou,Adam Baszkou,Adam Baszkou,Adam Baszkou,Adam Baszkou,Adam Baszkou,Adam Baszkou,Adam Baszkou,Adam Baszkou,Adam Baszkou,Adam Baszkou,Adam Baszkou,Adam Baszkou,Adam Baszkou,Adam Baszkou,Adam Baszkou,Adam Baszkou,Adam Baszkou,Adam Baszkou,Adam Baszkou,Adam Baszkou,Adam Baszkou,Adam Baszkou,,,,,,,business magnate,,,,,,,,,,,
Q14918190,,Наталля Анатольеўна Клімовіч,Наталля Анатольеўна Клімовіч,,Natalla Klimowicz,,female,1963-02-02,,Natallia,,,,Наталля Анатольеўна Клімовіч,,Natalla Klimowicz,,,,,,,,,,,,,,,,,,,,,,,,,,,,,,,,,,,,,,,,,,,,,,,,,,,,,,,,,,,,,,,,,,,,,,,Natalla Klimowicz,,,,,,,physician,,,,,,,,,,,
Q14918481,Aleksandr Stiecko,Aleksandr Stiecko,Аляксандр Мікалаевіч Сцяцко,,Alaksandr Sciacko,,male,1957-04-26,,Alyaksandr,,,,Аляксандр Мікалаевіч Сцяцко,,Alaksandr Sciacko,,,,,,,,,,,,,,,,,,,,,,,,,,,,,,,,,,,,,,,,,,,,,,,,,,,,,,,,,,,,,,,,,,,,,,,Alaksandr Sciacko,,,,,,,physician,,,,,,,,,,,
Q14918514,Lyudmila Starascina,Lyudmila Starascina,Людміла Віктараўна Старасціна,Людмила Викторовна Старостина,Ludmiła Starascina,,female,1963-04-09,,Lyudmila,,Starascina,,Людміла Віктараўна Старасціна,,Ludmiła Starascina,,,,,,Людміла Старасьціна,,,,,,,,,,,,,,,,,,,,,,,,,,,,,,,,,,,,,,,,,,,,,,,,,,,,,,,,,,,,,,,,,Ludmiła Starascina,,,,,,,,,,,,,,,,,,
Q14918527,,Пётр Мікалаевіч Шостак,Пётр Мікалаевіч Шостак,,Piotr Szostak,,male,1966-07-12,,Piotr,,Shostak,,Пётр Мікалаевіч Шостак,,Piotr Szostak,,,,,,,,,,,,,,,,,,,,,,,,,,,,,,,,,,,,,,,,,,,,,,,,,,,,,,,,,,,,,,,,,,,,,,,Piotr Szostak,,,,,,,,,,,,,,,,,,
Q14918565,Zyhmund Valavach,Zyhmund Valavach,Зыгмунд Антонавіч Валявач,"Валевач, Зыгмунд Антонович",Zyhmund Walawacz,,male,1953-05-13,,Zyhmund,,Valyavach,,Зыгмунд Антонавіч Валявач,,Zyhmund Walawacz,,Zyhmund Valavach,,,,Зыгмунд Антонавіч Валявач,,Zyhmund Valavach,,,,,,,,,,,,,,,,,,,,,,,,,,,,,,,,,,,,,,,,,,,,,,,,,,,,,,,,,,,,,,,Zyhmund Walawacz,,,,,,,docent,,,,,,,,,,,
Q14918570,Viktar Valyushytski,Viktar Valyushytski,Віктар Іванавіч Валюшыцкі,Виктор Иванович Валюшицкий,Wiktar Waluszycki,,male,1962-02,,,,Valyushytski,,Віктар Іванавіч Валюшыцкі,,Wiktar Waluszycki,,,,,,Віктар Іванавіч Валюшыцкі,,,,,,,,,,,,,,,,,,,,,,,,,,,,,,,,,,,,,,,,,,,,,,,,,,,,,,,,,,,,,,,,,Wiktar Waluszycki,,,,,,,economist,,,,,,,,,,,
Q14918587,Mikhail Volkau,Mikhail Volkau,Міхаіл Мікалаевіч Волкаў,Михаил Николаевич Волков,Michaił Wołkau,,male,1955-01-26,,Mikhail,,Wołkau,,Міхаіл Мікалаевіч Волкаў,,Michaił Wołkau (ur. 1955),,Mikhail Volkov,,,,Міхаіл Мікалаевіч Волкаў,,,,,,,,,,,,,,,,,,,,,,,,,,,,,,,,,,,,,,,,,,,,,,,,,,,,,,,,,,,,,,,,,Michaił Wołkau (ur. 1955),,,,,,,politician,,,,,,,,,,,
Q14918588,Mikhail Volkau,Mikhail Volkau,Міхаіл Міхайлавіч Волкаў,Михаил Михайлович Волков,Michaił Wołkau,,male,1963-09-23,,Mikhail,,Wołkau,,Міхаіл Міхайлавіч Волкаў,,Michaił Wołkau (ur. 1963),,Mikhail Volkov,,,,Міхаіл Міхайлавіч Волкаў,,,,,Mikhail Volkov,,,,,,,,,,,,,,,,,,,,,,,,,,,,,,,,,,,,,,,,,,,,,,,,,,,,,,,,,,,,Michaił Wołkau (ur. 1963),,,,,,,politician,,,,,,,,,,,
Q14918628,,Валерый Аляксеевіч Жмайлік,Валерый Аляксеевіч Жмайлік,,Waleryj Żmajlik,,male,1951-01-23,,Valery,,,,Валерый Аляксеевіч Жмайлік,,Waleryj Żmajlik,,,,,,,,,,,,,,,,,,,,,,,,,,,,,,,,,,,,,,,,,,,,,,,,,,,,,,,,,,,,,,,,,,,,,,,Waleryj Żmajlik,,,,,,,,,,,,,,,,,,
Q17044743,,Уладзімір Васільевіч Краўцоў,Уладзімір Васільевіч Краўцоў,,,https://upload.wikimedia.org/wikipedia/commons/a/a9/Владимир_Кравцов.png,male,1953-08-28,,,,,,Уладзімір Васільевіч Краўцоў,"Кравцов, Владимир Васильевич",,,,,,,,,,,,,,,,,,,,,,,,,,,,,,,,,,,,,,,,,,,,,,,,,,,,,,,,,,,,,,,,,,,,,,,,Уладзімір Васільевіч Краўцоў,,,,,,,,,,,,,,,,,,
Q17044887,,Аляксандр Веніямінавіч Мяжуеў,Аляксандр Веніямінавіч Мяжуеў,"Межуев, Александр Вениаминович",,,male,1959-07-11,,Alyaksandr,,,,Аляксандр Веніямінавіч Мяжуеў,"Межуев, Александр Вениаминович",,,,,,,,,,,,,,,,,,,,,,,,,,,,,,,,,,,,,,,,,,,,,,,,,,,,,,,,,,,,,,,,,,,,,,,,Аляксандр Веніямінавіч Мяжуеў,,,,,,,,,,,,,,,,,,
Q2029677,Uladzimir Andreychanka,Uladzimir Andreychanka,Уладзімір Паўлавіч Андрэйчанка,Владимир Павлович Андрейченко,Uładzimir Andrejczanka,https://upload.wikimedia.org/wikipedia/commons/5/51/Uladzimi_Andreichanka.jpg,male,1949-01-02,,Uladzimir,,Andrejczanka,,Уладзімір Паўлавіч Андрэйчанка,"Андрейченко, Владимир Павлович",Uładzimir Andrejczanka,,Uladzimir Andreychanka,,Андрейченко Володимир Павлович,,Уладзімер Андрэйчанка,,,,,Uladzimir Andreychanka,,,Уладзімер Андрэйчанка,,,,,,,,,,,Андрейченко Володимир Павлович,,,,,,,,,,,,,,,,,,,,,,,,,,,,,,,,,,,,,,,,,,,,,,Uładzimir Andrejczanka,,,,,,,agronomist,,,,,,,,,,,
Q20972322,,Мікалай Дзмітрыевіч Улаховіч,Мікалай Дзмітрыевіч Улаховіч,,,,male,1951-08-21,,,,,,Мікалай Дзмітрыевіч Улаховіч,,,,,,,,Мікалай Улаховіч,,,,,,,,Мікалай Улаховіч,,,,,,,,,,,,,,,,,,,,,,,,,,,,,,,,,,,,,,,,,,,,,,,,,,,,,,,,,Мікалай Дзмітрыевіч Улаховіч,,,,,,,,,,,,尼古拉·域拉高福斯,,,,,,
Q25536447,,Аляксей Фёдаравіч Кузьміч,Аляксей Фёдаравіч Кузьміч,,,,male,1955-08-26,,,,,,Аляксей Фёдаравіч Кузьміч,,,,,,,,,,,,,,,,,,,,,,,,,,,,,,,,,,,,,,,,,,,,,,,,,,,,,,,,,,,,,,,,,,,,,,,,,Аляксей Фёдаравіч Кузьміч,,,,,,,,,,,,,,,,,,
Q256650,Irina Dorofeeva,Irina Dorofeeva,Ірына Дарафеева,"Дорофеева, Ирина Аркадьевна",,https://upload.wikimedia.org/wikipedia/commons/2/20/Iryna_Darafiejeva.jpg,female,1977-07-06,/m/0g9ss4y,Iryna,,,Irina Dorofeeva,Ірына Аркадзьеўна Дарафеева,"Дорофеева, Ирина Аркадьевна",,,Irina Dorofeeva,,,,,,,,,Irina Dorofeeva,Irina Dorofeeva,,,,,,Irina Dorofeeva,,,,,,,,,,,,,,,,,,,,,,,,,,,,Irina Darafejeva,,,,,,,,,,,,,,,,,,,,,,,,,Ірына Аркадзьеўна Дарафеева,,,,,,,singer,,,,,,Ирина Дорофејева,Irina Darafejeva,Ирина Дорофејева,http://www.irinadorofeeva.com/,irinadorofeevaofficialpage,
Q26897630,Aliena Anisim,Aliena Anisim,Алена Мікалаеўна Анісім,Елена Николаевна Анисим,Alena Anisim,https://upload.wikimedia.org/wikipedia/commons/5/5e/Алена_Анісім._2015.jpg,female,1962-09-28,,Alena,,,,Алена Мікалаеўна Анісім,"Анисим, Елена Николаевна",Alena Anisim,,,,,,,,,,,Alena Anisim,,,,,,,,,,,,,,,,,,,,,,,,,,,,,,,,,,,,,,,,,,,,,,,,,,,,,,,,,,,,Алена Мікалаеўна Анісім,,,,,,,,,,,,,,,,,,
Q26897631,,Валерый Іванавіч Гушча,Валерый Іванавіч Гушча,,,,male,1956-10-16,,,,,,Валерый Іванавіч Гушча,,,,,,,,,,,,,,,,,,,,,,,,,,,,,,,,,,,,,,,,,,,,,,,,,,,,,,,,,,,,,,,,,,,,,,,,,Валерый Іванавіч Гушча,,,,,,,surgeon,,,,,,,,,,,
Q26897632,Anatol Boyka,Anatol Boyka,Анатоль Сцяпанавіч Бойка,,,,male,1954-01-25,,,,,,Анатоль Сцяпанавіч Бойка,,,,,,,,,,,,,Anatol Boyka,,,,,,,,,,,,,,,,,,,,,,,,,,,,,,,,,,,,,,,,,,,,,,,,,,,,,,,,,,,,Анатоль Сцяпанавіч Бойка,,,,,,,politician,,,,,,,,,,,
Q26897633,,Валерый Анатольевіч Барадзеня,Валерый Анатольевіч Барадзеня,,,,male,1972-02-02,,,,,,Валерый Анатольевіч Барадзеня,,,,,,,,,,,,,,,,,,,,,,,,,,,,,,,,,,,,,,,,,,,,,,,,,,,,,,,,,,,,,,,,,,,,,,,,,Валерый Анатольевіч Барадзеня,,,,,,,,,,,,,,,,,,
Q26897634,,Валянціна Ігнацьеўна Верас,Валянціна Ігнацьеўна Верас,,,,female,1959-01-02,,,,,,Валянціна Ігнацьеўна Верас,,,,,,,,,,,,,,,,,,,,,,,,,,,,,,,,,,,,,,,,,,,,,,,,,,,,,,,,,,,,,,,,,,,,,,,,,Валянціна Ігнацьеўна Верас,,,,,,,,,,,,,,,,,,
Q26897635,,Аляксандр Анатольевіч Валчанкоў,Аляксандр Анатольевіч Валчанкоў,,,,male,1957-09-02,,,,,,Аляксандр Анатольевіч Валчанкоў,,,,,,,,,,,,,,,,,,,,,,,,,,,,,,,,,,,,,,,,,,,,,,,,,,,,,,,,,,,,,,,,,,,,,,,,,Аляксандр Анатольевіч Валчанкоў,,,,,,,,,,,,,,,,,,
Q26897636,,Валерый Уладзіміравіч Гайдукевіч,Валерый Уладзіміравіч Гайдукевіч,,,,male,1953-01-19,,,,,,Валерый Уладзіміравіч Гайдукевіч,,,,,,,,,,,,,,,,,,,,,,,,,,,,,,,,,,,,,,,,,,,,,,,,,,,,,,,,,,,,,,,,,,,,,,,,,Валерый Уладзіміравіч Гайдукевіч,,,,,,,,,,,,,,,,,,
Q26897637,,Таіса Іванаўна Данілевіч,Таіса Іванаўна Данілевіч,,,,female,1958-05-13,,,,,,Таіса Іванаўна Данілевіч,,,,,,,,,,,,,,,,,,,,,,,,,,,,,,,,,,,,,,,,,,,,,,,,,,,,,,,,,,,,,,,,,,,,,,,,,Таіса Іванаўна Данілевіч,,,,,,,,,,,,,,,,,,
Q26897639,,Уладзімір Міхайлавіч Дзедушкін,Уладзімір Міхайлавіч Дзедушкін,,,,male,1954-01-05,,,,,,Уладзімір Міхайлавіч Дзедушкін,,,,,,,,,,,,,,,,,,,,,,,,,,,,,,,,,,,,,,,,,,,,,,,,,,,,,,,,,,,,,,,,,,,,,,,,,Уладзімір Міхайлавіч Дзедушкін,,,,,,,,,,,,,,,,,,
Q26897640,,Людміла Анатольеўна Дабрыніна,Людміла Анатольеўна Дабрыніна,,,,female,1961-11-20,,,,,,Людміла Анатольеўна Дабрыніна,,,,,,,,,,,,,,,,,,,,,,,,,,,,,,,,,,,,,,,,,,,,,,,,,,,,,,,,,,,,,,,,,,,,,,,,,Людміла Анатольеўна Дабрыніна,,,,,,,,,,,,,,,,,,
Q26897641,,Юрый Іванавіч Дарагакупец,Юрый Іванавіч Дарагакупец,,,,male,1962-01-06,,,,,,Юрый Іванавіч Дарагакупец,,,,,,,,,,,,,,,,,,,,,,,,,,,,,,,,,,,,,,,,,,,,,,,,,,,,,,,,,,,,,,,,,,,,,,,,,Юрый Іванавіч Дарагакупец,,,,,,,,,,,,,,,,,,
Q26897642,,Сяргей Веніямінавіч Дудкін,Сяргей Веніямінавіч Дудкін,,,,male,1962-09-04,,,,,,Сяргей Веніямінавіч Дудкін,,,,,,,,,,,,,,,,,,,,,,,,,,,,,,,,,,,,,,,,,,,,,,,,,,,,,,,,,,,,,,,,,,,,,,,,,Сяргей Веніямінавіч Дудкін,,,,,,,,,,,,,,,,,,
Q26897643,,Леанід Аляксеевіч Ермантовіч,Леанід Аляксеевіч Ермантовіч,,,,male,1956-02-17,,,,,,Леанід Аляксеевіч Ермантовіч,,,,,,,,,,,,,,,,,,,,,,,,,,,,,,,,,,,,,,,,,,,,,,,,,,,,,,,,,,,,,,,,,,,,,,,,,Леанід Аляксеевіч Ермантовіч,,,,,,,,,,,,,,,,,,
Q26897644,,Мікалай Міхайлавіч Іванчанка,Мікалай Міхайлавіч Іванчанка,,,,male,1947-04-13,,,,,,Мікалай Міхайлавіч Іванчанка,,,,,,,,,,,,,,,,,,,,,,,,,,,,,,,,,,,,,,,,,,,,,,,,,,,,,,,,,,,,,,,,,,,,,,,,,Мікалай Міхайлавіч Іванчанка,,,,,,,,,,,,,,,,,,
Q26897645,,Леанід Мікалаевіч Кавалевіч,Леанід Мікалаевіч Кавалевіч,,,,male,1958-03-14,,,,,,Леанід Мікалаевіч Кавалевіч,,,,,,,,,,,,,,,,,,,,,,,,,,,,,,,,,,,,,,,,,,,,,,,,,,,,,,,,,,,,,,,,,,,,,,,,,Леанід Мікалаевіч Кавалевіч,,,,,,,,,,,,,,,,,,
Q26897646,,Валерый Уладзіміравіч Кокаш,Валерый Уладзіміравіч Кокаш,,,,male,1951-11-07,,,,,,Валерый Уладзіміравіч Кокаш,,,,,,,,,,,,,,,,,,,,,,,,,,,,,,,,,,,,,,,,,,,,,,,,,,,,,,,,,,,,,,,,,,,,,,,,,Валерый Уладзіміравіч Кокаш,,,,,,,,,,,,,,,,,,
Q26897647,,Мікалай Анісімавіч Калтуноў,Мікалай Анісімавіч Калтуноў,,,,male,1961-03-15,,,,,,Мікалай Анісімавіч Калтуноў,,,,,,,,,,,,,,,,,,,,,,,,,,,,,,,,,,,,,,,,,,,,,,,,,,,,,,,,,,,,,,,,,,,,,,,,,Мікалай Анісімавіч Калтуноў,,,,,,,,,,,,,,,,,,
Q26897648,,Таццяна Пятроўна Кананчук,Таццяна Пятроўна Кананчук,,,,female,1966-09-02,,,,,,Таццяна Пятроўна Кананчук,,,,,,,,,,,,,,,,,,,,,,,,,,,,,,,,,,,,,,,,,,,,,,,,,,,,,,,,,,,,,,,,,,,,,,,,,Таццяна Пятроўна Кананчук,,,,,,,educator,,,,,,,,,,,
Q26897650,,Анатоль Паўлавіч Коханаў,Анатоль Паўлавіч Коханаў,,,,male,1950-02-23,,,,,,Анатоль Паўлавіч Коханаў,,,,,,,,,,,,,,,,,,,,,,,,,,,,,,,,,,,,,,,,,,,,,,,,,,,,,,,,,,,,,,,,,,,,,,,,,Анатоль Паўлавіч Коханаў,,,,,,,,,,,,,,,,,,
Q26897653,,Тамара Пятроўна Красоўская,Тамара Пятроўна Красоўская,,,,female,1965-01-02,,,,,,Тамара Пятроўна Красоўская,,,,,,,,,,,,,,,,,,,,,,,,,,,,,,,,,,,,,,,,,,,,,,,,,,,,,,,,,,,,,,,,,,,,,,,,,Тамара Пятроўна Красоўская,,,,,,,,,,,,,,,,,,
Q26897656,,Людміла Пятроўна Кубракова,Людміла Пятроўна Кубракова,,,,female,1970-03-14,,,,,,Людміла Пятроўна Кубракова,,,,,,,,,,,,,,,,,,,,,,,,,,,,,,,,,,,,,,,,,,,,,,,,,,,,,,,,,,,,,,,,,,,,,,,,,Людміла Пятроўна Кубракова,,,,,,,,,,,,,,,,,,
Q26897659,,Станіслаў Францавіч Кулеш,Станіслаў Францавіч Кулеш,,,,male,1960-07-16,,,,,,Станіслаў Францавіч Кулеш,,,,,,,,,,,,,,,,,,,,,,,,,,,,,,,,,,,,,,,,,,,,,,,,,,,,,,,,,,,,,,,,,,,,,,,,,Станіслаў Францавіч Кулеш,,,,,,,,,,,,,,,,,,
Q26897661,,Наталля Генадзьеўна Кучынская,Наталля Генадзьеўна Кучынская,,,,female,1971-01-18,,,,,,Наталля Генадзьеўна Кучынская,,,,,,,,,,,,,,,,,,,,,,,,,,,,,,,,,,,,,,,,,,,,,,,,,,,,,,,,,,,,,,,,,,,,,,,,,Наталля Генадзьеўна Кучынская,,,,,,,,,,,,,,,,,,
Q26897664,,Галіна Баляславаўна Лазоўская,Галіна Баляславаўна Лазоўская,,,,female,1960-04-27,,,,,,Галіна Баляславаўна Лазоўская,,,,,,,,,,,,,,,,,,,,,,,,,,,,,,,,,,,,,,,,,,,,,,,,,,,,,,,,,,,,,,,,,,,,,,,,,Галіна Баляславаўна Лазоўская,,,,,,,,,,,,,,,,,,
Q26897667,,Ганна Віктараўна Лявіцкая,Ганна Віктараўна Лявіцкая,,,,female,1961-03-22,,,,,,Ганна Віктараўна Лявіцкая,,,,,,,,,,,,,,,,,,,,,,,,,,,,,,,,,,,,,,,,,,,,,,,,,,,,,,,,,,,,,,,,,,,,,,,,,Ганна Віктараўна Лявіцкая,,,,,,,,,,,,,,,,,,
Q26897671,,Алег Фёдаравіч Леўшуноў,Алег Фёдаравіч Леўшуноў,,,,male,1964-08-22,,,,,,Алег Фёдаравіч Леўшуноў,,,,,,,,,,,,,,,,,,,,,,,,,,,,,,,,,,,,,,,,,,,,,,,,,,,,,,,,,,,,,,,,,,,,,,,,,Алег Фёдаравіч Леўшуноў,,,,,,,,,,,,,,,,,,
Q26897676,,Валянціна Сцяпанаўна Лявоненка,Валянціна Сцяпанаўна Лявоненка,,,,female,1953-03-10,,,,,,Валянціна Сцяпанаўна Лявоненка,,,,,,,,,,,,,,,,,,,,,,,,,,,,,,,,,,,,,,,,,,,,,,,,,,,,,,,,,,,,,,,,,,,,,,,,,Валянціна Сцяпанаўна Лявоненка,,,,,,,,,,,,,,,,,,
Q26897678,,Віктар Андрэевіч Лісковіч,Віктар Андрэевіч Лісковіч,,,,male,1960-09-04,,,,,,Віктар Андрэевіч Лісковіч,,,,,,,,,,,,,,,,,,,,,,,,,,,,,,,,,,,,,,,,,,,,,,,,,,,,,,,,,,,,,,,,,,,,,,,,,Віктар Андрэевіч Лісковіч,,,,,,,,,,,,,,,,,,
Q26897681,,Ганна Люцыянаўна Лапаціна,Ганна Люцыянаўна Лапаціна,,,,female,1955-08-02,,,,,,Ганна Люцыянаўна Лапаціна,,,,,,,,,,,,,,,,,,,,,,,,,,,,,,,,,,,,,,,,,,,,,,,,,,,,,,,,,,,,,,,,,,,,,,,,,Ганна Люцыянаўна Лапаціна,,,,,,,,,,,,,,,,,,
Q26897684,,Зінаіда Міхайлаўна Мандроўская,Зінаіда Міхайлаўна Мандроўская,,,,female,1954-10-25,,,,,,Зінаіда Міхайлаўна Мандроўская,,,,,,,,,,,,,,,,,,,,,,,,,,,,,,,,,,,,,,,,,,,,,,,,,,,,,,,,,,,,,,,,,,,,,,,,,Зінаіда Міхайлаўна Мандроўская,,,,,,,,,,,,,,,,,,
Q26897688,,Валянцін Станіслававіч Мілашэўскі,Валянцін Станіслававіч Мілашэўскі,,,,male,1960-10-05,,,,,,Валянцін Станіслававіч Мілашэўскі,,,,,,,,,,,,,,,,,,,,,,,,,,,,,,,,,,,,,,,,,,,,,,,,,,,,,,,,,,,,,,,,,,,,,,,,,Валянцін Станіслававіч Мілашэўскі,,,,,,,,,,,,,,,,,,
Q26897689,,Людміла Сцяпанаўна Міхалькова,Людміла Сцяпанаўна Міхалькова,,,,female,1956-08-21,,,,,,Людміла Сцяпанаўна Міхалькова,,,,,,,,,,,,,,,,,,,,,,,,,,,,,,,,,,,,,,,,,,,,,,,,,,,,,,,,,,,,,,,,,,,,,,,,,Людміла Сцяпанаўна Міхалькова,,,,,,,,,,,,,,,,,,
Q26897690,,Васіль Кандрацьевіч Міхно,Васіль Кандрацьевіч Міхно,,,,male,1955-09-27,,,,,,Васіль Кандрацьевіч Міхно,,,,,,,,,,,,,,,,,,,,,,,,,,,,,,,,,,,,,,,,,,,,,,,,,,,,,,,,,,,,,,,,,,,,,,,,,Васіль Кандрацьевіч Міхно,,,,,,,,,,,,,,,,,,
Q26897691,,Жанна Мікалаеўна Мішур,Жанна Мікалаеўна Мішур,,,,female,1962-03-24,,,,,,Жанна Мікалаеўна Мішур,,,,,,,,,,,,,,,,,,,,,,,,,,,,,,,,,,,,,,,,,,,,,,,,,,,,,,,,,,,,,,,,,,,,,,,,,Жанна Мікалаеўна Мішур,,,,,,,,,,,,,,,,,,
Q26897692,,Леанід Паўлавіч Мажэйка,Леанід Паўлавіч Мажэйка,,,,male,1954-03-18,,,,,,Леанід Паўлавіч Мажэйка,,,,,,,,,,,,,,,,,,,,,,,,,,,,,,,,,,,,,,,,,,,,,,,,,,,,,,,,,,,,,,,,,,,,,,,,,Леанід Паўлавіч Мажэйка,,,,,,,,,,,,,,,,,,
Q26897706,,Мечыслаў Віктаравіч Морхат,Мечыслаў Віктаравіч Морхат,,,,male,1958-08-25,,,,,,Мечыслаў Віктаравіч Морхат,,,,,,,,,,,,,,,,,,,,,,,,,,,,,,,,,,,,,,,,,,,,,,,,,,,,,,,,,,,,,,,,,,,,,,,,,Мечыслаў Віктаравіч Морхат,,,,,,,,,,,,,,,,,,
Q26897707,,Ілья Аляксандравіч Мурашка,Ілья Аляксандравіч Мурашка,,,,male,1981-06-17,,,,,,Ілья Аляксандравіч Мурашка,,,,,,,,,,,,,,,,,,,,,,,,,,,,,,,,,,,,,,,,,,,,,,,,,,,,,,,,,,,,,,,,,,,,,,,,,Ілья Аляксандравіч Мурашка,,,,,,,,,,,,,,,,,,
Q26897709,,Андрэй Мікалаевіч Наумовіч,Андрэй Мікалаевіч Наумовіч,,,,male,1963-07-07,,,,,,Андрэй Мікалаевіч Наумовіч,,,,,,,,,,,,,,,,,,,,,,,,,,,,,,,,,,,,,,,,,,,,,,,,,,,,,,,,,,,,,,,,,,,,,,,,,Андрэй Мікалаевіч Наумовіч,,,,,,,,,,,,,,,,,,
Q26897710,,Ала Аляксандраўна Навумчык,Ала Аляксандраўна Навумчык,,,,female,1960-12-24,,,,,,Ала Аляксандраўна Навумчык,,,,,,,,,,,,,,,,,,,,,,,,,,,,,,,,,,,,,,,,,,,,,,,,,,,,,,,,,,,,,,,,,,,,,,,,,Ала Аляксандраўна Навумчык,,,,,,,,,,,,,,,,,,
Q26897711,,Аксана Уладзіміраўна Няхайчык,Аксана Уладзіміраўна Няхайчык,,,,female,1967-01-08,,,,,,Аксана Уладзіміраўна Няхайчык,,,,,,,,,,,,,,,,,,,,,,,,,,,,,,,,,,,,,,,,,,,,,,,,,,,,,,,,,,,,,,,,,,,,,,,,,Аксана Уладзіміраўна Няхайчык,,,,,,,,,,,,,,,,,,
Q26897712,,Генадзь Уладзіміравіч Пальчык,Генадзь Уладзіміравіч Пальчык,,,,male,1962-05-17,,,,,,Генадзь Уладзіміравіч Пальчык,,,,,,,,,,,,,,,,,,,,,,,,,,,,,,,,,,,,,,,,,,,,,,,,,,,,,,,,,,,,,,,,,,,,,,,,,Генадзь Уладзіміравіч Пальчык,,,,,,,,,,,,,,,,,,
Q26897713,,Васіль Парфёнавіч Папко,Васіль Парфёнавіч Папко,,,,male,1958-02-19,,,,,,Васіль Парфёнавіч Папко,,,,,,,,,,,,,,,,,,,,,,,,,,,,,,,,,,,,,,,,,,,,,,,,,,,,,,,,,,,,,,,,,,,,,,,,,Васіль Парфёнавіч Папко,,,,,,,,,,,,,,,,,,
Q26897714,,Мікалай Рыгоравіч Плаксіцкі,Мікалай Рыгоравіч Плаксіцкі,,,,male,1955-07-07,,,,,,Мікалай Рыгоравіч Плаксіцкі,,,,,,,,,,,,,,,,,,,,,,,,,,,,,,,,,,,,,,,,,,,,,,,,,,,,,,,,,,,,,,,,,,,,,,,,,Мікалай Рыгоравіч Плаксіцкі,,,,,,,,,,,,,,,,,,
Q26897715,,Аляксандр Іванавіч Паляйчук,Аляксандр Іванавіч Паляйчук,,,,male,1955-07-15,,,,,,Аляксандр Іванавіч Паляйчук,,,,,,,,,,,,,,,,,,,,,,,,,,,,,,,,,,,,,,,,,,,,,,,,,,,,,,,,,,,,,,,,,,,,,,,,,Аляксандр Іванавіч Паляйчук,,,,,,,,,,,,,,,,,,
Q26897716,,Вольга Сяргееўна Паліціка,Вольга Сяргееўна Паліціка,,,,female,1971-06-06,,,,,,Вольга Сяргееўна Паліціка,,,,,,,,,,,,,,,,,,,,,,,,,,,,,,,,,,,,,,,,,,,,,,,,,,,,,,,,,,,,,,,,,,,,,,,,,Вольга Сяргееўна Паліціка,,,,,,,,,,,,,,,,,,
Q26897718,,Аляксандр Андрэевіч Папкоў,Аляксандр Андрэевіч Папкоў,,Alaksandr Papkou,,male,1948-01-02,,Alyaksandr,,,,Аляксандр Андрэевіч Папкоў,,Alaksandr Papkou,,,,,,,,,,,Alexander Popkov,Alexander Popkov,,,,,,,,,,,,,,,,,,,,,,,,,,,,,,,,,,,,,,,,,,,,,,,,,,,,,,,,,,,Аляксандр Андрэевіч Папкоў,,,,,,,politician,,Alexander Popkov,,,,,,,,,
Q26897719,,Міхаіл Іосіфавіч Пачынак,Міхаіл Іосіфавіч Пачынак,,,,male,1951-12-27,,,,,,Міхаіл Іосіфавіч Пачынак,,,,,,,,,,,,,,,,,,,,,,,,,,,,,,,,,,,,,,,,,,,,,,,,,,,,,,,,,,,,,,,,,,,,,,,,,Міхаіл Іосіфавіч Пачынак,,,,,,,,,,,,,,,,,,
Q26897721,,Уладзімір Іванавіч Пузырэўскі,Уладзімір Іванавіч Пузырэўскі,,,,male,1955-11-24,,,,,,Уладзімір Іванавіч Пузырэўскі,,,,,,,,,,,,,,,,,,,,,,,,,,,,,,,,,,,,,,,,,,,,,,,,,,,,,,,,,,,,,,,,,,,,,,,,,Уладзімір Іванавіч Пузырэўскі,,,,,,,,,,,,,,,,,,
Q26897722,,Віктар Уладзіміравіч Русак,Віктар Уладзіміравіч Русак,,,,male,1955-05-04,,,,,,Віктар Уладзіміравіч Русак,,,,,,,,,,,,,,,,,,,,,,,,,,,,,,,,,,,,,,,,,,,,,,,,,,,,,,,,,,,,,,,,,,,,,,,,,Віктар Уладзіміравіч Русак,,,,,,,,,,,,,,,,,,
Q26897724,,Міхаіл Фёдаравіч Савановіч,Міхаіл Фёдаравіч Савановіч,,,,male,1955-11-07,,,,,,Міхаіл Фёдаравіч Савановіч,,,,,,,,,,,,,,,,,,,,,,,,,,,,,,,,,,,,,,,,,,,,,,,,,,,,,,,,,,,,,,,,,,,,,,,,,Міхаіл Фёдаравіч Савановіч,,,,,,,,,,,,,,,,,,
Q26897726,,Аляксандр Іванавіч Сягоднік,Аляксандр Іванавіч Сягоднік,,,,male,1956-06-30,,,,,,Аляксандр Іванавіч Сягоднік,,,,,,,,,,,,,,,,,,,,,,,,,,,,,,,,,,,,,,,,,,,,,,,,,,,,,,,,,,,,,,,,,,,,,,,,,Аляксандр Іванавіч Сягоднік,,,,,,,,,,,,,,,,,,
Q26897728,,Эдуард Аляксандравіч Сенькевіч,Эдуард Аляксандравіч Сенькевіч,,,,male,1952-04-15,,,,,,Эдуард Аляксандравіч Сенькевіч,,,,,,,,,,,,,,,,,,,,,,,,,,,,,,,,,,,,,,,,,,,,,,,,,,,,,,,,,,,,,,,,,,,,,,,,,Эдуард Аляксандравіч Сенькевіч,,,,,,,,,,,,,,,,,,
Q26897729,,Ала Мікалаеўна Сопікава,Ала Мікалаеўна Сопікава,,,,female,1963-01-24,,,,,,Ала Мікалаеўна Сопікава,,,,,,,,,,,,,,,,,,,,,,,,,,,,,,,,,,,,,,,,,,,,,,,,,,,,,,,,,,,,,,,,,,,,,,,,,Ала Мікалаеўна Сопікава,,,,,,,,,,,,,,,,,,
Q26897730,,Ігар Станіслававіч Станкевіч,Ігар Станіслававіч Станкевіч,,,,male,1967-08-30,,,,,,Ігар Станіслававіч Станкевіч,,,,,,,,,,,,,,,,,,,,,,,,,,,,,,,,,,,,,,,,,,,,,,,,,,,,,,,,,,,,,,,,,,,,,,,,,Ігар Станіслававіч Станкевіч,,,,,,,,,,,,,,,,,,
Q26897731,,Аляксандр Пятровіч Удодаў,Аляксандр Пятровіч Удодаў,,,,male,1952-12-19,,,,,,Аляксандр Пятровіч Удодаў,,,,,,,,,,,,,,,,,,,,,,,,,,,,,,,,,,,,,,,,,,,,,,,,,,,,,,,,,,,,,,,,,,,,,,,,,Аляксандр Пятровіч Удодаў,,,,,,,,,,,,,,,,,,
Q26897732,,Сяргей Іосіфавіч Ушкевіч,Сяргей Іосіфавіч Ушкевіч,,,,male,1956-05-24,,,,,,Сяргей Іосіфавіч Ушкевіч,,,,,,,,,,,,,,,,,,,,,,,,,,,,,,,,,,,,,,,,,,,,,,,,,,,,,,,,,,,,,,,,,,,,,,,,,Сяргей Іосіфавіч Ушкевіч,,,,,,,,,,,,,,,,,,
Q26897734,,Віктар Дзмітрыевіч Фесак,Віктар Дзмітрыевіч Фесак,,,,male,1956-07-25,,,,,,Віктар Дзмітрыевіч Фесак,,,,,,,,,,,,,,,,,,,,,,,,,,,,,,,,,,,,,,,,,,,,,,,,,,,,,,,,,,,,,,,,,,,,,,,,,Віктар Дзмітрыевіч Фесак,,,,,,,,,,,,,,,,,,
Q26897735,,Галіна Васільеўна Філіповіч,Галіна Васільеўна Філіповіч,,,,female,1966-11-12,,,,,,Галіна Васільеўна Філіповіч,,,,,,,,,,,,,,,,,,,,,,,,,,,,,,,,,,,,,,,,,,,,,,,,,,,,,,,,,,,,,,,,,,,,,,,,,Галіна Васільеўна Філіповіч,,,,,,,,,,,,,,,,,,
Q26897736,,Дзмітрый Іванавіч Харытончык,Дзмітрый Іванавіч Харытончык,,,,male,1975-09-02,,,,,,Дзмітрый Іванавіч Харытончык,,,,,,,,,,,,,,,,,,,,,,,,,,,,,,,,,,,,,,,,,,,,,,,,,,,,,,,,,,,,,,,,,,,,,,,,,Дзмітрый Іванавіч Харытончык,,,,,,,,,,,,,,,,,,
Q26897737,,Аляксандр Уладзіміравіч Цацоха,Аляксандр Уладзіміравіч Цацоха,,,,male,1956-01-19,,,,,,Аляксандр Уладзіміравіч Цацоха,,,,,,,,,,,,,,,,,,,,,,,,,,,,,,,,,,,,,,,,,,,,,,,,,,,,,,,,,,,,,,,,,,,,,,,,,Аляксандр Уладзіміравіч Цацоха,,,,,,,,,,,,,,,,,,
Q26897738,,Уладзіслаў Станіслававіч Цыдзік,Уладзіслаў Станіслававіч Цыдзік,,,,male,1953-11-11,,,,,,Уладзіслаў Станіслававіч Цыдзік,,,,,,,,,,,,,,,,,,,,,,,,,,,,,,,,,,,,,,,,,,,,,,,,,,,,,,,,,,,,,,,,,,,,,,,,,Уладзіслаў Станіслававіч Цыдзік,,,,,,,,,,,,,,,,,,
Q26897739,,Святлана Уладзіславаўна Чэкан,Святлана Уладзіславаўна Чэкан,,,,female,1966-05-15,,,,,,Святлана Уладзіславаўна Чэкан,,,,,,,,,,,,,,,,,,,,,,,,,,,,,,,,,,,,,,,,,,,,,,,,,,,,,,,,,,,,,,,,,,,,,,,,,Святлана Уладзіславаўна Чэкан,,,,,,,,,,,,,,,,,,
Q26897740,,Уладзімір Алегавіч Чаравач,Уладзімір Алегавіч Чаравач,,,,male,1959-01-11,,,,,,Уладзімір Алегавіч Чаравач,,,,,,,,,,,,,,,,,,,,,,,,,,,,,,,,,,,,,,,,,,,,,,,,,,,,,,,,,,,,,,,,,,,,,,,,,Уладзімір Алегавіч Чаравач,,,,,,,,,,,,,,,,,,
Q26897741,,Алена Уладзіміраўна Шамаль,Алена Уладзіміраўна Шамаль,,,,female,1973-05-08,,,,,,Алена Уладзіміраўна Шамаль,,,,,,,,,,,,,,,,,,,,,,,,,,,,,,,,,,,,,,,,,,,,,,,,,,,,,,,,,,,,,,,,,,,,,,,,,Алена Уладзіміраўна Шамаль,,,,,,,,,,,,,,,,,,
Q26897742,,Дзмітрый Яўгенавіч Шаўцоў,Дзмітрый Яўгенавіч Шаўцоў,,,,male,1973-11-03,,,,,,Дзмітрый Яўгенавіч Шаўцоў,,,,,,,,,,,,,,,,,,,,,,,,,,,,,,,,,,,,,,,,,,,,,,,,,,,,,,,,,,,,,,,,,,,,,,,,,Дзмітрый Яўгенавіч Шаўцоў,,,,,,,,,,,,,,,,,,
Q26897743,,Пётр Генрыхавіч Шыкшнян,Пётр Генрыхавіч Шыкшнян,,,,male,1955-01-18,,,,,,Пётр Генрыхавіч Шыкшнян,,,,,,,,,,,,,,,,,,,,,,,,,,,,,,,,,,,,,,,,,,,,,,,,,,,,,,,,,,,,,,,,,,,,,,,,,Пётр Генрыхавіч Шыкшнян,,,,,,,,,,,,,,,,,,
Q26897744,,Уладзімір Уладзіміравіч Шыцько,Уладзімір Уладзіміравіч Шыцько,,,,male,1954-08-20,,,,,,Уладзімір Уладзіміравіч Шыцько,,,,,,,,,,,,,,,,,,,,,,,,,,,,,,,,,,,,,,,,,,,,,,,,,,,,,,,,,,,,,,,,,,,,,,,,,Уладзімір Уладзіміравіч Шыцько,,,,,,,,,,,,,,,,,,
Q26897745,,Уладзіслаў Аляксандравіч Шчэпаў,Уладзіслаў Аляксандравіч Шчэпаў,,,,male,1976-08-23,,,,,,Уладзіслаў Аляксандравіч Шчэпаў,,,,,,,,,,,,,,,,,,,,,,,,,,,,,,,,,,,,,,,,,,,,,,,,,,,,,,,,,,,,,,,,,,,,,,,,,Уладзіслаў Аляксандравіч Шчэпаў,,,,,,,,,,,,,,,,,,
Q26897746,,Віктар Уладзіміравіч Шчэцька,Віктар Уладзіміравіч Шчэцька,,,,male,1955-09-18,,,,,,Віктар Уладзіміравіч Шчэцька,,,,,,,,,,,,,,,,,,,,,,,,,,,,,,,,,,,,,,,,,,,,,,,,,,,,,,,,,,,,,,,,,,,,,,,,,Віктар Уладзіміравіч Шчэцька,,,,,,,,,,,,,,,,,,
Q26897747,,Аляксандр Іванавіч Юркевіч,Аляксандр Іванавіч Юркевіч,,,,male,1954-04-21,,,,,,Аляксандр Іванавіч Юркевіч,,,,,,,,,,,,,,,,,,,,,,,,,,,,,,,,,,,,,,,,,,,,,,,,,,,,,,,,,,,,,,,,,,,,,,,,,Аляксандр Іванавіч Юркевіч,,,,,,,,,,,,,,,,,,
Q26897748,,Мікалай Мяфодзьевіч Язубец,Мікалай Мяфодзьевіч Язубец,,,,male,1955-06-04,,,,,,Мікалай Мяфодзьевіч Язубец,,,,,,,,,,,,,,,,,,,,,,,,,,,,,,,,,,,,,,,,,,,,,,,,,,,,,,,,,,,,,,,,,,,,,,,,,Мікалай Мяфодзьевіч Язубец,,,,,,,,,,,,,,,,,,
Q26897749,,Генадзь Паўлавіч Грыцкевіч,Генадзь Паўлавіч Грыцкевіч,,,,male,1954-04-22,,,,,,Генадзь Паўлавіч Грыцкевіч,,,,,,,,,,,,,,,,,,,,,,,,,,,,,,,,,,,,,,,,,,,,,,,,,,,,,,,,,,,,,,,,,,,,,,,,,Генадзь Паўлавіч Грыцкевіч,,,,,,,,,,,,,,,,,,
Q26897750,,Наталля Васільеўна Гуйвік,Наталля Васільеўна Гуйвік,,,,female,1962-10-01,,,,,,Наталля Васільеўна Гуйвік,,,,,,,,,,,,,,,,,,,,,,,,,,,,,,,,,,,,,,,,,,,,,,,,,,,,,,,,,,,,,,,,,,,,,,,,,Наталля Васільеўна Гуйвік,,,,,,,,,,,,,,,,,,
Q26897751,,Алена Іванаўна Астапюк,Алена Іванаўна Астапюк,,,,female,1970-01-30,,,,,,Алена Іванаўна Астапюк,,,,,,,,,,,,,,,,,,,,,,,,,,,,,,,,,,,,,,,,,,,,,,,,,,,,,,,,,,,,,,,,,,,,,,,,,Алена Іванаўна Астапюк,,,,,,,,,,,,,,,,,,
Q26897752,,Ганна Анатолеўна Канапацкая,Ганна Анатолеўна Канапацкая,"Канопацкая, Анна Анатольевна",,https://upload.wikimedia.org/wikipedia/commons/c/c1/Anna_Kanopatskaya.jpg,female,1979-10-29,,,,,,Ганна Анатолеўна Канапацкая,"Канопацкая, Анна Анатольевна",,,,,,,,,,,,,,,,,,,,,,,,,,,,,,,,,,,,,,,,,,,,,,,,,,,,,,,,,,,,,,,,,,,,,,,,Ганна Анатолеўна Канапацкая,,,,,,,jurist,,,,,,,,,,anna.kanopatskaya,
Q26897753,,Вольга Мікалаеўна Папко,Вольга Мікалаеўна Папко,,,,female,1976-07-24,,,,,,Вольга Мікалаеўна Папко,,,,,,,,,,,,,,,,,,,,,,,,,,,,,,,,,,,,,,,,,,,,,,,,,,,,,,,,,,,,,,,,,,,,,,,,,Вольга Мікалаеўна Папко,,,,,,,,,,,,,,,,,,
Q27919177,,Віталь Рыгоравіч Місявец,Віталь Рыгоравіч Місявец,,,,,,,,,,,Віталь Рыгоравіч Місявец,,,,,,,,,,,,,,,,,,,,,,,,,,,,,,,,,,,,,,,,,,,,,,,,,,,,,,,,,,,,,,,,,,,,,,,,,Віталь Рыгоравіч Місявец,,,,,,,,,,,,,,,,,,
Q31031142,,Яўгеній Буніслававіч Адаменка,Яўгеній Буніслававіч Адаменка,,,,,,,,,,,Яўгеній Буніслававіч Адаменка,,,,,,,,,,,,,,,,,,,,,,,,,,,,,,,,,,,,,,,,,,,,,,,,,,,,,,,,,,,,,,,,,,,,,,,,,Яўгеній Буніслававіч Адаменка,,,,,,,,,,,,,,,,,,
Q31031143,,Пётр Аляксеевіч Атрошчанка,Пётр Аляксеевіч Атрошчанка,,,,,,,,,,,Пётр Аляксеевіч Атрошчанка,,,,,,,,,,,,,,,,,,,,,,,,,,,,,,,,,,,,,,,,,,,,,,,,,,,,,,,,,,,,,,,,,,,,,,,,,Пётр Аляксеевіч Атрошчанка,,,,,,,,,,,,,,,,,,
Q31031145,,Аляксандр Сяргеевіч Бабаловіч,Аляксандр Сяргеевіч Бабаловіч,,,,,,,,,,,Аляксандр Сяргеевіч Бабаловіч,,,,,,,,,,,,,,,,,,,,,,,,,,,,,,,,,,,,,,,,,,,,,,,,,,,,,,,,,,,,,,,,,,,,,,,,,Аляксандр Сяргеевіч Бабаловіч,,,,,,,,,,,,,,,,,,
Q31031151,,Васілій Міхайлавіч Баранік,Васілій Міхайлавіч Баранік,,,,,,,,,,,Васілій Міхайлавіч Баранік,,,,,,,,,,,,,,,,,,,,,,,,,,,,,,,,,,,,,,,,,,,,,,,,,,,,,,,,,,,,,,,,,,,,,,,,,Васілій Міхайлавіч Баранік,,,,,,,,,,,,,,,,,,
Q31031157,,Сяргей Валянцінавіч Бобрыкаў,Сяргей Валянцінавіч Бобрыкаў,,,,,,,,,,,Сяргей Валянцінавіч Бобрыкаў,,,,,,,,,,,,,,,,,,,,,,,,,,,,,,,,,,,,,,,,,,,,,,,,,,,,,,,,,,,,,,,,,,,,,,,,,Сяргей Валянцінавіч Бобрыкаў,,,,,,,,,,,,,,,,,,
Q31031161,,Леанід Рыгоравіч Брыч,Леанід Рыгоравіч Брыч,,,,,,,,,,,Леанід Рыгоравіч Брыч,,,,,,,,,,,,,,,,,,,,,,,,,,,,,,,,,,,,,,,,,,,,,,,,,,,,,,,,,,,,,,,,,,,,,,,,,Леанід Рыгоравіч Брыч,,,,,,,,,,,,,,,,,,
Q31031166,,Пётр Андрэевіч Вабішчэвіч,Пётр Андрэевіч Вабішчэвіч,,,,,,,,,,,Пётр Андрэевіч Вабішчэвіч,,,,,,,,,,,,,,,,,,,,,,,,,,,,,,,,,,,,,,,,,,,,,,,,,,,,,,,,,,,,,,,,,,,,,,,,,Пётр Андрэевіч Вабішчэвіч,,,,,,,,,,,,,,,,,,
Q31031171,,Мікалай Андрэевіч Васількоў,Мікалай Андрэевіч Васількоў,,,,,,,,,,,Мікалай Андрэевіч Васількоў,,,,,,,,,,,,,,,,,,,,,,,,,,,,,,,,,,,,,,,,,,,,,,,,,,,,,,,,,,,,,,,,,,,,,,,,,Мікалай Андрэевіч Васількоў,,,,,,,,,,,,,,,,,,
Q31031175,,Віталій Эдуардавіч Власевіч,Віталій Эдуардавіч Власевіч,,,,,,,,,,,Віталій Эдуардавіч Власевіч,,,,,,,,,,,,,,,,,,,,,,,,,,,,,,,,,,,,,,,,,,,,,,,,,,,,,,,,,,,,,,,,,,,,,,,,,Віталій Эдуардавіч Власевіч,,,,,,,,,,,,,,,,,,
Q31031181,Oksana Gajduk,Oksana Gajduk,Аксана Вячаславаўна Гайдук,,,,female,1974-02-06,,,,,,Аксана Вячаславаўна Гайдук,,,,,,,,,,,,,,,,,,,,,,,,,,,,,,,,,,,,,,,,,,,,,,,,,,,,,,,,,,,,,,,,,,,,,,,,,Аксана Вячаславаўна Гайдук,,,,,,,politician,,,,,,,,,,,
Q31031186,,Дзмітрый Дзмітрыевіч Гобараў,Дзмітрый Дзмітрыевіч Гобараў,,,,,,,,,,,Дзмітрый Дзмітрыевіч Гобараў,,,,,,,,,,,,,,,,,,,,,,,,,,,,,,,,,,,,,,,,,,,,,,,,,,,,,,,,,,,,,,,,,,,,,,,,,Дзмітрый Дзмітрыевіч Гобараў,,,,,,,,,,,,,,,,,,
Q31031192,,Дзмітрый Міхайлавіч Гурскі,Дзмітрый Міхайлавіч Гурскі,,,,,,,,,,,Дзмітрый Міхайлавіч Гурскі,,,,,,,,,,,,,,,,,,,,,,,,,,,,,,,,,,,,,,,,,,,,,,,,,,,,,,,,,,,,,,,,,,,,,,,,,Дзмітрый Міхайлавіч Гурскі,,,,,,,,,,,,,,,,,,
Q31031199,,Тамара Сяргееўна Далгашэй,Тамара Сяргееўна Далгашэй,,,,,,,,,,,Тамара Сяргееўна Далгашэй,,,,,,,,,,,,,,,,,,,,,,,,,,,,,,,,,,,,,,,,,,,,,,,,,,,,,,,,,,,,,,,,,,,,,,,,,Тамара Сяргееўна Далгашэй,,,,,,,,,,,,,,,,,,
Q31031202,,Анатолій Міхайлавіч Дашко,Анатолій Міхайлавіч Дашко,,,,,,,,,,,Анатолій Міхайлавіч Дашко,,,,,,,,,,,,,,,,,,,,,,,,,,,,,,,,,,,,,,,,,,,,,,,,,,,,,,,,,,,,,,,,,,,,,,,,,Анатолій Міхайлавіч Дашко,,,,,,,,,,,,,,,,,,
Q31031207,,Васілій Мікалаевіч Дземідовіч,Васілій Мікалаевіч Дземідовіч,,,,,,,,,,,Васілій Мікалаевіч Дземідовіч,,,,,,,,,,,,,,,,,,,,,,,,,,,,,,,,,,,,,,,,,,,,,,,,,,,,,,,,,,,,,,,,,,,,,,,,,Васілій Мікалаевіч Дземідовіч,,,,,,,,,,,,,,,,,,
Q31031211,,Вячаслаў Іванавіч Дзьячэнка,Вячаслаў Іванавіч Дзьячэнка,,,,,,,,,,,Вячаслаў Іванавіч Дзьячэнка,,,,,,,,,,,,,,,,,,,,,,,,,,,,,,,,,,,,,,,,,,,,,,,,,,,,,,,,,,,,,,,,,,,,,,,,,Вячаслаў Іванавіч Дзьячэнка,,,,,,,,,,,,,,,,,,
Q31031213,,Павел Леанідавіч Ждановіч,Павел Леанідавіч Ждановіч,,,,,,,,,,,Павел Леанідавіч Ждановіч,,,,,,,,,,,,,,,,,,,,,,,,,,,,,,,,,,,,,,,,,,,,,,,,,,,,,,,,,,,,,,,,,,,,,,,,,Павел Леанідавіч Ждановіч,,,,,,,,,,,,,,,,,,
Q31031214,,Наталія Пятроўна Жыбуль,Наталія Пятроўна Жыбуль,,,,,,,,,,,Наталія Пятроўна Жыбуль,,,,,,,,,,,,,,,,,,,,,,,,,,,,,,,,,,,,,,,,,,,,,,,,,,,,,,,,,,,,,,,,,,,,,,,,,Наталія Пятроўна Жыбуль,,,,,,,,,,,,,,,,,,
Q31031219,,Дзмітрый Васільевіч Заблоцкі,Дзмітрый Васільевіч Заблоцкі,,,,,,,,,,,Дзмітрый Васільевіч Заблоцкі,,,,,,,,,,,,,,,,,,,,,,,,,,,,,,,,,,,,,,,,,,,,,,,,,,,,,,,,,,,,,,,,,,,,,,,,,Дзмітрый Васільевіч Заблоцкі,,,,,,,,,,,,,,,,,,
Q31031224,,Сяргей Мікалаевіч Занько,Сяргей Мікалаевіч Занько,,,,,,,,,,,Сяргей Мікалаевіч Занько,,,,,,,,,,,,,,,,,,,,,,,,,,,,,,,,,,,,,,,,,,,,,,,,,,,,,,,,,,,,,,,,,,,,,,,,,Сяргей Мікалаевіч Занько,,,,,,,,,,,,,,,,,,
Q31031225,,Сяргей Рычардавіч Зямчонак,Сяргей Рычардавіч Зямчонак,,,,,,,,,,,Сяргей Рычардавіч Зямчонак,,,,,,,,,,,,,,,,,,,,,,,,,,,,,,,,,,,,,,,,,,,,,,,,,,,,,,,,,,,,,,,,,,,,,,,,,Сяргей Рычардавіч Зямчонак,,,,,,,,,,,,,,,,,,
Q31031232,,Адам Дзмітрыевіч Кавалька,Адам Дзмітрыевіч Кавалька,,,,,,,,,,,Адам Дзмітрыевіч Кавалька,,,,,,,,,,,,,,,,,,,,,,,,,,,,,,,,,,,,,,,,,,,,,,,,,,,,,,,,,,,,,,,,,,,,,,,,,Адам Дзмітрыевіч Кавалька,,,,,,,,,,,,,,,,,,
Q31031236,,Алена Пятроўна Каляснёва,Алена Пятроўна Каляснёва,,,,,,,,,,,Алена Пятроўна Каляснёва,,,,,,,,,,,,,,,,,,,,,,,,,,,,,,,,,,,,,,,,,,,,,,,,,,,,,,,,,,,,,,,,,,,,,,,,,Алена Пятроўна Каляснёва,,,,,,,,,,,,,,,,,,
Q31031237,,Ігар Сяргеевіч Камароўскі,Ігар Сяргеевіч Камароўскі,,,,,,,,,,,Ігар Сяргеевіч Камароўскі,,,,,,,,,,,,,,,,,,,,,,,,,,,,,,,,,,,,,,,,,,,,,,,,,,,,,,,,,,,,,,,,,,,,,,,,,Ігар Сяргеевіч Камароўскі,,,,,,,,,,,,,,,,,,
Q31031238,,Людміла Мікалаеўна Канановіч,Людміла Мікалаеўна Канановіч,,,,,,,,,,,Людміла Мікалаеўна Канановіч,,,,,,,,,,,,,,,,,,,,,,,,,,,,,,,,,,,,,,,,,,,,,,,,,,,,,,,,,,,,,,,,,,,,,,,,,Людміла Мікалаеўна Канановіч,,,,,,,,,,,,,,,,,,
Q31031241,,Ігар Паўлавіч Кананчук,Ігар Паўлавіч Кананчук,,,,,,,,,,,Ігар Паўлавіч Кананчук,,,,,,,,,,,,,,,,,,,,,,,,,,,,,,,,,,,,,,,,,,,,,,,,,,,,,,,,,,,,,,,,,,,,,,,,,Ігар Паўлавіч Кананчук,,,,,,,,,,,,,,,,,,
Q31031242,,Леанід Іванавіч Качына,Леанід Іванавіч Качына,,,,,,,,,,,Леанід Іванавіч Качына,,,,,,,,,,,,,,,,,,,,,,,,,,,,,,,,,,,,,,,,,,,,,,,,,,,,,,,,,,,,,,,,,,,,,,,,,Леанід Іванавіч Качына,,,,,,,,,,,,,,,,,,
Q31031243,,Лілія Вацлаваўна Кір'як,Лілія Вацлаваўна Кір'як,,,,,,,,,,,Лілія Вацлаваўна Кір'як,,,,,,,,,,,,,,,,,,,,,,,,,,,,,,,,,,,,,,,,,,,,,,,,,,,,,,,,,,,,,,,,,,,,,,,,,Лілія Вацлаваўна Кір'як,,,,,,,,,,,,,,,,,,
Q31031245,,Ігар Міхайлавіч Колб,Ігар Міхайлавіч Колб,,,,,,,,,,,Ігар Міхайлавіч Колб,,,,,,,,,,,,,,,,,,,,,,,,,,,,,,,,,,,,,,,,,,,,,,,,,,,,,,,,,,,,,,,,,,,,,,,,,Ігар Міхайлавіч Колб,,,,,,,,,,,,,,,,,,
Q3919972,,Ігар Аляксандравіч Марзалюк,Ігар Аляксандравіч Марзалюк,"Марзалюк, Игорь Александрович",,,male,1968-09-11,,Ihar,,,,Ігар Аляксандравіч Марзалюк,"Марзалюк, Игорь Александрович",,,,,,,Ігар Марзалюк,,,,,,,,Ігар Марзалюк,,,,,,,,,,,,,,,,,,,,,,,,,,,,,,,,,,,,,,,,,,,,,,,,,,,,,,,,,Ігар Аляксандравіч Марзалюк,,,,,,,,,,Ігар Марзалюк,24264399,,,,,,,
Q434537,Vadim Devyatovskiy,Vadim Devyatovskiy,Вадзім Анатолевіч Дзевятоўскі,"Девятовский, Вадим Анатольевич",Wadzim Dziewiatouski,https://upload.wikimedia.org/wikipedia/commons/1/15/Vadim_Devyatovskiy.jpg,male,1977-03-20,/m/094xcs,Vadzim,139904,,Vadim Devyatovskiy,Вадзім Анатолевіч Дзевятоўскі,"Девятовский, Вадим Анатольевич",Wadzim Dziewiatouski,Vadim Devyatovskiy,Vadim Devyatovskiy,Vadim Devjatovski,Дев'ятовський Вадим Анатолійович,Vadzim Dzevjatoŭski,Вадзім Дзевятоўскі,Vadim Devjatovski,Wadsim Dsewjatouski,ワディム・デフヤトフスキー,Vadzim Dzevjatoŭski,Vadzim Dzevjatowski,Vadim Devyatovskiy,Vadim Devjatovskij,Вадзім Дзевятоўскі,Wadsim Dsewjatouski,Vadim Devjatovski,Vadzim Dzevjatouski,Vadzim Dzeviatouski,Vadzim Dzevjatoŭski,ワディム・デフヤトフスキー,Vadzim Dzevjatowski,Vadim Devjatovskij,Vadim Devyatovskiy,Vadzim Dzevjatoŭski,Дев'ятовський Вадим Анатолійович,,,,,,,,,,,,,,,,,,,,,,,,,,,,,,,,,,,,,,,,,,,,,,Wadzim Dziewiatouski,,فاديم ديفياتوفسكي,فاديم ديفياتوفسكي,ワジム・デビャトフスキー,바딤 데비야토프스키,바딤 데비야토프스키,hammer thrower,,,,,,,,,,,vadim-devyatovskiy
Q6656652,Alyaksandr Aheeu,Alyaksandr Aheeu,Аляксандр Агееў,"Агеев, Александр Викторович",Alaksandr Ahiejeu,,male,1952-01-31,,Alyaksandr,,Ahiejeu,,Аляксандр Віктаравіч Агееў,,Alaksandr Ahiejeu (polityk),,Alyaksandr Aheeu,,,Alyaksandr Aheeu,Аляксандар Агееў,,Alyaksandr Aheeu,,,,Alyaksandr Aheeu,,,,,,,,,,,,,,Alaksandr Ahiejeu (polityk),,,,,,,,,,,,,,,,,,,,,,,,,,,,,,,,,,,,,,,,,,,,,Alaksandr Ahiejeu (polityk),,,,,,,engineer,,,,,,,,,,,
Q669664,Aliaksandr Bahdanovich,Aliaksandr Bahdanovich,Аляксандр Віктаравіч Багдановіч,Александр Викторович Богданович,Alaksandr Bahdanowicz,https://upload.wikimedia.org/wikipedia/commons/5/5c/Andrei_and_Aliaksandr_Bahdanovich_2010_Belarusian_stamp.jpg,male,1982-04-29,/m/04jb81m,Alyaksandr,,Bahdanovich,Aliaksandr Bahdanovich,Аляксандр Віктаравіч Багдановіч,"Богданович, Александр Викторович",Alaksandr Bahdanowicz,Aliaksandr Bahdanovich,Aliaksandr Bahdanovich,Aljaksandr Bahdanovitš,Богданович Олександр Вікторович,Aljaksandr Bahdanovič,Аляксандар Багдановіч,,,,Aliaksandr Bahdanovitj,Aliaksandr Bahdanovich,Aliaksandr Bahdanovich,Aliaksandr Bahdanovich,Аляксандар Багдановіч,,,Aljaksandr Bahdanovitš,Aliaksandr Bahdanovich,Aljaksandr Bahdanovič,,,Aliaksandr Bahdanovich,Aliaksandr Bahdanovich,Aljaksandr Bahdanovitj,Богданович Олександр Вікторович,,,,,,,,,,,,,,,,,,,,,,,,,,,,,,,,,,,,,,,,,,,,,,Alaksandr Bahdanowicz,,,,,알리악산드르 바흐다노비치,알리악산드르 바흐다노비치,kayaker,,Aliaxandr Bahdanovich,,,,,,,,,
Q9144071,,Аляксандр Іванавіч Разганаў,Аляксандр Іванавіч Разганаў,,Alaksandr Razhanau,,male,1953-02-06,,Alyaksandr,,,,Аляксандр Іванавіч Разганаў,,Alaksandr Razhanau,,,,,Alaksandr Razhanau,,,,,,,,,,,,,,,,,,,,,Alaksandr Razhanau,,,,,,,,,,,,,,,,,,,,,,,,,,,,,,,,,,,,,,,,,,,,,Alaksandr Razhanau,,,,,,,,,,,,,,,,,,
Q9144087,Alyaksandr Zazulya,Alyaksandr Zazulya,Аляксандр Іванавіч Зазуля,Александр Иванович Зозуля,Alaksandr Zazula,,male,1965-07-09,,Alyaksandr,,Zazulya,,Аляксандр Іванавіч Зазуля,,Alaksandr Zazula,,,,,,Аляксандар Іванавіч Зазуля,,,,,,,,,,,,,,,,,,,,,,,,,,,,,,,,,,,,,,,,,,,,,,,,,,,,,,,,,,,,,,,,,Alaksandr Zazula,,,,,,,,,,,,,,,,,,
Q9336209,Siarhei Bokhan,Siarhei Bokhan,Сяргей Бохан,"Бохан, Сергей Николаевич",Siarhiej Bochan,,male,1956-01-08,,Syarhey,,,,Сяргей Мікалаевіч Бохан,,Siarhiej Bochan,,Siarhei Bokhan,,,,Сяргей Бохан,,,,,,,,,,,,,,,,,,,,,,,,,,,,,,,,,,,,,,,,,,,,,,,,,,,,,,,,,,,,,,,,,Siarhiej Bochan,,,,,,,railway worker,,,,,,,,,,,
Q9336219,Sergey Konoplich,Sergey Konoplich,Сяргей Міхайлавіч Канопліч,,Siarhiej Kanoplicz,,male,1957-03-28,,Syarhey,,,,Сяргей Міхайлавіч Канопліч,,Siarhiej Kanoplicz,,,,,,,,,,,,,,,,,,,,,,,,,,,,,,,,,,,,,,,,,,,,,,,,,,,,,,,,,,,,,,,,,,,,,,,Siarhiej Kanoplicz,,,,,,,,,,,,,,,,,,
Q9348622,Svyatlana Shylava,Svyatlana Shylava,Святлана Дзмітрыеўна Шылава,Светлана Дмитриевна Шилова,Swiatłana Szyława,,female,1961-04-18,,Sviatlana,,,,Святлана Дзмітрыеўна Шылава,,Swiatłana Szyława,,,,,,Сьвятлана Дзьмітрыеўна Шылава,,,,,,,,,,,,,,,,,,,,,,,,,,,,,,,,,,,,,,,,,,,,,,,,,,,,,,,,,,,,,,,,,Swiatłana Szyława,,,,,,,physician,,,,,,,,,,,
Q9367697,Vladimir Vasilenko,Vladimir Vasilenko,Уладзімір Мікалаевіч Васіленка,Владимир Николаевич Василенко,Uładzimir Wasilenka,,male,1963-11-10,,Uladzimir,,Vasilenka,,Уладзімір Мікалаевіч Васіленка,,Uładzimir Wasilenka,,Vladimir Vasilenko,,,,Уладзімер Васіленка,,,,,,,,Уладзімер Васіленка,,,,,,,,,,,,,,,,,,,,,,,,,,,,,,,,,,,,,,,,,,,,,,,,,,,,,,,,,Uładzimir Wasilenka,,,,,,,,,,,,,,,,,,
Q9370087,,Валянціна Іосіфаўна Жураўская,Валянціна Іосіфаўна Жураўская,,Walancina Żurauska,,female,1959-08-07,,Valyantsina,,,,Валянціна Іосіфаўна Жураўская,,Walancina Żurauska,,,,,,,,,,,,,,,,,,,,,,,,,,,,,,,,,,,,,,,,,,,,,,,,,,,,,,,,,,,,,,,,,,,,,,,Walancina Żurauska,,,,,,,,,,,,,,,,,,
Q9371375,Vasil Alakseenka,Vasil Alakseenka,Васіль Аляксеенка,"Алексеенко, Василий Анатольевич",Wasil Alaksiejanka,,male,1957-01-01,,Vasil',,,,Васіль Анатольевіч Аляксеенка,,Wasilij Alaksiejanka,,Vasil Alakseenka,,,,Васіль Аляксеенка,,Vasil Alakseenka,,,,Vasil Alakseenka,,,,,,,,,,,,,,,,,,,,,,,,,,,,,,,,,,,,,,,,,,,,,,,,,,,,,,,,,,,Wasilij Alaksiejanka,,,,,,,,,,,,,,,,,,
Q9373951,,Віктар Аляксандравіч Гумінскі,Віктар Аляксандравіч Гумінскі,,Wiktar Huminski,,male,1955-08-03,,,,,,Віктар Аляксандравіч Гумінскі,,Wiktar Huminski,,,,,,,,,,,,,,,,,,,,,,,,,,,,,,,,,,,,,,,,,,,,,,,,,,,,,,,,,,,,,,,,,,,,,,,Wiktar Huminski,,,,,,,,,,,,,,,,,,
Q9375489,Vitaly Busko,Vitaly Busko,Віталій Леанідавіч Бусько,,Witalij Buśko,,male,1956-08-07,,Vitali,,,,Віталій Леанідавіч Бусько,,Witalij Buśko,,,,,,,,,,,,,,,,,,,,,,,,,,,,,,,,,,,,,,,,,,,,,,,,,,,,,,,,,,,,,,,,,,,,,,,Witalij Buśko,,,,,,,,Category:Vitaly Busko,,,,,,,,,,
Q9394017,Larisa Bahdanovich,Larisa Bahdanovich,Ларыса Багдановіч,"Богданович, Лариса Николаевна",Łarysa Bahdanowicz,,female,1958-09-13,,,,Bahdanovich,,Ларыса Мікалаеўна Багдановіч,,Łarysa Bahdanowicz,,Larisa Bahdanovich,,,,Ларыса Багдановіч,,,,,Larisa Bahdanovich,Larisa Bahdanovich,,,,,,,,,,,,,,,,,,,,,,,,,,,,,,,,,,Larisa Bahdanovich,,,,,,,,,,,,,,,,,,,,,,,,,Łarysa Bahdanowicz,,,,,,,politician,,,,,,,,,,,
