chamber,region,details_url,name,party,image,district,executive,term_id,term
National Assembly,Diana,http://www.assemblee-nationale.mg/?depute=arosy-namiandrazana-francois-namiandrazana-francois,AROSY Namiandrazana Fran‡ois,Ind‚pendant,http://www.assemblee-nationale.mg/wp-content/themes/ct/aero/plugins/timthumb.php?src=http://www.assemblee-nationale.mg/wp-content/plugins/internet/2014/12.jpg&w=200&h=auto,Nosy Be,Député,,2013
National Assembly,Sofia,http://www.assemblee-nationale.mg/?depute=djaosera-irenee,DJAOSERA Iren‚e,PSD,http://www.assemblee-nationale.mg/wp-content/themes/ct/aero/plugins/timthumb.php?src=http://www.assemblee-nationale.mg/wp-content/plugins/internet/2014/15.jpg&w=200&h=auto,Analalava,Notice: Undefined property: WP_Error::$name in /var/www/html/assemblee/wp-content/plugins/internet/tpl_deputes.php on line 53,,2013
National Assembly,Sofia,http://www.assemblee-nationale.mg/?depute=lylyette-rene-de-roland,LYLYETTE Ren‚ de Roland,Ind‚pendant,http://www.assemblee-nationale.mg/wp-content/themes/ct/aero/plugins/timthumb.php?src=http://www.assemblee-nationale.mg/wp-content/plugins/internet/2014/33.jpg&w=200&h=auto,Befandriana Avaratra,Député,,2013
National Assembly,Atsinanana,http://www.assemblee-nationale.mg/?depute=maharamby-ndalana-esperant,MAHARAMBY Ndalana Esp‚rant,MAPAR,http://www.assemblee-nationale.mg/wp-content/themes/ct/aero/plugins/timthumb.php?src=http://www.assemblee-nationale.mg/wp-content/plugins/internet/2014/34.jpg&w=200&h=auto,Antanambao Manampotsy,Député,,2013
National Assembly,Menabe,http://www.assemblee-nationale.mg/?depute=mamodali-hawel,MAMOD?ALI Hawel,MAPAR,http://www.assemblee-nationale.mg/wp-content/themes/ct/aero/plugins/timthumb.php?src=http://www.assemblee-nationale.mg/wp-content/plugins/internet/2014/38.jpg&w=200&h=auto,Morondava,Notice: Undefined property: WP_Error::$name in /var/www/html/assemblee/wp-content/plugins/internet/tpl_deputes.php on line 53,,2013
National Assembly,Androy,http://www.assemblee-nationale.mg/?depute=masy-goulamaly-marie-jeanne-darc,MASY Goulamaly Marie Jeanne d?Arc,Ind‚pendant,http://www.assemblee-nationale.mg/wp-content/themes/ct/aero/plugins/timthumb.php?src=http://www.assemblee-nationale.mg/wp-content/plugins/internet/2014/41.jpg&w=200&h=auto,Tsihombe,Pr‚sident de commission,,2013
National Assembly,Boeny,http://www.assemblee-nationale.mg/?depute=nicolas-stephan-alphonse,NICOLAS St‚phan Alphonse,Ind‚pendant,http://www.assemblee-nationale.mg/wp-content/themes/ct/aero/plugins/timthumb.php?src=http://www.assemblee-nationale.mg/wp-content/plugins/internet/2014/48.jpg&w=200&h=auto,Mahajanga I,Député,,2013
National Assembly,Alaotra Mangoro,http://www.assemblee-nationale.mg/?depute=rabarison-joseph-aime,RABARISON Joseph Aim‚,MAPAR,http://www.assemblee-nationale.mg/wp-content/themes/ct/aero/plugins/timthumb.php?src=http://www.assemblee-nationale.mg/wp-content/plugins/internet/2014/50.jpg&w=200&h=auto,Anosibe An?Ala,Député,,2013
National Assembly,Itasy,http://www.assemblee-nationale.mg/?depute=rabemananjara-celestine,RABEMANANJARA C‚lestine,MAPAR,http://www.assemblee-nationale.mg/wp-content/themes/ct/aero/plugins/timthumb.php?src=http://www.assemblee-nationale.mg/wp-content/plugins/internet/2014/53.jpg&w=200&h=auto,Arivonimamo,Député,,2013
National Assembly,Alaotra Mangoro,http://www.assemblee-nationale.mg/?depute=rabenirina-jean-rene,RABENIRINA Jean R‚n‚,M. RAVALOMANANA,http://www.assemblee-nationale.mg/wp-content/themes/ct/aero/plugins/timthumb.php?src=http://www.assemblee-nationale.mg/wp-content/plugins/internet/2014/55.jpg&w=200&h=auto,Andilamena,Député,,2013
National Assembly,Analamanga,http://www.assemblee-nationale.mg/?depute=rahantasoa-lydia-aimee-vololona,RAHANTASOA Lydia Aim‚e Vololona,M. RAVALOMANANA,http://www.assemblee-nationale.mg/wp-content/themes/ct/aero/plugins/timthumb.php?src=http://www.assemblee-nationale.mg/wp-content/plugins/internet/2014/60.jpg&w=200&h=auto,Manjakandriana,Député,,2013
National Assembly,Vakinankaratra,http://www.assemblee-nationale.mg/?depute=rambolamanana-jean-guy-honore,RAMBOLAMANANA Jean Guy Honor‚,Ind‚pendant,http://www.assemblee-nationale.mg/wp-content/themes/ct/aero/plugins/timthumb.php?src=http://www.assemblee-nationale.mg/wp-content/plugins/internet/2014/86.jpg&w=200&h=auto,Betafo,Député,,2013
National Assembly,Analamanga,http://www.assemblee-nationale.mg/?depute=randriamandimbisoa-felix-marie-louis,RANDRIAMANDIMBISOA F‚lix Marie Louis,M. RAVALOMANANA,http://www.assemblee-nationale.mg/wp-content/themes/ct/aero/plugins/timthumb.php?src=http://www.assemblee-nationale.mg/wp-content/plugins/internet/2014/92.jpg&w=200&h=auto,Antananarivo IV,Député,,2013
National Assembly,Atsimoandrefana,http://www.assemblee-nationale.mg/?depute=randrianandraina-theophile-christian,RANDRIANANDRAINA Th‚ophile Christian,Ind‚pendant,http://www.assemblee-nationale.mg/wp-content/themes/ct/aero/plugins/timthumb.php?src=http://www.assemblee-nationale.mg/wp-content/plugins/internet/2014/95.jpg&w=200&h=auto,Benenitra,Député,,2013
National Assembly,Vakinankaratra,http://www.assemblee-nationale.mg/?depute=randrianantenaina-olivier-anthonny-jose,RANDRIANANTENAINA Olivier Anthonny Jos‚,M. RAVALOMANANA,http://www.assemblee-nationale.mg/wp-content/themes/ct/aero/plugins/timthumb.php?src=http://www.assemblee-nationale.mg/wp-content/plugins/internet/2014/96.jpg&w=200&h=auto,Antsirabe II,Pr‚sident de commission,,2013
National Assembly,Analamanga,http://www.assemblee-nationale.mg/?depute=randrianarisoa-guy-celin-rivoniaina,RANDRIANARISOA Guy C‚lin Rivoniaina,M. RAVALOMANANA,http://www.assemblee-nationale.mg/wp-content/themes/ct/aero/plugins/timthumb.php?src=http://www.assemblee-nationale.mg/wp-content/plugins/internet/2014/97.jpg&w=200&h=auto,Antananarivo V,Questeur charg‚ de la Bonne Gouvernance et de la Transparence,,2013
National Assembly,Ihorombe,http://www.assemblee-nationale.mg/?depute=randrianoelina-razafimahefa-mamimalala-marie-josue-daniel,RANDRIANOELINA RAZAFIMAHEFA Mamimalala Marie Josu‚ Daniel,Ind‚pendant,http://www.assemblee-nationale.mg/wp-content/themes/ct/aero/plugins/timthumb.php?src=http://www.assemblee-nationale.mg/wp-content/plugins/internet/2014/106.jpg&w=200&h=auto,Ivohibe,Pr‚sident de commission,,2013
National Assembly,Boeny,http://www.assemblee-nationale.mg/?depute=rasalama-leon,RASALAMA L‚on,MAPAR,http://www.assemblee-nationale.mg/wp-content/themes/ct/aero/plugins/timthumb.php?src=http://www.assemblee-nationale.mg/wp-content/plugins/internet/2014/109.jpg&w=200&h=auto,Mahajanga II,Notice: Undefined property: WP_Error::$name in /var/www/html/assemblee/wp-content/plugins/internet/tpl_deputes.php on line 53,,2013
National Assembly,Vakinankaratra,http://www.assemblee-nationale.mg/?depute=rasolonjatovo-honore,RASOLONJATOVO Honor‚,Ind‚pendant,http://www.assemblee-nationale.mg/wp-content/themes/ct/aero/plugins/timthumb.php?src=http://www.assemblee-nationale.mg/wp-content/plugins/internet/2014/113.jpg&w=200&h=auto,Faratsiho,Notice: Trying to get property of non-object in /var/www/html/assemblee/wp-content/plugins/internet/tpl_deputes.php on line 53,,2013
National Assembly,Haute Matsiatra,http://www.assemblee-nationale.mg/?depute=rasolonomenjanahary-fidelis-justin,RASOLONOMENJANAHARY Fid‚lis Justin,M. RAVALOMANANA,http://www.assemblee-nationale.mg/wp-content/themes/ct/aero/plugins/timthumb.php?src=http://www.assemblee-nationale.mg/wp-content/plugins/internet/2014/114.jpg&w=200&h=auto,Ambohimahasoa,Député,,2013
National Assembly,Analamanga,http://www.assemblee-nationale.mg/?depute=ratsivalaka-nee-raheriarivo-marie-michelle-marie-michelle,RATSIVALAKA n‚e RAHERIARIVO Marie Michelle,MAPAR,http://www.assemblee-nationale.mg/wp-content/themes/ct/aero/plugins/timthumb.php?src=http://www.assemblee-nationale.mg/wp-content/plugins/internet/2014/117.jpg&w=200&h=auto,Antananarivo I,Député,,2013
National Assembly,Analamanga,http://www.assemblee-nationale.mg/?depute=ravelonanosy-mamy-tiana-telesphore-gerard,RAVELONANOSY Mamy Tiana T‚l‚sphore G‚rard,-,http://www.assemblee-nationale.mg/wp-content/themes/ct/aero/plugins/timthumb.php?src=http://www.assemblee-nationale.mg/wp-content/plugins/internet/2014/121.jpg&w=200&h=auto,Ankazobe,Pr‚sident de commission,,2013
National Assembly,Analanjirofo,http://www.assemblee-nationale.mg/?depute=razanadrabearimanana-jacques-aurelien,RAZANADRABEARIMANANA Jacques Aur‚lien,MAPAR,http://www.assemblee-nationale.mg/wp-content/themes/ct/aero/plugins/timthumb.php?src=http://www.assemblee-nationale.mg/wp-content/plugins/internet/2014/132.jpg&w=200&h=auto,Vavatenina,Rapporteur adjoint de commission,,2013
National Assembly,Vatovavy Fitovinany,http://www.assemblee-nationale.mg/?depute=tsabotokay-honore,TSABOTOKAY Honor‚,Ind‚pendant,http://www.assemblee-nationale.mg/wp-content/themes/ct/aero/plugins/timthumb.php?src=http://www.assemblee-nationale.mg/wp-content/plugins/internet/2014/142.jpg&w=200&h=auto,Vohipeno,Député,,2013
National Assembly,Sofia,http://www.assemblee-nationale.mg/?depute=volahaingo-marie-therese,VOLAHAINGO Marie Th‚rŠse,VP-MMM,http://www.assemblee-nationale.mg/wp-content/themes/ct/aero/plugins/timthumb.php?src=http://www.assemblee-nationale.mg/wp-content/plugins/internet/2014/145.jpg&w=200&h=auto,Bealanana,Pr‚sident de commission,,2013
National Assembly,Diana,http://www.assemblee-nationale.mg/?depute=arosy-namiandrazana-francois-namiandrazana-francois,AROSY Namiandrazana FranÃ§ois,IndÃ©pendant,http://www.assemblee-nationale.mg/wp-content/themes/ct/aero/plugins/timthumb.php?src=http://www.assemblee-nationale.mg/wp-content/plugins/internet/2014/12.jpg&w=200&h=auto,Nosy Be,Député,,2013
National Assembly,Sofia,http://www.assemblee-nationale.mg/?depute=djaosera-irenee,DJAOSERA IrenÃ©e,PSD,http://www.assemblee-nationale.mg/wp-content/themes/ct/aero/plugins/timthumb.php?src=http://www.assemblee-nationale.mg/wp-content/plugins/internet/2014/15.jpg&w=200&h=auto,Analalava,Notice: Undefined property: WP_Error::$name in /var/www/html/assemblee/wp-content/plugins/internet/tpl_deputes.php on line 53,,2013
National Assembly,Sofia,http://www.assemblee-nationale.mg/?depute=lylyette-rene-de-roland,LYLYETTE RenÃ© de Roland,IndÃ©pendant,http://www.assemblee-nationale.mg/wp-content/themes/ct/aero/plugins/timthumb.php?src=http://www.assemblee-nationale.mg/wp-content/plugins/internet/2014/33.jpg&w=200&h=auto,Befandriana Avaratra,Député,,2013
National Assembly,Atsinanana,http://www.assemblee-nationale.mg/?depute=maharamby-ndalana-esperant,MAHARAMBY Ndalana EspÃ©rant,MAPAR,http://www.assemblee-nationale.mg/wp-content/themes/ct/aero/plugins/timthumb.php?src=http://www.assemblee-nationale.mg/wp-content/plugins/internet/2014/34.jpg&w=200&h=auto,Antanambao Manampotsy,Député,,2013
National Assembly,Menabe,http://www.assemblee-nationale.mg/?depute=mamodali-hawel,MAMODâ€™ALI Hawel,MAPAR,http://www.assemblee-nationale.mg/wp-content/themes/ct/aero/plugins/timthumb.php?src=http://www.assemblee-nationale.mg/wp-content/plugins/internet/2014/38.jpg&w=200&h=auto,Morondava,Notice: Undefined property: WP_Error::$name in /var/www/html/assemblee/wp-content/plugins/internet/tpl_deputes.php on line 53,,2013
National Assembly,Androy,http://www.assemblee-nationale.mg/?depute=masy-goulamaly-marie-jeanne-darc,MASY Goulamaly Marie Jeanne dâ€™Arc,IndÃ©pendant,http://www.assemblee-nationale.mg/wp-content/themes/ct/aero/plugins/timthumb.php?src=http://www.assemblee-nationale.mg/wp-content/plugins/internet/2014/41.jpg&w=200&h=auto,Tsihombe,PrÃ©sident de commission,,2013
National Assembly,Boeny,http://www.assemblee-nationale.mg/?depute=nicolas-stephan-alphonse,NICOLAS StÃ©phan Alphonse,IndÃ©pendant,http://www.assemblee-nationale.mg/wp-content/themes/ct/aero/plugins/timthumb.php?src=http://www.assemblee-nationale.mg/wp-content/plugins/internet/2014/48.jpg&w=200&h=auto,Mahajanga I,Député,,2013
National Assembly,Alaotra Mangoro,http://www.assemblee-nationale.mg/?depute=rabarison-joseph-aime,RABARISON Joseph AimÃ©,MAPAR,http://www.assemblee-nationale.mg/wp-content/themes/ct/aero/plugins/timthumb.php?src=http://www.assemblee-nationale.mg/wp-content/plugins/internet/2014/50.jpg&w=200&h=auto,Anosibe Anâ€™Ala,Député,,2013
National Assembly,Itasy,http://www.assemblee-nationale.mg/?depute=rabemananjara-celestine,RABEMANANJARA CÃ©lestine,MAPAR,http://www.assemblee-nationale.mg/wp-content/themes/ct/aero/plugins/timthumb.php?src=http://www.assemblee-nationale.mg/wp-content/plugins/internet/2014/53.jpg&w=200&h=auto,Arivonimamo,Député,,2013
National Assembly,Alaotra Mangoro,http://www.assemblee-nationale.mg/?depute=rabenirina-jean-rene,RABENIRINA Jean RÃ©nÃ©,M. RAVALOMANANA,http://www.assemblee-nationale.mg/wp-content/themes/ct/aero/plugins/timthumb.php?src=http://www.assemblee-nationale.mg/wp-content/plugins/internet/2014/55.jpg&w=200&h=auto,Andilamena,Député,,2013
National Assembly,Analamanga,http://www.assemblee-nationale.mg/?depute=rahantasoa-lydia-aimee-vololona,RAHANTASOA Lydia AimÃ©e Vololona,M. RAVALOMANANA,http://www.assemblee-nationale.mg/wp-content/themes/ct/aero/plugins/timthumb.php?src=http://www.assemblee-nationale.mg/wp-content/plugins/internet/2014/60.jpg&w=200&h=auto,Manjakandriana,Député,,2013
National Assembly,Vakinankaratra,http://www.assemblee-nationale.mg/?depute=rambolamanana-jean-guy-honore,RAMBOLAMANANA Jean Guy HonorÃ©,IndÃ©pendant,http://www.assemblee-nationale.mg/wp-content/themes/ct/aero/plugins/timthumb.php?src=http://www.assemblee-nationale.mg/wp-content/plugins/internet/2014/86.jpg&w=200&h=auto,Betafo,Député,,2013
National Assembly,Analamanga,http://www.assemblee-nationale.mg/?depute=randriamandimbisoa-felix-marie-louis,RANDRIAMANDIMBISOA FÃ©lix Marie Louis,M. RAVALOMANANA,http://www.assemblee-nationale.mg/wp-content/themes/ct/aero/plugins/timthumb.php?src=http://www.assemblee-nationale.mg/wp-content/plugins/internet/2014/92.jpg&w=200&h=auto,Antananarivo IV,Député,,2013
National Assembly,Atsimoandrefana,http://www.assemblee-nationale.mg/?depute=randrianandraina-theophile-christian,RANDRIANANDRAINA ThÃ©ophile Christian,IndÃ©pendant,http://www.assemblee-nationale.mg/wp-content/themes/ct/aero/plugins/timthumb.php?src=http://www.assemblee-nationale.mg/wp-content/plugins/internet/2014/95.jpg&w=200&h=auto,Benenitra,Député,,2013
National Assembly,Vakinankaratra,http://www.assemblee-nationale.mg/?depute=randrianantenaina-olivier-anthonny-jose,RANDRIANANTENAINA Olivier Anthonny JosÃ©,M. RAVALOMANANA,http://www.assemblee-nationale.mg/wp-content/themes/ct/aero/plugins/timthumb.php?src=http://www.assemblee-nationale.mg/wp-content/plugins/internet/2014/96.jpg&w=200&h=auto,Antsirabe II,PrÃ©sident de commission,,2013
National Assembly,Analamanga,http://www.assemblee-nationale.mg/?depute=randrianarisoa-guy-celin-rivoniaina,RANDRIANARISOA Guy CÃ©lin Rivoniaina,M. RAVALOMANANA,http://www.assemblee-nationale.mg/wp-content/themes/ct/aero/plugins/timthumb.php?src=http://www.assemblee-nationale.mg/wp-content/plugins/internet/2014/97.jpg&w=200&h=auto,Antananarivo V,Questeur chargÃ© de la Bonne Gouvernance et de la Transparence,,2013
National Assembly,Ihorombe,http://www.assemblee-nationale.mg/?depute=randrianoelina-razafimahefa-mamimalala-marie-josue-daniel,RANDRIANOELINA RAZAFIMAHEFA Mamimalala Marie JosuÃ© Daniel,IndÃ©pendant,http://www.assemblee-nationale.mg/wp-content/themes/ct/aero/plugins/timthumb.php?src=http://www.assemblee-nationale.mg/wp-content/plugins/internet/2014/106.jpg&w=200&h=auto,Ivohibe,PrÃ©sident de commission,,2013
National Assembly,Boeny,http://www.assemblee-nationale.mg/?depute=rasalama-leon,RASALAMA LÃ©on,MAPAR,http://www.assemblee-nationale.mg/wp-content/themes/ct/aero/plugins/timthumb.php?src=http://www.assemblee-nationale.mg/wp-content/plugins/internet/2014/109.jpg&w=200&h=auto,Mahajanga II,Notice: Undefined property: WP_Error::$name in /var/www/html/assemblee/wp-content/plugins/internet/tpl_deputes.php on line 53,,2013
National Assembly,Vakinankaratra,http://www.assemblee-nationale.mg/?depute=rasolonjatovo-honore,RASOLONJATOVO HonorÃ©,IndÃ©pendant,http://www.assemblee-nationale.mg/wp-content/themes/ct/aero/plugins/timthumb.php?src=http://www.assemblee-nationale.mg/wp-content/plugins/internet/2014/113.jpg&w=200&h=auto,Faratsiho,Notice: Trying to get property of non-object in /var/www/html/assemblee/wp-content/plugins/internet/tpl_deputes.php on line 53,,2013
National Assembly,Haute Matsiatra,http://www.assemblee-nationale.mg/?depute=rasolonomenjanahary-fidelis-justin,RASOLONOMENJANAHARY FidÃ©lis Justin,M. RAVALOMANANA,http://www.assemblee-nationale.mg/wp-content/themes/ct/aero/plugins/timthumb.php?src=http://www.assemblee-nationale.mg/wp-content/plugins/internet/2014/114.jpg&w=200&h=auto,Ambohimahasoa,Député,,2013
National Assembly,Analamanga,http://www.assemblee-nationale.mg/?depute=ratsivalaka-nee-raheriarivo-marie-michelle-marie-michelle,RATSIVALAKA nÃ©e RAHERIARIVO Marie Michelle,MAPAR,http://www.assemblee-nationale.mg/wp-content/themes/ct/aero/plugins/timthumb.php?src=http://www.assemblee-nationale.mg/wp-content/plugins/internet/2014/117.jpg&w=200&h=auto,Antananarivo I,Député,,2013
National Assembly,Analamanga,http://www.assemblee-nationale.mg/?depute=ravelonanosy-mamy-tiana-telesphore-gerard,RAVELONANOSY Mamy Tiana TÃ©lÃ©sphore GÃ©rard,-,http://www.assemblee-nationale.mg/wp-content/themes/ct/aero/plugins/timthumb.php?src=http://www.assemblee-nationale.mg/wp-content/plugins/internet/2014/121.jpg&w=200&h=auto,Ankazobe,PrÃ©sident de commission,,2013
National Assembly,Analanjirofo,http://www.assemblee-nationale.mg/?depute=razanadrabearimanana-jacques-aurelien,RAZANADRABEARIMANANA Jacques AurÃ©lien,MAPAR,http://www.assemblee-nationale.mg/wp-content/themes/ct/aero/plugins/timthumb.php?src=http://www.assemblee-nationale.mg/wp-content/plugins/internet/2014/132.jpg&w=200&h=auto,Vavatenina,Rapporteur adjoint de commission,,2013
National Assembly,Vatovavy Fitovinany,http://www.assemblee-nationale.mg/?depute=tsabotokay-honore,TSABOTOKAY HonorÃ©,IndÃ©pendant,http://www.assemblee-nationale.mg/wp-content/themes/ct/aero/plugins/timthumb.php?src=http://www.assemblee-nationale.mg/wp-content/plugins/internet/2014/142.jpg&w=200&h=auto,Vohipeno,Député,,2013
National Assembly,Sofia,http://www.assemblee-nationale.mg/?depute=volahaingo-marie-therese,VOLAHAINGO Marie ThÃ©rÃ¨se,VP-MMM,http://www.assemblee-nationale.mg/wp-content/themes/ct/aero/plugins/timthumb.php?src=http://www.assemblee-nationale.mg/wp-content/plugins/internet/2014/145.jpg&w=200&h=auto,Bealanana,PrÃ©sident de commission,,2013
National Assembly,Sava,http://www.assemblee-nationale.mg/?depute=abdilah,ABDILLAH -,VPM-MMM,http://www.assemblee-nationale.mg/wp-content/themes/ct/aero/plugins/timthumb.php?src=http://www.assemblee-nationale.mg/wp-content/plugins/internet/2014/1.jpg&w=200&h=auto,Vohémar,Notice: Undefined property: WP_Error::$name in /var/www/html/assemblee/wp-content/plugins/internet/tpl_deputes.php on line 53,,2013
National Assembly,Boeny,http://www.assemblee-nationale.mg/?depute=alidy-bin-soufou,ALIDY Bin Soufou,MAPAR,http://www.assemblee-nationale.mg/wp-content/themes/ct/aero/plugins/timthumb.php?src=http://www.assemblee-nationale.mg/wp-content/plugins/internet/2014/2.jpg&w=200&h=auto,Mitsinjo,Notice: Undefined property: WP_Error::$name in /var/www/html/assemblee/wp-content/plugins/internet/tpl_deputes.php on line 53,,2013
National Assembly,Analamanga,http://www.assemblee-nationale.mg/?depute=andriamitantsoa-ramasindraibe-benjamin,ANDRIAMITANTSOA RAMASINDRAIBE Benjamin,Mouvance RAVALOMANANA,http://www.assemblee-nationale.mg/wp-content/themes/ct/aero/plugins/timthumb.php?src=http://www.assemblee-nationale.mg/wp-content/plugins/internet/2014/3.jpg&w=200&h=auto,Antananarivo Avaradrano,Notice: Undefined property: WP_Error::$name in /var/www/html/assemblee/wp-content/plugins/internet/tpl_deputes.php on line 53,,2013
National Assembly,Alaotramangoro,http://www.assemblee-nationale.mg/?depute=andriamasimanana-aureline,ANDRIAMASIMANANA Aureline,Indépendant,http://www.assemblee-nationale.mg/wp-content/themes/ct/aero/plugins/timthumb.php?src=http://www.assemblee-nationale.mg/wp-content/plugins/internet/2014/4.jpg&w=200&h=auto,Ambatondrazaka,Président de commission,,2013
National Assembly,Vakinankaratra,http://www.assemblee-nationale.mg/?depute=andriamboavonjy-nantenaina-herisoa,ANDRIAMBOAVONJY Nantenaina Herisoa,Indépendant,http://www.assemblee-nationale.mg/wp-content/themes/ct/aero/plugins/timthumb.php?src=http://www.assemblee-nationale.mg/wp-content/plugins/internet/2014/5.jpg&w=200&h=auto,Mandoto,Notice: Undefined property: WP_Error::$name in /var/www/html/assemblee/wp-content/plugins/internet/tpl_deputes.php on line 53,,2013
National Assembly,Amoronimania,http://www.assemblee-nationale.mg/?depute=andrianarivo-harimampianina-razakarivelo,ANDRIANARIVO Harimampianina Razakarivelo,Indépendant,http://www.assemblee-nationale.mg/wp-content/themes/ct/aero/plugins/timthumb.php?src=http://www.assemblee-nationale.mg/wp-content/plugins/internet/2014/6.jpg&w=200&h=auto,Ambositra,Vice-président Fianarantsoa,,2013
National Assembly,Alaotramangoro,http://www.assemblee-nationale.mg/?depute=andrianirina-josoa-marohajaina,ANDRIANIRINA Josoa Marohajaina,Indépendant,http://www.assemblee-nationale.mg/wp-content/themes/ct/aero/plugins/timthumb.php?src=http://www.assemblee-nationale.mg/wp-content/plugins/internet/2014/7.jpg&w=200&h=auto,Ambatondrazaka,Président de commission,,2013
National Assembly,Atsimoandrefana,http://www.assemblee-nationale.mg/?depute=andrianjaka-samson-goulzar,ANDRIANJAKA Samson Goulzar,MAPAR,http://www.assemblee-nationale.mg/wp-content/themes/ct/aero/plugins/timthumb.php?src=http://www.assemblee-nationale.mg/wp-content/plugins/internet/2014/8.jpg&w=200&h=auto,Ampanihy Andrefana,Président de commission,,2013
National Assembly,Amoronimania,http://www.assemblee-nationale.mg/?depute=andrianjanahary-fanomezantsoa,ANDRIANJANAHARY Fanomezantsoa,VPM-MMM,http://www.assemblee-nationale.mg/wp-content/themes/ct/aero/plugins/timthumb.php?src=http://www.assemblee-nationale.mg/wp-content/plugins/internet/2014/9.jpg&w=200&h=auto,Manandriana,Député,,2013
National Assembly,Vatovavy Fitovinany,http://www.assemblee-nationale.mg/?depute=andriantsizehena-benja-urbain,ANDRIANTSIZEHENA Benja Urbain,VP-MMM,http://www.assemblee-nationale.mg/wp-content/themes/ct/aero/plugins/timthumb.php?src=http://www.assemblee-nationale.mg/wp-content/plugins/internet/2014/10.jpg&w=200&h=auto,Manakara,Député,,2013
National Assembly,Anosy,http://www.assemblee-nationale.mg/?depute=angele-solange,ANGELE Solange,Indépendant,http://www.assemblee-nationale.mg/wp-content/themes/ct/aero/plugins/timthumb.php?src=http://www.assemblee-nationale.mg/wp-content/plugins/internet/2014/11.jpg&w=200&h=auto,Amboasary Atsimo,Notice: Undefined property: WP_Error::$name in /var/www/html/assemblee/wp-content/plugins/internet/tpl_deputes.php on line 53,,2013
National Assembly,Diana,http://www.assemblee-nationale.mg/?depute=arosy-namiandrazana-francois-namiandrazana-francois,AROSY Namiandrazana François,Indépendant,http://www.assemblee-nationale.mg/wp-content/themes/ct/aero/plugins/timthumb.php?src=http://www.assemblee-nationale.mg/wp-content/plugins/internet/2014/12.jpg&w=200&h=auto,Nosy Be,Député,,2013
National Assembly,Melaky,http://www.assemblee-nationale.mg/?depute=delphine-florentine,DELPHINE Florentine,Les As,http://www.assemblee-nationale.mg/wp-content/themes/ct/aero/plugins/timthumb.php?src=http://www.assemblee-nationale.mg/wp-content/plugins/internet/2014/13.jpg&w=200&h=auto,Besalampy,Président de commission,,2013
National Assembly,Analanjirofo,http://www.assemblee-nationale.mg/?depute=dinah-romual,DINAH Romual,Leader Fanilo,http://www.assemblee-nationale.mg/wp-content/themes/ct/aero/plugins/timthumb.php?src=http://www.assemblee-nationale.mg/wp-content/plugins/internet/2014/14.jpg&w=200&h=auto,Maroantsetra,Notice: Undefined property: WP_Error::$name in /var/www/html/assemblee/wp-content/plugins/internet/tpl_deputes.php on line 53,,2013
National Assembly,Sofia,http://www.assemblee-nationale.mg/?depute=djaosera-irenee,DJAOSERA Irenée,PSD,http://www.assemblee-nationale.mg/wp-content/themes/ct/aero/plugins/timthumb.php?src=http://www.assemblee-nationale.mg/wp-content/plugins/internet/2014/15.jpg&w=200&h=auto,Analalava,Notice: Undefined property: WP_Error::$name in /var/www/html/assemblee/wp-content/plugins/internet/tpl_deputes.php on line 53,,2013
National Assembly,Melaky,http://www.assemblee-nationale.mg/?depute=elitafa-basile,ELITAFA Basile,VP-MMM,http://www.assemblee-nationale.mg/wp-content/themes/ct/aero/plugins/timthumb.php?src=http://www.assemblee-nationale.mg/wp-content/plugins/internet/2014/16.jpg&w=200&h=auto,Morafenobe,Notice: Undefined property: WP_Error::$name in /var/www/html/assemblee/wp-content/plugins/internet/tpl_deputes.php on line 53,,2013
National Assembly,Atsinanana,http://www.assemblee-nationale.mg/?depute=famindra-justin,FAMINDRA Justin,MAPAR,http://www.assemblee-nationale.mg/wp-content/themes/ct/aero/plugins/timthumb.php?src=http://www.assemblee-nationale.mg/wp-content/plugins/internet/2014/17.jpg&w=200&h=auto,Toamasina I,Notice: Undefined property: WP_Error::$name in /var/www/html/assemblee/wp-content/plugins/internet/tpl_deputes.php on line 53,,2013
National Assembly,Melaky,http://www.assemblee-nationale.mg/?depute=farhad-houssen-houssen,FARHAD Houssen Houssen,Indépendant,http://www.assemblee-nationale.mg/wp-content/themes/ct/aero/plugins/timthumb.php?src=http://www.assemblee-nationale.mg/wp-content/plugins/internet/2014/18.jpg&w=200&h=auto,Maintirano,Notice: Undefined property: WP_Error::$name in /var/www/html/assemblee/wp-content/plugins/internet/tpl_deputes.php on line 53,,2013
National Assembly,Menabe,http://www.assemblee-nationale.mg/?depute=fienena-richard,TOVONAY,VP-MMM,http://www.assemblee-nationale.mg/wp-content/themes/ct/aero/plugins/timthumb.php?src=http://www.assemblee-nationale.mg/wp-content/plugins/internet/2014/19.jpg&w=200&h=auto,Manja,Député,,2013
National Assembly,Menabe,http://www.assemblee-nationale.mg/?depute=hanitriniaina-mamy-armand,HANITRINIAINA Mamy Armand,MAPAR,http://www.assemblee-nationale.mg/wp-content/themes/ct/aero/plugins/timthumb.php?src=http://www.assemblee-nationale.mg/wp-content/plugins/internet/2014/20.jpg&w=200&h=auto,Miandrivazo,Notice: Undefined property: WP_Error::$name in /var/www/html/assemblee/wp-content/plugins/internet/tpl_deputes.php on line 53,,2013
National Assembly,Itasy,http://www.assemblee-nationale.mg/?depute=harinosy-rabenerika-charlot,HARINOSY Rabenerika Charlot,MAPAR,http://www.assemblee-nationale.mg/wp-content/themes/ct/aero/plugins/timthumb.php?src=http://www.assemblee-nationale.mg/wp-content/plugins/internet/2014/21.jpg&w=200&h=auto,Soavinandriana,Notice: Undefined property: WP_Error::$name in /var/www/html/assemblee/wp-content/plugins/internet/tpl_deputes.php on line 53,,2013
National Assembly,Anosy,http://www.assemblee-nationale.mg/?depute=hatrefindrazana-jerry,HATREFINDRAZANA Jerry,Indépendant,http://www.assemblee-nationale.mg/wp-content/themes/ct/aero/plugins/timthumb.php?src=http://www.assemblee-nationale.mg/wp-content/plugins/internet/2014/22.jpg&w=200&h=auto,Taolagnaro,Député,,2013
National Assembly,Atsimo Atsinanana,http://www.assemblee-nationale.mg/?depute=helson-brison-erafa,HELSON Brisson ERAFA,Indépendant,http://www.assemblee-nationale.mg/wp-content/themes/ct/aero/plugins/timthumb.php?src=http://www.assemblee-nationale.mg/wp-content/plugins/internet/2014/23.jpg&w=200&h=auto,Toliary II,Vice-président Toliara,,2013
National Assembly,Androy,http://www.assemblee-nationale.mg/?depute=henri-jean-michel-henri,HENRI Jean Michel,MAPAR,http://www.assemblee-nationale.mg/wp-content/themes/ct/aero/plugins/timthumb.php?src=http://www.assemblee-nationale.mg/wp-content/plugins/internet/2014/24.jpg&w=200&h=auto,Ambovombe Androy,Député,,2013
National Assembly,Boeny,http://www.assemblee-nationale.mg/?depute=houssene-abdallah,HOUSSENE Abdallah,Indépendant,http://www.assemblee-nationale.mg/wp-content/themes/ct/aero/plugins/timthumb.php?src=http://www.assemblee-nationale.mg/wp-content/plugins/internet/2014/25.jpg&w=200&h=auto,Soalala,Député,,2013
National Assembly,Anosy,http://www.assemblee-nationale.mg/?depute=ijo,IJO,Indépendant,http://www.assemblee-nationale.mg/wp-content/themes/ct/aero/plugins/timthumb.php?src=http://www.assemblee-nationale.mg/wp-content/plugins/internet/2014/26.jpg&w=200&h=auto,Taolagnaro,Député,,2013
National Assembly,Vakinankaratra,http://www.assemblee-nationale.mg/?depute=jean-francois-michel,JEAN FRANCOIS Michel,M. RAVALOMANANA,http://www.assemblee-nationale.mg/wp-content/themes/ct/aero/plugins/timthumb.php?src=http://www.assemblee-nationale.mg/wp-content/plugins/internet/2014/27.jpg&w=200&h=auto,Antsirabe I,Député,,2013
National Assembly,Androy,http://www.assemblee-nationale.mg/?depute=jean-daniel,JEAN Daniel,MTS,http://www.assemblee-nationale.mg/wp-content/themes/ct/aero/plugins/timthumb.php?src=http://www.assemblee-nationale.mg/wp-content/plugins/internet/2014/28.jpg&w=200&h=auto,Bekily,Député,,2013
National Assembly,Vatovavy Fitovinany,http://www.assemblee-nationale.mg/?depute=kathy,KATHY -,MAPAR,http://www.assemblee-nationale.mg/wp-content/themes/ct/aero/plugins/timthumb.php?src=http://www.assemblee-nationale.mg/wp-content/plugins/internet/2014/29.jpg&w=200&h=auto,Manajary,Président de commission,,2013
National Assembly,Sava,http://www.assemblee-nationale.mg/?depute=laisoa-jean-pierre,LAISOA Jean Pierre,Indépendant,http://www.assemblee-nationale.mg/wp-content/themes/ct/aero/plugins/timthumb.php?src=http://www.assemblee-nationale.mg/wp-content/plugins/internet/2014/30.jpg&w=200&h=auto,Antalaha,Député,,2013
National Assembly,Atsinanana,http://www.assemblee-nationale.mg/?depute=levao-nitadiavina,LEVAO Nitadiavina,Indépendant,http://www.assemblee-nationale.mg/wp-content/themes/ct/aero/plugins/timthumb.php?src=http://www.assemblee-nationale.mg/wp-content/plugins/internet/2014/31.jpg&w=200&h=auto,Marolambo,Président de commission,,2013
National Assembly,Atsimoandrefana,http://www.assemblee-nationale.mg/?depute=liahosoa-malement,LIAHOSOA Malement,Indépendant,http://www.assemblee-nationale.mg/wp-content/themes/ct/aero/plugins/timthumb.php?src=http://www.assemblee-nationale.mg/wp-content/plugins/internet/2014/32.jpg&w=200&h=auto,Ampanihy Andrefana,Rapporteur général,,2013
National Assembly,Sofia,http://www.assemblee-nationale.mg/?depute=lylyette-rene-de-roland,LYLYETTE René de Roland,Indépendant,http://www.assemblee-nationale.mg/wp-content/themes/ct/aero/plugins/timthumb.php?src=http://www.assemblee-nationale.mg/wp-content/plugins/internet/2014/33.jpg&w=200&h=auto,Befandriana Avaratra,Député,,2013
National Assembly,Atsinanana,http://www.assemblee-nationale.mg/?depute=maharamby-ndalana-esperant,MAHARAMBY Ndalana Espérant,MAPAR,http://www.assemblee-nationale.mg/wp-content/themes/ct/aero/plugins/timthumb.php?src=http://www.assemblee-nationale.mg/wp-content/plugins/internet/2014/34.jpg&w=200&h=auto,Antanambao Manampotsy,Député,,2013
National Assembly,Atsimoandrefana,http://www.assemblee-nationale.mg/?depute=maharante-rakotonandrasana-rakotonandrasana-jean-de-dieu,RAZAHA Tondraha,MAPAR,http://www.assemblee-nationale.mg/wp-content/themes/ct/aero/plugins/timthumb.php?src=http://www.assemblee-nationale.mg/wp-content/plugins/internet/2014/35.jpg&w=200&h=auto,Toliary I,Député,,2013
National Assembly,Sava,http://www.assemblee-nationale.mg/?depute=mahasoazy-mananjara-freddie-richard-mananjara-freddie-richard,MAHAZOASY Mananjara Freddie Richard,Indépendant,http://www.assemblee-nationale.mg/wp-content/themes/ct/aero/plugins/timthumb.php?src=http://www.assemblee-nationale.mg/wp-content/plugins/internet/2014/36.jpg&w=200&h=auto,Antsiranana I,Vice-président Antsiranana,,2013
National Assembly,Sava,http://www.assemblee-nationale.mg/?depute=mamangy-norbert,MAMANGY Norbert,Indépendant,http://www.assemblee-nationale.mg/wp-content/themes/ct/aero/plugins/timthumb.php?src=http://www.assemblee-nationale.mg/wp-content/plugins/internet/2014/37.jpg&w=200&h=auto,Sambava,Président de commission,,2013
National Assembly,Menabe,http://www.assemblee-nationale.mg/?depute=mamodali-hawel,MAMOD’ALI Hawel,MAPAR,http://www.assemblee-nationale.mg/wp-content/themes/ct/aero/plugins/timthumb.php?src=http://www.assemblee-nationale.mg/wp-content/plugins/internet/2014/38.jpg&w=200&h=auto,Morondava,Notice: Undefined property: WP_Error::$name in /var/www/html/assemblee/wp-content/plugins/internet/tpl_deputes.php on line 53,,2013
National Assembly,Atsimoandrefana,http://www.assemblee-nationale.mg/?depute=mara-niarisy,MARA Niarisy,Indépendant,http://www.assemblee-nationale.mg/wp-content/themes/ct/aero/plugins/timthumb.php?src=http://www.assemblee-nationale.mg/wp-content/plugins/internet/2014/39.jpg&w=200&h=auto,Ankazoabo Atsimo,Notice: Undefined property: WP_Error::$name in /var/www/html/assemblee/wp-content/plugins/internet/tpl_deputes.php on line 53,,2013
National Assembly,Atsimo Atsinanana,http://www.assemblee-nationale.mg/?depute=maroriky,MARORIKY -,MAPAR,http://www.assemblee-nationale.mg/wp-content/themes/ct/aero/plugins/timthumb.php?src=http://www.assemblee-nationale.mg/wp-content/plugins/internet/2014/40.jpg&w=200&h=auto,Befotaka Atsimo,Député,,2013
National Assembly,Androy,http://www.assemblee-nationale.mg/?depute=masy-goulamaly-marie-jeanne-darc,MASY Goulamaly Marie Jeanne d’Arc,Indépendant,http://www.assemblee-nationale.mg/wp-content/themes/ct/aero/plugins/timthumb.php?src=http://www.assemblee-nationale.mg/wp-content/plugins/internet/2014/41.jpg&w=200&h=auto,Tsihombe,Président de commission,,2013
National Assembly,Androy,http://www.assemblee-nationale.mg/?depute=milavonjy-andriasy-philobert,MILAVONJY Andriasy Philobert,VP-MMM,http://www.assemblee-nationale.mg/wp-content/themes/ct/aero/plugins/timthumb.php?src=http://www.assemblee-nationale.mg/wp-content/plugins/internet/2014/42.jpg&w=200&h=auto,Ambovombe Androy,Président de commission,,2013
National Assembly,Analanjirofo,http://www.assemblee-nationale.mg/?depute=mohamad-ahmad,MOHAMAD Ahmad,Indépendant,http://www.assemblee-nationale.mg/wp-content/themes/ct/aero/plugins/timthumb.php?src=http://www.assemblee-nationale.mg/wp-content/plugins/internet/2014/43.jpg&w=200&h=auto,Fénérive Est,Président de commission,,2013
National Assembly,Atsinanana,http://www.assemblee-nationale.mg/?depute=naharimamy-lucien-irmah,NAHARIMAMY Lucien Irmah,MAPAR,http://www.assemblee-nationale.mg/wp-content/themes/ct/aero/plugins/timthumb.php?src=http://www.assemblee-nationale.mg/wp-content/plugins/internet/2014/44.jpg&w=200&h=auto,Mahanoro,Député,,2013
National Assembly,Diana,http://www.assemblee-nationale.mg/?depute=nasser-ahmed,NASSER Ahmed,MAPAR,http://www.assemblee-nationale.mg/wp-content/themes/ct/aero/plugins/timthumb.php?src=http://www.assemblee-nationale.mg/wp-content/plugins/internet/2014/45.jpg&w=200&h=auto,Antsiranana II,Député,,2013
National Assembly,Atsinanana,http://www.assemblee-nationale.mg/?depute=ndahimananjara-nee-randrianarison-benedicte-benedicte-johanita,RASOLOFO Samuelson Jean Baptiste,MAPAR,http://www.assemblee-nationale.mg/wp-content/themes/ct/aero/plugins/timthumb.php?src=http://www.assemblee-nationale.mg/wp-content/plugins/internet/2014/46.jpg&w=200&h=auto,Toamasina I,Député,,2013
National Assembly,Atsimo Atsinanana,http://www.assemblee-nationale.mg/?depute=ndremanjary-paraina-odilon,NDREMANJARY Paraina Odilon,MAPAR,http://www.assemblee-nationale.mg/wp-content/themes/ct/aero/plugins/timthumb.php?src=http://www.assemblee-nationale.mg/wp-content/plugins/internet/2014/47.jpg&w=200&h=auto,Farafangana,Président de commission,,2013
National Assembly,Boeny,http://www.assemblee-nationale.mg/?depute=nicolas-stephan-alphonse,NICOLAS Stéphan Alphonse,Indépendant,http://www.assemblee-nationale.mg/wp-content/themes/ct/aero/plugins/timthumb.php?src=http://www.assemblee-nationale.mg/wp-content/plugins/internet/2014/48.jpg&w=200&h=auto,Mahajanga I,Député,,2013
National Assembly,Atsimo Atsinanana,http://www.assemblee-nationale.mg/?depute=nivo-rufin,NIVO Rufin,Leader Fanilo,http://www.assemblee-nationale.mg/wp-content/themes/ct/aero/plugins/timthumb.php?src=http://www.assemblee-nationale.mg/wp-content/plugins/internet/2014/49.jpg&w=200&h=auto,Farafangana,Rapporteur de commission,,2013
National Assembly,Alaotra Mangoro,http://www.assemblee-nationale.mg/?depute=rabarison-joseph-aime,RABARISON Joseph Aimé,MAPAR,http://www.assemblee-nationale.mg/wp-content/themes/ct/aero/plugins/timthumb.php?src=http://www.assemblee-nationale.mg/wp-content/plugins/internet/2014/50.jpg&w=200&h=auto,Anosibe An’Ala,Député,,2013
National Assembly,Betsiboka,http://www.assemblee-nationale.mg/?depute=rabearisoa-jean-claude,RABEARISOA Jean Claude,Indépendant,http://www.assemblee-nationale.mg/wp-content/themes/ct/aero/plugins/timthumb.php?src=http://www.assemblee-nationale.mg/wp-content/plugins/internet/2014/51.jpg&w=200&h=auto,Kandreho,Président de commission,,2013
National Assembly,Alaotra Mangoro,http://www.assemblee-nationale.mg/?depute=rabekijana-solofo-hery,RABEKIJANA Solofo Hery,M. RAVALOMANANA,http://www.assemblee-nationale.mg/wp-content/themes/ct/aero/plugins/timthumb.php?src=http://www.assemblee-nationale.mg/wp-content/plugins/internet/2014/52.jpg&w=200&h=auto,Amparafaravola,Président de commission,,2013
National Assembly,Itasy,http://www.assemblee-nationale.mg/?depute=rabemananjara-celestine,RABEMANANJARA Célestine,MAPAR,http://www.assemblee-nationale.mg/wp-content/themes/ct/aero/plugins/timthumb.php?src=http://www.assemblee-nationale.mg/wp-content/plugins/internet/2014/53.jpg&w=200&h=auto,Arivonimamo,Député,,2013
National Assembly,Atsimoandrefana,http://www.assemblee-nationale.mg/?depute=rabenirina-jean-jacques,RABENIRINA Jean Jacques,VP-MMM,http://www.assemblee-nationale.mg/wp-content/themes/ct/aero/plugins/timthumb.php?src=http://www.assemblee-nationale.mg/wp-content/plugins/internet/2014/54.jpg&w=200&h=auto,Betioky Atsimo,Notice: Undefined property: WP_Error::$name in /var/www/html/assemblee/wp-content/plugins/internet/tpl_deputes.php on line 53,,2013
National Assembly,Alaotra Mangoro,http://www.assemblee-nationale.mg/?depute=rabenirina-jean-rene,RABENIRINA Jean Réné,M. RAVALOMANANA,http://www.assemblee-nationale.mg/wp-content/themes/ct/aero/plugins/timthumb.php?src=http://www.assemblee-nationale.mg/wp-content/plugins/internet/2014/55.jpg&w=200&h=auto,Andilamena,Député,,2013
National Assembly,Analamanga,http://www.assemblee-nationale.mg/?depute=rabenirina-maminiaina-solondraibe,RABENIRINA Maminiaina Solondraibe,Indépendant,http://www.assemblee-nationale.mg/wp-content/themes/ct/aero/plugins/timthumb.php?src=http://www.assemblee-nationale.mg/wp-content/plugins/internet/2014/56.jpg&w=200&h=auto,Ambohidratrimo,Député,,2013
National Assembly,Haute Matsiatra,http://www.assemblee-nationale.mg/?depute=rabetafika-norovelomampionona-roberthine,RABETAFIKA Norovelomampionona Roberthine,VP-MMM,http://www.assemblee-nationale.mg/wp-content/themes/ct/aero/plugins/timthumb.php?src=http://www.assemblee-nationale.mg/wp-content/plugins/internet/2014/57.jpg&w=200&h=auto,Isandra,Député,,2013
National Assembly,Analamanga,http://www.assemblee-nationale.mg/?depute=rafenomanantsoa-tsirimaharo-ny-aina,RAFENOMANANTSOA Tsirimaharo Ny Aina,MAPAR,http://www.assemblee-nationale.mg/wp-content/themes/ct/aero/plugins/timthumb.php?src=http://www.assemblee-nationale.mg/wp-content/plugins/internet/2014/58.jpg&w=200&h=auto,Antananarivo III,Député,,2013
National Assembly,Boeny,http://www.assemblee-nationale.mg/?depute=rahantanirina-lalao,RAHANTANIRINA Lalao,MAPAR,http://www.assemblee-nationale.mg/wp-content/themes/ct/aero/plugins/timthumb.php?src=http://www.assemblee-nationale.mg/wp-content/plugins/internet/2014/59.jpg&w=200&h=auto,Mahajanga I,Notice: Trying to get property of non-object in /var/www/html/assemblee/wp-content/plugins/internet/tpl_deputes.php on line 53,,2013
National Assembly,Analamanga,http://www.assemblee-nationale.mg/?depute=rahantasoa-lydia-aimee-vololona,RAHANTASOA Lydia Aimée Vololona,M. RAVALOMANANA,http://www.assemblee-nationale.mg/wp-content/themes/ct/aero/plugins/timthumb.php?src=http://www.assemblee-nationale.mg/wp-content/plugins/internet/2014/60.jpg&w=200&h=auto,Manjakandriana,Député,,2013
National Assembly,Analamanga,http://www.assemblee-nationale.mg/?depute=raharijaona,RAHARIJAONA -,Indépendant,http://www.assemblee-nationale.mg/wp-content/themes/ct/aero/plugins/timthumb.php?src=http://www.assemblee-nationale.mg/wp-content/plugins/internet/2014/61.jpg&w=200&h=auto,Anjozorobe,Député,,2013
National Assembly,Amoronimania,http://www.assemblee-nationale.mg/?depute=raharimalala-marie-lydia,RAHARIMALALA Marie Lydia,MAPAR,http://www.assemblee-nationale.mg/wp-content/themes/ct/aero/plugins/timthumb.php?src=http://www.assemblee-nationale.mg/wp-content/plugins/internet/2014/62.jpg&w=200&h=auto,Fandriana,Notice: Undefined property: WP_Error::$name in /var/www/html/assemblee/wp-content/plugins/internet/tpl_deputes.php on line 53,,2013
National Assembly,Analamanga,http://www.assemblee-nationale.mg/?depute=raharimanarivo-voahanginiaina,RAHARIMANARIVO Voahanginiaina,M. RAVALOMANANA,http://www.assemblee-nationale.mg/wp-content/themes/ct/aero/plugins/timthumb.php?src=http://www.assemblee-nationale.mg/wp-content/plugins/internet/2014/63.jpg&w=200&h=auto,Antananarivo Atsimondrano,Député,,2013
National Assembly,Analanjirofo,http://www.assemblee-nationale.mg/?depute=raharinirina-sydonie,RAHARINIRINA Sydonie,VP-MMM,http://www.assemblee-nationale.mg/wp-content/themes/ct/aero/plugins/timthumb.php?src=http://www.assemblee-nationale.mg/wp-content/plugins/internet/2014/64.jpg&w=200&h=auto,Mananara Avaratra,Député,,2013
National Assembly,Atsimoandrefana,http://www.assemblee-nationale.mg/?depute=raharoarilala-tinoka-roberto-michael,RAHAROARILALA Tinoka Roberto Michael,MAPAR,http://www.assemblee-nationale.mg/wp-content/themes/ct/aero/plugins/timthumb.php?src=http://www.assemblee-nationale.mg/wp-content/plugins/internet/2014/65.jpg&w=200&h=auto,Sakaraha,Notice: Undefined property: WP_Error::$name in /var/www/html/assemblee/wp-content/plugins/internet/tpl_deputes.php on line 53,,2013
National Assembly,Analamanga,http://www.assemblee-nationale.mg/?depute=rahasimanana-paul-bert,RAHASIMANANA Paul Bert,MAPAR,http://www.assemblee-nationale.mg/wp-content/themes/ct/aero/plugins/timthumb.php?src=http://www.assemblee-nationale.mg/wp-content/plugins/internet/2014/66.jpg&w=200&h=auto,Antananarivo IV,Député,,2013
National Assembly,Diana,http://www.assemblee-nationale.mg/?depute=rahelihanta-jocelyne,RAHELIHANTA Jocelyne,MAPAR,http://www.assemblee-nationale.mg/wp-content/themes/ct/aero/plugins/timthumb.php?src=http://www.assemblee-nationale.mg/wp-content/plugins/internet/2014/67.jpg&w=200&h=auto,Antsiranana I,Notice: Trying to get property of non-object in /var/www/html/assemblee/wp-content/plugins/internet/tpl_deputes.php on line 53,,2013
National Assembly,Analamanga,http://www.assemblee-nationale.mg/?depute=raherisoa-vololona-victorine,RAHERISOA Vololona Victorine,MAPAR,http://www.assemblee-nationale.mg/wp-content/themes/ct/aero/plugins/timthumb.php?src=http://www.assemblee-nationale.mg/wp-content/plugins/internet/2014/68.jpg&w=200&h=auto,Antananarivo VI,Président de commission,,2013
National Assembly,Analamanga,http://www.assemblee-nationale.mg/?depute=raholdina-ranaivo-herinantsoina-ranaivo-herinantsoina,RAHOLDINA Ranaivo Herinantsoina,MAPAR,http://www.assemblee-nationale.mg/wp-content/themes/ct/aero/plugins/timthumb.php?src=http://www.assemblee-nationale.mg/wp-content/plugins/internet/2014/69.jpg&w=200&h=auto,Antananarivo V,Député,,2013
National Assembly,Bongolava,http://www.assemblee-nationale.mg/?depute=raholijaona-harson,RAHOLIJAONA Harson,Indépendant,http://www.assemblee-nationale.mg/wp-content/themes/ct/aero/plugins/timthumb.php?src=http://www.assemblee-nationale.mg/wp-content/plugins/internet/2014/70.jpg&w=200&h=auto,Tsiroanomandidy,Député,,2013
National Assembly,Alaotra Mangoro,http://www.assemblee-nationale.mg/?depute=rajaobelina-lova-herizo,RAJAOBELINA Lova Herizo,MAPAR,http://www.assemblee-nationale.mg/wp-content/themes/ct/aero/plugins/timthumb.php?src=http://www.assemblee-nationale.mg/wp-content/plugins/internet/2014/71.jpg&w=200&h=auto,Moramanga,Président de commission,,2013
National Assembly,Analamanga,http://www.assemblee-nationale.mg/?depute=rajaonson-lantoarijaona-maminiriana-tsitohaina,RAJAONSON Lantoarijaona Maminiriana Tsitohaina,M. RAVALOMANANA,http://www.assemblee-nationale.mg/wp-content/themes/ct/aero/plugins/timthumb.php?src=http://www.assemblee-nationale.mg/wp-content/plugins/internet/2014/72.jpg&w=200&h=auto,Antananarivo III,Notice: Undefined property: WP_Error::$name in /var/www/html/assemblee/wp-content/plugins/internet/tpl_deputes.php on line 53,,2013
National Assembly,Sofia,http://www.assemblee-nationale.mg/?depute=rajaozanany-jean-claude,RAJAOZANANY Jean Claude,MAPAR,http://www.assemblee-nationale.mg/wp-content/themes/ct/aero/plugins/timthumb.php?src=http://www.assemblee-nationale.mg/wp-content/plugins/internet/2014/73.jpg&w=200&h=auto,Mandritsara,Notice: Undefined property: WP_Error::$name in /var/www/html/assemblee/wp-content/plugins/internet/tpl_deputes.php on line 53,,2013
National Assembly,Alaotra Mangoro,http://www.assemblee-nationale.mg/?depute=rakotobe-emiline,RAKOTOBE Emiline,Indépendant,http://www.assemblee-nationale.mg/wp-content/themes/ct/aero/plugins/timthumb.php?src=http://www.assemblee-nationale.mg/wp-content/plugins/internet/2014/74.jpg&w=200&h=auto,Amparafaravola,Député,,2013
National Assembly,Atsimoandrefana,http://www.assemblee-nationale.mg/?depute=rakotomalala-lucien,RAKOTOMALALA Lucien,MAPAR,http://www.assemblee-nationale.mg/wp-content/themes/ct/aero/plugins/timthumb.php?src=http://www.assemblee-nationale.mg/wp-content/plugins/internet/2014/75.jpg&w=200&h=auto,Morombe,Député,,2013
National Assembly,Sava,http://www.assemblee-nationale.mg/?depute=rakotomamonjy-jean-max,RAKOTOMAMONJY Jean Max,Leader Fanilo,http://www.assemblee-nationale.mg/wp-content/themes/ct/aero/plugins/timthumb.php?src=http://www.assemblee-nationale.mg/wp-content/plugins/internet/2014/76.jpg&w=200&h=auto,Andapa,Président de l'Assemblée nationale,,2013
National Assembly,Analamanga,http://www.assemblee-nationale.mg/?depute=rakotomanga-lantoarivola-sedera,RAKOTOMANGA Lantoarivola Sedera,MAPAR,http://www.assemblee-nationale.mg/wp-content/themes/ct/aero/plugins/timthumb.php?src=http://www.assemblee-nationale.mg/wp-content/plugins/internet/2014/77.jpg&w=200&h=auto,Antananarivo II,Député,,2013
National Assembly,Itasy,http://www.assemblee-nationale.mg/?depute=rakotomanjato-rodin-edmond-georges,RAKOTOMANJATO Rodin Edmond Georges,M. RAVALOMANANA,http://www.assemblee-nationale.mg/wp-content/themes/ct/aero/plugins/timthumb.php?src=http://www.assemblee-nationale.mg/wp-content/plugins/internet/2014/78.jpg&w=200&h=auto,Arivonimamo,Député,,2013
National Assembly,Ihorombe,http://www.assemblee-nationale.mg/?depute=rakotonirina-joe-ernest,RAKOTONIRINA Joe Ernest,Hasin’i Madagasikara,http://www.assemblee-nationale.mg/wp-content/themes/ct/aero/plugins/timthumb.php?src=http://www.assemblee-nationale.mg/wp-content/plugins/internet/2014/79.jpg&w=200&h=auto,Iakora,Député,,2013
National Assembly,Amoronimania,http://www.assemblee-nationale.mg/?depute=rakotosolofondrabe-zakamady-zakamady,RAKOTOSOLOFONDRABE Zakamady,Indépendant,http://www.assemblee-nationale.mg/wp-content/themes/ct/aero/plugins/timthumb.php?src=http://www.assemblee-nationale.mg/wp-content/plugins/internet/2014/80.jpg&w=200&h=auto,Ambositra,Député,,2013
National Assembly,Haute Matsiatra,http://www.assemblee-nationale.mg/?depute=ralinjanahary-tsitohaina-valimandresy,RALINJANAHARY Tsitohaina Valimandresy,Indépendant,http://www.assemblee-nationale.mg/wp-content/themes/ct/aero/plugins/timthumb.php?src=http://www.assemblee-nationale.mg/wp-content/plugins/internet/2014/81.jpg&w=200&h=auto,Ikalamavony,Député,,2013
National Assembly,Atsimo Atsinanana,http://www.assemblee-nationale.mg/?depute=ramahasindy-koko-herisoa,RAMAHASINDRY Koko Herisoa,MAPAR,http://www.assemblee-nationale.mg/wp-content/themes/ct/aero/plugins/timthumb.php?src=http://www.assemblee-nationale.mg/wp-content/plugins/internet/2014/82.jpg&w=200&h=auto,Midongy Atsimo,Député,,2013
National Assembly,Bongolava,http://www.assemblee-nationale.mg/?depute=ramaherijaona-hajanirina-lanto,RAMAHERIJAONA Hajanirina Lanto,MAPAR,http://www.assemblee-nationale.mg/wp-content/themes/ct/aero/plugins/timthumb.php?src=http://www.assemblee-nationale.mg/wp-content/plugins/internet/2014/83.jpg&w=200&h=auto,Tsiroanomandidy,Notice: Undefined property: WP_Error::$name in /var/www/html/assemblee/wp-content/plugins/internet/tpl_deputes.php on line 53,,2013
National Assembly,Haute Matsiatra,http://www.assemblee-nationale.mg/?depute=ramamonjisoa-virapin,RATOVOSON Manoelina Hery,MAPAR,http://www.assemblee-nationale.mg/wp-content/themes/ct/aero/plugins/timthumb.php?src=http://www.assemblee-nationale.mg/wp-content/plugins/internet/2014/84.jpg&w=200&h=auto,Fianarantsoa I,Député,,2013
National Assembly,Melaky,http://www.assemblee-nationale.mg/?depute=ramarolahy-maurice,RAMAROLAHY Maurice,Indépendant,http://www.assemblee-nationale.mg/wp-content/themes/ct/aero/plugins/timthumb.php?src=http://www.assemblee-nationale.mg/wp-content/plugins/internet/2014/85.jpg&w=200&h=auto,Antsalova,Député,,2013
National Assembly,Vakinankaratra,http://www.assemblee-nationale.mg/?depute=rambolamanana-jean-guy-honore,RAMBOLAMANANA Jean Guy Honoré,Indépendant,http://www.assemblee-nationale.mg/wp-content/themes/ct/aero/plugins/timthumb.php?src=http://www.assemblee-nationale.mg/wp-content/plugins/internet/2014/86.jpg&w=200&h=auto,Betafo,Député,,2013
National Assembly,Androy,http://www.assemblee-nationale.mg/?depute=randria-joseph,RANDRIA Joseph,MAPAR,http://www.assemblee-nationale.mg/wp-content/themes/ct/aero/plugins/timthumb.php?src=http://www.assemblee-nationale.mg/wp-content/plugins/internet/2014/87.jpg&w=200&h=auto,Beloha,Notice: Undefined property: WP_Error::$name in /var/www/html/assemblee/wp-content/plugins/internet/tpl_deputes.php on line 53,,2013
National Assembly,Bongolava,http://www.assemblee-nationale.mg/?depute=ranaivoson-andrianavalona-fanomezanjaka-pierrot,RANAIVOSON ANDRIANAVALONA Fanomezanjaka Pierrot,Indépendant,http://www.assemblee-nationale.mg/wp-content/themes/ct/aero/plugins/timthumb.php?src=http://www.assemblee-nationale.mg/wp-content/plugins/internet/2014/88.jpg&w=200&h=auto,Fenoarivo Be,Notice: Trying to get property of non-object in /var/www/html/assemblee/wp-content/plugins/internet/tpl_deputes.php on line 53,,2013
National Assembly,Vatovavy Fitovinany,http://www.assemblee-nationale.mg/?depute=ramparany-ramanana-anthelme,MANANJARA Ruffine Aurelie,Indépendant,http://www.assemblee-nationale.mg/wp-content/themes/ct/aero/plugins/timthumb.php?src=http://www.assemblee-nationale.mg/wp-content/plugins/internet/2014/89.jpg&w=200&h=auto,Manajary,Député,,2013
National Assembly,Alaotra Mangoro,http://www.assemblee-nationale.mg/?depute=randriamahefa-henri-charles,RANDRIAMAHEFA Henri Charles,Indépendant,http://www.assemblee-nationale.mg/wp-content/themes/ct/aero/plugins/timthumb.php?src=http://www.assemblee-nationale.mg/wp-content/plugins/internet/2014/90.jpg&w=200&h=auto,Moramanga,Président de commission,,2013
National Assembly,Vakinankaratra,http://www.assemblee-nationale.mg/?depute=randriamampianina-ramilison,RANDRIAMAMPIANINA Ramilison,M. RAVALOMANANA,http://www.assemblee-nationale.mg/wp-content/themes/ct/aero/plugins/timthumb.php?src=http://www.assemblee-nationale.mg/wp-content/plugins/internet/2014/91.jpg&w=200&h=auto,Antanifotsy,Député,,2013
National Assembly,Analamanga,http://www.assemblee-nationale.mg/?depute=randriamandimbisoa-felix-marie-louis,RANDRIAMANDIMBISOA Félix Marie Louis,M. RAVALOMANANA,http://www.assemblee-nationale.mg/wp-content/themes/ct/aero/plugins/timthumb.php?src=http://www.assemblee-nationale.mg/wp-content/plugins/internet/2014/92.jpg&w=200&h=auto,Antananarivo IV,Député,,2013
National Assembly,Analamanga,http://www.assemblee-nationale.mg/?depute=randriambolaina-gerry,RANDRIAMBOLAINA Gerry,M. RAVALOMANANA,http://www.assemblee-nationale.mg/wp-content/themes/ct/aero/plugins/timthumb.php?src=http://www.assemblee-nationale.mg/wp-content/plugins/internet/2014/93.jpg&w=200&h=auto,Antananarivo Avaradrano,Député,,2013
National Assembly,Melaky,http://www.assemblee-nationale.mg/?depute=randriamialisoa-willison,RANDRIAMIALISOA Willison,Indépendant,http://www.assemblee-nationale.mg/wp-content/themes/ct/aero/plugins/timthumb.php?src=http://www.assemblee-nationale.mg/wp-content/plugins/internet/2014/94.jpg&w=200&h=auto,Ambatomainty,Député,,2013
National Assembly,Atsimoandrefana,http://www.assemblee-nationale.mg/?depute=randrianandraina-theophile-christian,RANDRIANANDRAINA Théophile Christian,Indépendant,http://www.assemblee-nationale.mg/wp-content/themes/ct/aero/plugins/timthumb.php?src=http://www.assemblee-nationale.mg/wp-content/plugins/internet/2014/95.jpg&w=200&h=auto,Benenitra,Député,,2013
National Assembly,Vakinankaratra,http://www.assemblee-nationale.mg/?depute=randrianantenaina-olivier-anthonny-jose,RANDRIANANTENAINA Olivier Anthonny José,M. RAVALOMANANA,http://www.assemblee-nationale.mg/wp-content/themes/ct/aero/plugins/timthumb.php?src=http://www.assemblee-nationale.mg/wp-content/plugins/internet/2014/96.jpg&w=200&h=auto,Antsirabe II,Président de commission,,2013
National Assembly,Analamanga,http://www.assemblee-nationale.mg/?depute=randrianarisoa-guy-celin-rivoniaina,RANDRIANARISOA Guy Célin Rivoniaina,M. RAVALOMANANA,http://www.assemblee-nationale.mg/wp-content/themes/ct/aero/plugins/timthumb.php?src=http://www.assemblee-nationale.mg/wp-content/plugins/internet/2014/97.jpg&w=200&h=auto,Antananarivo V,Questeur chargé de la Bonne Gouvernance et de la Transparence,,2013
National Assembly,Atsinanana,http://www.assemblee-nationale.mg/?depute=rakotonimanana-solonirina-andriambelovololona,RAKOTONIMANANA Solonirina Andriambelovololona,Indépendant,http://www.assemblee-nationale.mg/wp-content/themes/ct/aero/plugins/timthumb.php?src=http://www.assemblee-nationale.mg/wp-content/plugins/internet/2014/98.jpg&w=200&h=auto,Brickaville,Député,,2013
National Assembly,Analamanga,http://www.assemblee-nationale.mg/?depute=randrianarisoa-nee-ramahatodisolomanana-vaonalaroy-vaonalaroy,RANDRIANARISOA Stanislas,Indépendant,http://www.assemblee-nationale.mg/wp-content/themes/ct/aero/plugins/timthumb.php?src=http://www.assemblee-nationale.mg/wp-content/plugins/internet/2014/99.jpg&w=200&h=auto,Antananarivo II,Député,,2013
National Assembly,Vakinankaratra,http://www.assemblee-nationale.mg/?depute=randrianasolo-dera-louis-charles,RANDRIANASOLO Dera Louis Charles,MAPAR,http://www.assemblee-nationale.mg/wp-content/themes/ct/aero/plugins/timthumb.php?src=http://www.assemblee-nationale.mg/wp-content/plugins/internet/2014/100.jpg&w=200&h=auto,Antanifotsy,Député,,2013
National Assembly,Anosy,http://www.assemblee-nationale.mg/?depute=randrianasolo-jean-nicolas,RANDRIANASOLO Jean Nicolas,MAPAR,http://www.assemblee-nationale.mg/wp-content/themes/ct/aero/plugins/timthumb.php?src=http://www.assemblee-nationale.mg/wp-content/plugins/internet/2014/101.jpg&w=200&h=auto,Betroka,Président de commission,,2013
National Assembly,Atsimo Atsinanana,http://www.assemblee-nationale.mg/?depute=randrianasolo-volatiana-pauline,RANDRIANASOLO Volatiana Pauline,MAPAR,http://www.assemblee-nationale.mg/wp-content/themes/ct/aero/plugins/timthumb.php?src=http://www.assemblee-nationale.mg/wp-content/plugins/internet/2014/102.jpg&w=200&h=auto,Vondrozo,Président de commission,,2013
National Assembly,Atsimoandrefana,http://www.assemblee-nationale.mg/?depute=randrianasoloniaiko-siteny-thierry,RANDRIANASOLONIAIKO Siteny Thierry,Indépendant,http://www.assemblee-nationale.mg/wp-content/themes/ct/aero/plugins/timthumb.php?src=http://www.assemblee-nationale.mg/wp-content/plugins/internet/2014/103.jpg&w=200&h=auto,Toliary I,"Questeur chargé de l’Administration, du Budget et du Personnel",,2013
National Assembly,Haute Matsiatra,http://www.assemblee-nationale.mg/?depute=randrianatoavina-jean-martin,RANDRIANATOAVINA Jean Martin,Indépendant,http://www.assemblee-nationale.mg/wp-content/themes/ct/aero/plugins/timthumb.php?src=http://www.assemblee-nationale.mg/wp-content/plugins/internet/2014/104.jpg&w=200&h=auto,Vohibato,Député,,2013
National Assembly,Vakinankaratra,http://www.assemblee-nationale.mg/?depute=randrianjanahary-soloniaina-olivier,RANDRIANJANAHARY Soloniaina Olivier,Indépendant,http://www.assemblee-nationale.mg/wp-content/themes/ct/aero/plugins/timthumb.php?src=http://www.assemblee-nationale.mg/wp-content/plugins/internet/2014/105.jpg&w=200&h=auto,Ambatolampy,Notice: Undefined property: WP_Error::$name in /var/www/html/assemblee/wp-content/plugins/internet/tpl_deputes.php on line 53,,2013
National Assembly,Ihorombe,http://www.assemblee-nationale.mg/?depute=randrianoelina-razafimahefa-mamimalala-marie-josue-daniel,RANDRIANOELINA RAZAFIMAHEFA Mamimalala Marie Josué Daniel,Indépendant,http://www.assemblee-nationale.mg/wp-content/themes/ct/aero/plugins/timthumb.php?src=http://www.assemblee-nationale.mg/wp-content/plugins/internet/2014/106.jpg&w=200&h=auto,Ivohibe,Président de commission,,2013
National Assembly,Analamanga,http://www.assemblee-nationale.mg/?depute=randriarimalala-harijaona,RANDRIARIMALALA Harijaona,Indépendant,http://www.assemblee-nationale.mg/wp-content/themes/ct/aero/plugins/timthumb.php?src=http://www.assemblee-nationale.mg/wp-content/plugins/internet/2014/107.jpg&w=200&h=auto,Antananarivo Atsimondrano,Rapporteur adjoint de commission,,2013
National Assembly,Sofia,http://www.assemblee-nationale.mg/?depute=raphaelien-solofoniaina-emilien-narison,RAPHAELIEN Solofoniaina Emilien Narison,Indépendant,http://www.assemblee-nationale.mg/wp-content/themes/ct/aero/plugins/timthumb.php?src=http://www.assemblee-nationale.mg/wp-content/plugins/internet/2014/108.jpg&w=200&h=auto,Mampikony,Député,,2013
National Assembly,Boeny,http://www.assemblee-nationale.mg/?depute=rasalama-leon,RASALAMA Léon,MAPAR,http://www.assemblee-nationale.mg/wp-content/themes/ct/aero/plugins/timthumb.php?src=http://www.assemblee-nationale.mg/wp-content/plugins/internet/2014/109.jpg&w=200&h=auto,Mahajanga II,Notice: Undefined property: WP_Error::$name in /var/www/html/assemblee/wp-content/plugins/internet/tpl_deputes.php on line 53,,2013
National Assembly,Boeny,http://www.assemblee-nationale.mg/?depute=rasoaherinjatovo-bodovoahangy-dimitrine,RASOAHERINJATOVO Bodovoahangy Dimitrine,VP-MMM,http://www.assemblee-nationale.mg/wp-content/themes/ct/aero/plugins/timthumb.php?src=http://www.assemblee-nationale.mg/wp-content/plugins/internet/2014/110.jpg&w=200&h=auto,Ambato Boeny,Député,,2013
National Assembly,Analamanga,http://www.assemblee-nationale.mg/?depute=rasoanoromalala-marie-horace,RASOANOROMALALA Marie Horace,M. RAVALOMANANA,http://www.assemblee-nationale.mg/wp-content/themes/ct/aero/plugins/timthumb.php?src=http://www.assemblee-nationale.mg/wp-content/plugins/internet/2014/111.jpg&w=200&h=auto,Antananarivo VI,Député,,2013
National Assembly,Betsiboka,http://www.assemblee-nationale.mg/?depute=rasoarimalala-georgette,RASOARIMALALA Georgette,M. RAVALOMANANA,http://www.assemblee-nationale.mg/wp-content/themes/ct/aero/plugins/timthumb.php?src=http://www.assemblee-nationale.mg/wp-content/plugins/internet/2014/112.jpg&w=200&h=auto,Maevatanàna,Député,,2013
National Assembly,Vakinankaratra,http://www.assemblee-nationale.mg/?depute=rasolonjatovo-honore,RASOLONJATOVO Honoré,Indépendant,http://www.assemblee-nationale.mg/wp-content/themes/ct/aero/plugins/timthumb.php?src=http://www.assemblee-nationale.mg/wp-content/plugins/internet/2014/113.jpg&w=200&h=auto,Faratsiho,Notice: Trying to get property of non-object in /var/www/html/assemblee/wp-content/plugins/internet/tpl_deputes.php on line 53,,2013
National Assembly,Haute Matsiatra,http://www.assemblee-nationale.mg/?depute=rasolonomenjanahary-fidelis-justin,RASOLONOMENJANAHARY Fidélis Justin,M. RAVALOMANANA,http://www.assemblee-nationale.mg/wp-content/themes/ct/aero/plugins/timthumb.php?src=http://www.assemblee-nationale.mg/wp-content/plugins/internet/2014/114.jpg&w=200&h=auto,Ambohimahasoa,Député,,2013
National Assembly,Betsiboka,http://www.assemblee-nationale.mg/?depute=ratefiarivony-jaona,RATEFIARIVONY Jaona,Indépendant,http://www.assemblee-nationale.mg/wp-content/themes/ct/aero/plugins/timthumb.php?src=http://www.assemblee-nationale.mg/wp-content/plugins/internet/2014/115.jpg&w=200&h=auto,Tsaratanàna,Député,,2013
National Assembly,Analamanga,http://www.assemblee-nationale.mg/?depute=ratsimbazafy-luc,RATSIMBAZAFY Luc,Indépendant,http://www.assemblee-nationale.mg/wp-content/themes/ct/aero/plugins/timthumb.php?src=http://www.assemblee-nationale.mg/wp-content/plugins/internet/2014/116.jpg&w=200&h=auto,Ambohidratrimo,Vice-président de commission,,2013
National Assembly,Analamanga,http://www.assemblee-nationale.mg/?depute=ratsivalaka-nee-raheriarivo-marie-michelle-marie-michelle,RATSIVALAKA née RAHERIARIVO Marie Michelle,MAPAR,http://www.assemblee-nationale.mg/wp-content/themes/ct/aero/plugins/timthumb.php?src=http://www.assemblee-nationale.mg/wp-content/plugins/internet/2014/117.jpg&w=200&h=auto,Antananarivo I,Député,,2013
National Assembly,Itasy,http://www.assemblee-nationale.mg/?depute=ravahimanana-guillaume-marie-ubald,RAVAHIMANANA Guillaume Marie Ubald,M. RAVALOMANANA,http://www.assemblee-nationale.mg/wp-content/themes/ct/aero/plugins/timthumb.php?src=http://www.assemblee-nationale.mg/wp-content/plugins/internet/2014/118.jpg&w=200&h=auto,Miarinarivo,Président de commission,,2013
National Assembly,Sava,http://www.assemblee-nationale.mg/?depute=raveloarivonjy-behavana-behavana,RAVELOARIVONJY Behavana,Indépendant,http://www.assemblee-nationale.mg/wp-content/themes/ct/aero/plugins/timthumb.php?src=http://www.assemblee-nationale.mg/wp-content/plugins/internet/2014/119.jpg&w=200&h=auto,Sambava,Président de commission,,2013
National Assembly,Vakinankaratra,http://www.assemblee-nationale.mg/?depute=ravelohanitra-nirina-nirina,RAVELOHANITRA Nirina,M. RAVALOMANANA,http://www.assemblee-nationale.mg/wp-content/themes/ct/aero/plugins/timthumb.php?src=http://www.assemblee-nationale.mg/wp-content/plugins/internet/2014/120.jpg&w=200&h=auto,Antsirabe II,Président de commission,,2013
National Assembly,Analamanga,http://www.assemblee-nationale.mg/?depute=ravelonanosy-mamy-tiana-telesphore-gerard,RAVELONANOSY Mamy Tiana Télésphore Gérard,-,http://www.assemblee-nationale.mg/wp-content/themes/ct/aero/plugins/timthumb.php?src=http://www.assemblee-nationale.mg/wp-content/plugins/internet/2014/121.jpg&w=200&h=auto,Ankazobe,Président de commission,,2013
National Assembly,Menabe,http://www.assemblee-nationale.mg/?depute=raveloson-ludovic-adrien,RAVELOSON Ludovic Adrien,MAPAR,http://www.assemblee-nationale.mg/wp-content/themes/ct/aero/plugins/timthumb.php?src=http://www.assemblee-nationale.mg/wp-content/plugins/internet/2014/122.jpg&w=200&h=auto,Mahabo,Notice: Undefined property: WP_Error::$name in /var/www/html/assemblee/wp-content/plugins/internet/tpl_deputes.php on line 53,,2013
National Assembly,Haute Matsiatra,http://www.assemblee-nationale.mg/?depute=razafimahatratra-jean-daniel-christian,RAZAFIMAHATRATRA Jean Daniel Christian,Indépendant,http://www.assemblee-nationale.mg/wp-content/themes/ct/aero/plugins/timthumb.php?src=http://www.assemblee-nationale.mg/wp-content/plugins/internet/2014/123.jpg&w=200&h=auto,Ambalavao,Président de commission,,2013
National Assembly,Analamanga,http://www.assemblee-nationale.mg/?depute=razafimanantsoa-lobo-hanitriniaina,RAZAFIMANANTSOA Lobo Hanitriniaina,M. RAVALOMANANA,http://www.assemblee-nationale.mg/wp-content/themes/ct/aero/plugins/timthumb.php?src=http://www.assemblee-nationale.mg/wp-content/plugins/internet/2014/124.jpg&w=200&h=auto,Antananarivo I,Vice-président Antananarivo,,2013
National Assembly,Ihorombe,http://www.assemblee-nationale.mg/?depute=razafimandimby-germain-boniface,RAZAFIMANDIMBY Germain Boniface,Indépendant,http://www.assemblee-nationale.mg/wp-content/themes/ct/aero/plugins/timthumb.php?src=http://www.assemblee-nationale.mg/wp-content/plugins/internet/2014/125.jpg&w=200&h=auto,Ihosy,Député,,2013
National Assembly,Atsimo Atsinanana,http://www.assemblee-nationale.mg/?depute=razafimily-constance,RAZAFIMILY Constance,Leader Fanilo,http://www.assemblee-nationale.mg/wp-content/themes/ct/aero/plugins/timthumb.php?src=http://www.assemblee-nationale.mg/wp-content/plugins/internet/2014/126.jpg&w=200&h=auto,Vangaindrano,Président de commission,,2013
National Assembly,Atsinanana,http://www.assemblee-nationale.mg/?depute=razafinandrasana-raulan,RAZAFINANDRASANA Raulan,Indépendant,http://www.assemblee-nationale.mg/wp-content/themes/ct/aero/plugins/timthumb.php?src=http://www.assemblee-nationale.mg/wp-content/plugins/internet/2014/127.jpg&w=200&h=auto,Vatomandry,Député,,2013
National Assembly,Vatovavy Fitovinany,http://www.assemblee-nationale.mg/?depute=razafindrafito-lova-narivelo,RAZAFINDRAFITO Lova Narivelo,Indépendant,http://www.assemblee-nationale.mg/wp-content/themes/ct/aero/plugins/timthumb.php?src=http://www.assemblee-nationale.mg/wp-content/plugins/internet/2014/128.jpg&w=200&h=auto,Ifanadina,Député,,2013
National Assembly,Atsimoandrefana,http://www.assemblee-nationale.mg/?depute=razafindrakoto-harifanja-francette,RAZAFINDRAKOTO Harifanja Francette,Indépendant,http://www.assemblee-nationale.mg/wp-content/themes/ct/aero/plugins/timthumb.php?src=http://www.assemblee-nationale.mg/wp-content/plugins/internet/2014/129.jpg&w=200&h=auto,Beroroha,Président de commission,,2013
National Assembly,Analanjirofo,http://www.assemblee-nationale.mg/?depute=razafindravelo-hermann,RAZAFINDRAVELO Hermann,MAPAR,http://www.assemblee-nationale.mg/wp-content/themes/ct/aero/plugins/timthumb.php?src=http://www.assemblee-nationale.mg/wp-content/plugins/internet/2014/130.jpg&w=200&h=auto,Fénérive Est,Vice-président Toamasina,,2013
National Assembly,Vatovavy Fitovinany,http://www.assemblee-nationale.mg/?depute=razafintsiandraofa-jean-brunelle,RAZAFINTSIANDRAOFA Jean Brunelle,MAPAR,http://www.assemblee-nationale.mg/wp-content/themes/ct/aero/plugins/timthumb.php?src=http://www.assemblee-nationale.mg/wp-content/plugins/internet/2014/131.jpg&w=200&h=auto,Ikongo,Vice-président de commission,,2013
National Assembly,Analanjirofo,http://www.assemblee-nationale.mg/?depute=razanadrabearimanana-jacques-aurelien,RAZANADRABEARIMANANA Jacques Aurélien,MAPAR,http://www.assemblee-nationale.mg/wp-content/themes/ct/aero/plugins/timthumb.php?src=http://www.assemblee-nationale.mg/wp-content/plugins/internet/2014/132.jpg&w=200&h=auto,Vavatenina,Rapporteur adjoint de commission,,2013
National Assembly,Analamanga,http://www.assemblee-nationale.mg/?depute=razanakoto,RAZANAKOTO -,Leader Fanilo,http://www.assemblee-nationale.mg/wp-content/themes/ct/aero/plugins/timthumb.php?src=http://www.assemblee-nationale.mg/wp-content/plugins/internet/2014/133.jpg&w=200&h=auto,Andramasina,Député,,2013
National Assembly,Amoronimania,http://www.assemblee-nationale.mg/?depute=razanamahasoa-christine-harijaona,RAZANAMAHASOA Christine Harijaona,MAPAR,http://www.assemblee-nationale.mg/wp-content/themes/ct/aero/plugins/timthumb.php?src=http://www.assemblee-nationale.mg/wp-content/plugins/internet/2014/134.jpg&w=200&h=auto,Ambatofinandrahana,Député,,2013
National Assembly,Haute Matsiatra,http://www.assemblee-nationale.mg/?depute=razaranaina-nomenirina,RAZARANAINA Nomenirina,Indépendant,http://www.assemblee-nationale.mg/wp-content/themes/ct/aero/plugins/timthumb.php?src=http://www.assemblee-nationale.mg/wp-content/plugins/internet/2014/135.jpg&w=200&h=auto,Fianarantsoa I,Député,,2013
National Assembly,Sofia,http://www.assemblee-nationale.mg/?depute=remi,REMI,VP-MMM,http://www.assemblee-nationale.mg/wp-content/themes/ct/aero/plugins/timthumb.php?src=http://www.assemblee-nationale.mg/wp-content/plugins/internet/2014/136.jpg&w=200&h=auto,Antsohihy,Vice-président Mahajanga,,2013
National Assembly,Haute Matsiatra,http://www.assemblee-nationale.mg/?depute=rivotiana-richard-jean-bosco,RIVOTIANA Richard Jean Bosco,Indépendant,http://www.assemblee-nationale.mg/wp-content/themes/ct/aero/plugins/timthumb.php?src=http://www.assemblee-nationale.mg/wp-content/plugins/internet/2014/137.jpg&w=200&h=auto,Lalangina,Président de commission,,2013
National Assembly,Atsimoandrefana,http://www.assemblee-nationale.mg/?depute=rochelin-houssen,ROCHELIN Houssen,Indépendant,http://www.assemblee-nationale.mg/wp-content/themes/ct/aero/plugins/timthumb.php?src=http://www.assemblee-nationale.mg/wp-content/plugins/internet/2014/138.jpg&w=200&h=auto,Toliary II,Député,,2013
National Assembly,Atsinanana,http://www.assemblee-nationale.mg/?depute=roilahy,ROILAHY,MAPAR,http://www.assemblee-nationale.mg/wp-content/themes/ct/aero/plugins/timthumb.php?src=http://www.assemblee-nationale.mg/wp-content/plugins/internet/2014/139.jpg&w=200&h=auto,Toamasina II,Rapporteur de commission,,2013
National Assembly,Diana,http://www.assemblee-nationale.mg/?depute=sebany-mouhamed,SEBANY Mouhamed,MAPAR,http://www.assemblee-nationale.mg/wp-content/themes/ct/aero/plugins/timthumb.php?src=http://www.assemblee-nationale.mg/wp-content/plugins/internet/2014/140.jpg&w=200&h=auto,Ambilobe,Vice-président de commission,,2013
National Assembly,Analanjirofo,http://www.assemblee-nationale.mg/?depute=tody-arnaud,TODY Arnaud,Indépendant,http://www.assemblee-nationale.mg/wp-content/themes/ct/aero/plugins/timthumb.php?src=http://www.assemblee-nationale.mg/wp-content/plugins/internet/2014/141.jpg&w=200&h=auto,Soanierana Ivongo,Rapporteur de commission,,2013
National Assembly,Vatovavy Fitovinany,http://www.assemblee-nationale.mg/?depute=tsabotokay-honore,TSABOTOKAY Honoré,Indépendant,http://www.assemblee-nationale.mg/wp-content/themes/ct/aero/plugins/timthumb.php?src=http://www.assemblee-nationale.mg/wp-content/plugins/internet/2014/142.jpg&w=200&h=auto,Vohipeno,Député,,2013
National Assembly,Atsimo Atsinanana,http://www.assemblee-nationale.mg/?depute=vanovason-jean-adrien,VANOVASON Jean Adrien,MAPAR,http://www.assemblee-nationale.mg/wp-content/themes/ct/aero/plugins/timthumb.php?src=http://www.assemblee-nationale.mg/wp-content/plugins/internet/2014/143.jpg&w=200&h=auto,Vangaindrano,Questeur chargé des Relations Publiques et de la Législation,,2013
National Assembly,Sofia,http://www.assemblee-nationale.mg/?depute=velontsara-paul-bert,VELONTSARA Paul Bert,Indépendant,http://www.assemblee-nationale.mg/wp-content/themes/ct/aero/plugins/timthumb.php?src=http://www.assemblee-nationale.mg/wp-content/plugins/internet/2014/144.jpg&w=200&h=auto,Port Berger,Député,,2013
National Assembly,Sofia,http://www.assemblee-nationale.mg/?depute=volahaingo-marie-therese,VOLAHAINGO Marie Thérèse,VP-MMM,http://www.assemblee-nationale.mg/wp-content/themes/ct/aero/plugins/timthumb.php?src=http://www.assemblee-nationale.mg/wp-content/plugins/internet/2014/145.jpg&w=200&h=auto,Bealanana,Président de commission,,2013
National Assembly,Vatovavy Fitovinany,http://www.assemblee-nationale.mg/?depute=volony-jimmy,VOLONY Jimmy,MAPAR,http://www.assemblee-nationale.mg/wp-content/themes/ct/aero/plugins/timthumb.php?src=http://www.assemblee-nationale.mg/wp-content/plugins/internet/2014/146.jpg&w=200&h=auto,Nosy Varika,Député,,2013
National Assembly,Vatovavy Fitovinany,http://www.assemblee-nationale.mg/?depute=zafimahatratra-abel,ZAFIMAHATRATRA Abel,MAPAR,http://www.assemblee-nationale.mg/wp-content/themes/ct/aero/plugins/timthumb.php?src=http://www.assemblee-nationale.mg/wp-content/plugins/internet/2014/147.jpg&w=200&h=auto,Manakara,Président de commission,,2013
National Assembly,Diana,http://www.assemblee-nationale.mg/?depute=5519,SOLAIMANA Mahamodo,VPM-MMM,http://www.assemblee-nationale.mg/wp-content/themes/ct/aero/plugins/timthumb.php?src=http://www.assemblee-nationale.mg/wp-content/plugins/internet/2014/148.jpg&w=200&h=auto,Ambanja,Notice: Undefined property: WP_Error::$name in /var/www/html/assemblee/wp-content/plugins/internet/tpl_deputes.php on line 53,,2013
National Assembly,Menabe,http://www.assemblee-nationale.mg/?depute=5520,RAKOTOZANAKOLONA Paul,HIARAKA ISIKA,http://www.assemblee-nationale.mg/wp-content/themes/ct/aero/plugins/timthumb.php?src=http://www.assemblee-nationale.mg/wp-content/plugins/internet/2014/149.jpg&w=200&h=auto,Belo Tsiribihina,Notice: Undefined property: WP_Error::$name in /var/www/html/assemblee/wp-content/plugins/internet/tpl_deputes.php on line 53,,2013
National Assembly,,http://www.assemblee-nationale.mg/?depute=5521,RAVONINJATOVO Sahoby,Indépendant,http://www.assemblee-nationale.mg/wp-content/themes/ct/aero/plugins/timthumb.php?src=http://www.assemblee-nationale.mg/wp-content/plugins/internet/2014/150.jpg&w=200&h=auto,Sainte Marie,Notice: Undefined property: WP_Error::$name in /var/www/html/assemblee/wp-content/plugins/internet/tpl_deputes.php on line 53,,2013
National Assembly,Analanjirofo,http://www.assemblee-nationale.mg/?depute=5522,TSIVOULANGNE Maximin,Indépendant,http://www.assemblee-nationale.mg/wp-content/themes/ct/aero/plugins/timthumb.php?src=http://www.assemblee-nationale.mg/wp-content/plugins/internet/2014/151.jpg&w=200&h=auto,Sainte Marie,Notice: Undefined property: WP_Error::$name in /var/www/html/assemblee/wp-content/plugins/internet/tpl_deputes.php on line 53,,2013
