id,name__ru,name__fr,name__en,name__uk,name__hr,name__de,name__nl,name__sh,name__nb,name__da,name__nn,name__sv,name,wikipedia__de,wikipedia__en,wikipedia__fr,wikipedia__hr,wikipedia__ru,wikipedia__sh,wikipedia__uk,image,gender,birth_date,identifier__freebase,given_name,name__pl,name__pt,name__sr,name__es,wikipedia__es,wikipedia__pl,wikipedia__pt,wikipedia__sr,death_date,name__sl,name__zh,wikipedia__sl,wikipedia__zh,wikipedia__enwikiquote,wikipedia__hrwikiquote,identifier__EuroparlMEP,name__fi,wikipedia__fi,wikipedia__sv,name__sr_el,name__sr_ec,identifier__VIAF,name__bs,wikipedia__bs,wikipedia__nl,name__nan,name__lb,name__ko,name__be,name__oc,name__yo,name__ie,name__it,name__gl,name__et,name__ja,name__sq,name__el,name__ar,name__eo,name__sk,name__mn,name__tr,name__ca,name__be_tarask,name__la,name__cs,name__io,name__bg,name__ka,name__eu,name__fa,wikipedia__ar,wikipedia__be_x_old,wikipedia__be,wikipedia__bg,wikipedia__ca,wikipedia__cs,wikipedia__da,wikipedia__el,wikipedia__eo,wikipedia__et,wikipedia__eu,wikipedia__fa,wikipedia__gl,wikipedia__ie,wikipedia__io,wikipedia__it,wikipedia__ja,wikipedia__ka,wikipedia__ko,wikipedia__la,wikipedia__lb,wikipedia__mn,wikipedia__no,wikipedia__oc,wikipedia__sk,wikipedia__sq,wikipedia__tr,wikipedia__yo,wikipedia__zh_min_nan,family_name,wikipedia__srwikiquote,identifier__ISNI,identifier__LCAuth,identifier__SUDOC,identifier__NUKAT,identifier__GND,website,name__tw,wikipedia__commons,wikipedia__tw,wikipedia__bswikiquote,name__af,name__an,name__ast,name__bar,name__br,name__co,name__cy,name__fur,name__ga,name__gd,name__gsw,name__hu,name__is,name__li,name__lij,name__lmo,name__lt,name__nap,name__nds,name__nds_nl,name__pcd,name__pms,name__rm,name__ro,name__sc,name__scn,name__sco,name__vec,name__vls,name__wa,name__pt_br,name__he,name__vi,name__hy,name__id,wikipedia__cswikiquote,wikipedia__he,wikipedia__hy,wikipedia__id,wikipedia__lmo,wikipedia__simple,wikipedia__vi,identifier__Munzinger,wikipedia__hrwikisource,identifier__parlement,wikipedia__hu,original_wikiname,identifier__FAST,name__zh_hans,identifier__Britannica,name__ku,wikipedia__ku,name__en_ca,name__en_gb,name__bn,name__lv,wikipedia__bn,wikipedia__lt,wikipedia__lv,wikipedia__nn,identifier__IIAF,twitter,facebook,last_seen,name__zh_hant,name__zh_cn,identifier__PACE,wikipedia__mk,name__mk,identifier__IMDB,name__bm,name__de_at,name__de_ch,name__frc,name__frp,name__ia,name__jam,name__kab,name__kg,name__mg,name__min,name__ms,name__nrm,name__pap,name__prg,name__rgn,name__sw,name__vmf,name__vo,name__wo,name__zu,occupation,identifier__BNF,identifier__NKC,identifier__NLP,name__uz,wikipedia__hsb,name__hsb,identifier__google_knowledge,wikipedia__srwikinews,identifier__NSK,identifier__goodreads,identifier__CONOR,identifier__quora,name__te,name__ext,identifier__ioc_athlete,identifier__GTAA
Q10853815,,Mirando Mrsić,Mirando Mrsić,,Mirando Mrsić,Mirando Mrsić,Mirando Mrsić,Mirando Mrsić,,,,,Mirando Mrsić,,Mirando Mrsić,Mirando Mrsić,Mirando Mrsić,,Mirando Mrsić,,https://upload.wikimedia.org/wikipedia/commons/d/d9/M_mrsic.jpg,male,1959-10-14,,Mirando,Mirando Mrsić,,,,,Mirando Mrsić,,,,,,,,,,,,,,,,,,,,,,,,,,,,,,,,,,,,,,,,,,,,,,,,,,,,,,,,,,,,,,,,,,,,,,,,,,,,,,,,,,,,,,,,,,,,,,,,,,,,,,,,,,,,,,,,,,,,,,,,,,,,,,,,,,,,,,Mirando Mrsić,,,,,,,,,,,,,,,,,,,,,,,,,,,,,,,,,,,,,,,,,,,,,politician,,,,,,,,,,,,,,,,
Q11074254,,Biljana Borzan,Biljana Borzan,,Biljana Borzan,Biljana Borzan,Biljana Borzan,Biljana Borzan,,,,,Biljana Borzan,Biljana Borzan,Biljana Borzan,Biljana Borzan,Biljana Borzan,,Biljana Borzan,,https://upload.wikimedia.org/wikipedia/commons/a/ad/Biljana_Borzan_-_Croatian_part-_Citizens'_Corner_debate_on_gender_equality_in_EU_labour_markets_(31691251574).jpg,female,1971-11-29,,Biljana,Biljana Borzan,,,,,Biljana Borzan,,,,,,,,,,112748,,,,,,,,,Biljana Borzan,,,,,,,,,,,,,,,,,,,,,,,,,,,,,,,,,,,,,,,,,,,,,,,,,,,,,,,,,,,,,,,,,,Category:Biljana Borzan,,,,,,,,,,,,,,,,,,,,,,,,,,,,,,,,,,,,,,,,,,,,,,,,,Biljana Borzan,,,,,,,,,,,,,,,,,,,,,,,,,,,,,,,,,,,,,,,,,,,,,politician,,,,,,,,,,,,,,,,
Q11143940,,,Tihomir Jakovina,,,,,Tihomir Jakovina,,,,,Tihomir Jakovina,,,,,,Tihomir Jakovina,,,male,,,Tihamér,,,,,,,,,,,,,,,,,,,,,,,,,,,,,,,,,,,,,,,,,,,,,,,,,,,,,,,,,,,,,,,,,,,,,,,,,,,,,,,,,,,,,,,,,,,,,,,,,,,,,,,,,,,,,,,,,,,,,,,,,,,,,,,,,,,,,,,,,,,,Tihomir Jakovina,,,,,,,,,,,,,,,,,,,,,,,,,,,,,,,,,,,,,,,,,,,,,,,,,,,,,,,,,,,,,
Q11655642,,Nikola Vuljanić,Nikola Vuljanić,,Nikola Vuljanić,Nikola Vuljanić,Nikola Vuljanić,Nikola Vuljanić,,,,,Nikola Vuljanić,Nikola Vuljanić,Nikola Vuljanić,Nikola Vuljanić,Nikola Vuljanić,,Nikola Vuljanić,,,male,1949-06-25,/m/0w5y73s,Nikola,Nikola Vuljanić,,,,,Nikola Vuljanić,,,,,,,,,,112760,,,,,,305507390,,,,,,,,,,,Nikola Vuljanić,,,,,,,,,,,,,,,,,,,,,,,,,,,,,,,,,,,,,,,,,,,,,,,,,,,,,,,,,,,,,,,,,,,,,,,,,,,,,,,,,,,,,,,,,,,,,,,,,,,,,,,,,,,Nikola Vuljanić,,,,,,,,,,,,,,,,,,,,,,,,,,,,,,,,,,,,,,,,,,,,,politician,,,,,,,,,,,,,,,,
Q11685764,"Пленкович, Андрей",Andrej Plenković,Andrej Plenković,Андрей Пленкович,Andrej Plenković,Andrej Plenković,Andrej Plenković,Andrej Plenković,Andrej Plenković,Andrej Plenković,Andrej Plenković,Andrej Plenković,Andrej Plenković,Andrej Plenković,Andrej Plenković,Andrej Plenković,Andrej Plenković,"Пленкович, Андрей",Andrej Plenković,Андрей Пленкович,https://upload.wikimedia.org/wikipedia/commons/9/94/Andrej_Plenković_2015_(cropped).jpg,male,1970-04-08,/m/0wktn5c,Andrej,Andrej Plenković,Andrej Plenković,Andrej Plenković,Andrej Plenković,Andrej Plenković,Andrej Plenković,Andrej Plenković,Andrej Plenković,,,安德烈·普蘭科維奇,,安德烈·普蘭科維奇,,,112755,Andrej Plenković,Andrej Plenković,Andrej Plenković,,,305511197,,,Andrej Plenković,,,안드레이 플렌코비치,Андрай Пленкавіч,,,Andrej Plenković,Andrej Plenković,Andrej Plenković,Andrej Plenković,アンドレイ・,,,أندريه بلينكوفيتش,,Andrej Plenković,,Andrej Plenković,,,Andreas Plenković,Andrej Plenković,,Андрей Пленкович,,,,أندريه بلينكوفيتش,,Андрай Пленкавіч,Андрей Пленкович,,Andrej Plenković,,,,Andrej Plenković,,,,Andrej Plenković,,Andrej Plenković,,,안드레이 플렌코비치,Andreas Plenković,,,,,,,Andrej Plenković,,,,,0000 0004 2095 9673,,,,1116815389,,Andrej Plenković,Category:Andrej Plenković,Andrej Plenković,,,,,,,,,,,,,Andrej Plenković,,,,,,,,,,,,,,,,,,,Andrej Plenković,,,,,,,,,,,,,,,Andrej Plenković,Andrej Plenković,,,,,,,,,Andrējs Plēnkovičs,,,Andrējs Plēnkovičs,,,andrejplenkovic,,,,,,,Андреј Пленковиќ,,,,,,,,,,,,,,,,,,,,,,,politician,,,,,Andrej Plenković,Andrej Plenković,,,,,,,,,,
Q1254068,,Damir Kajin,Damir Kajin,,Damir Kajin,Damir Kajin,Damir Kajin,Damir Kajin,,,,,Damir Kajin,,Damir Kajin,,Damir Kajin,,Damir Kajin,,https://upload.wikimedia.org/wikipedia/commons/a/a1/Josipovic_Pusic_Kajin.jpg,male,1962-02-03,/m/058x23x,Damir,Damir Kajin,,,,,Damir Kajin,,,,,,,,,,,,,,,,,,,,,,,,,,,,,,,,,,,,,,,,,,,,,,,,,,,,,,,,,,,,,,,,,,,,,,,,,,,,,,,,,,,,,,,,,,,,,,,,,,,,,,,,,,,,,,,,,,,,,,,,,,,,,,,,,,,,,,Damir Kajin,,,,,,,,,,,,,,,,,,,,,,,,,,,,,,,,,,,,,,,,,,,,,politician,,,,,,,,,,,,,,,,
Q1256382,,,Petar Čobanković,,Petar Čobanković,,Petar Čobanković,Petar Čobanković,,,,,Petar Čobanković,,Petar Čobanković,,Petar Čobanković,,Petar Čobanković,,https://upload.wikimedia.org/wikipedia/commons/a/a8/Petar_Čobanković_25-06-09.jpg,male,1957-01-29,,Petar,Petar Čobanković,,,,,Petar Čobanković,,,,,,,,,,,,,,,,,,,,,,,,,,,,,,,,,,,,,,,,,,,,,,,,,,,,,,,,,,,,,,,,,,,,,,,,,,,,,,,,,,,,,,,,,,,,,,,,,,,,,,,,,,,,,,,,,,,,,,,,,,,,,,,,,,,,,,Petar Čobanković,,,,,,,,,,,,,,,,,,,,,,,,,,,,,,,,,,,,,,,,,,,,,,,,,,,,,,,,,,,,,
Q1256837,,Dragutin Lesar,Dragutin Lesar,,Dragutin Lesar,Dragutin Lesar,Dragutin Lesar,Dragutin Lesar,,,,,Dragutin Lesar,,Dragutin Lesar,,Dragutin Lesar,,Dragutin Lesar,,,male,1956-03-04,/m/0hgnfbl,Dragutin,Dragutin Lesar,,Драгутин Лесар,,,Dragutin Lesar,,Драгутин Лесар,,,,,,,,,,,,,,,,,,,,,,,,,,,,,,,,,,,,,,,,,,,,,,,,,,,,,,,,,,,,,,,,,,,,,,,,,,,,,,,,,,,,,,,,,,,,,,,,,,,,,,,,,,,,,,,,,,,,,,,,,,,,,,,,,,,,Драгутин Лесар,,,,,,,,,,,,,,,,,,,,,,,,,,,,,,,,,,,,,,,,,,,,,politician,,,,,,,,,,,,,,,,
Q1260118,,Ruža Tomašić,Ruža Tomašić,Ружа Томашич,Ruža Tomašić,Ruža Tomašić,Ruža Tomašić,Ruža Tomašić,,,,,Ruža Tomašić,Ruža Tomašić,Ruža Tomašić,Ruža Tomašić,Ruža Tomašić,,Ruža Tomašić,Ружа Томашич,https://upload.wikimedia.org/wikipedia/commons/6/65/Croatian_part-_Citizens’_Corner_debate_on_EU_policies_for_asylum_seekers_and_immigrants_(18432278524)_(cropped).jpg,female,1958-05-10,/m/0gmcml3,,Ruža Tomašić,,,,,Ruža Tomašić,,,,,,,,,,119431,,,,,,,,,,,,,,,,,,,,,,,,,,,,,,,,,,,,,,,,,,,,,,,,,,,,,,,,,,,,,,,,,,,,,,,,,,,Category:Ruža Tomašić,,,,,,,,,,,,,,,,,,,,,,,,,,,,,,,,,,,,,,,,,,,,,,,,,Ruža Tomašić,,,,,,,,,,,,,,,,,,,,,,,,,,,,,,,,,,,,,,,,,,,,,politician,,,,,,,,,,,,,,,,
Q1261965,,Mirela Holy,Mirela Holy,,Mirela Holy,Mirela Holy,Mirela Holy,Mirela Holy,,,,,Mirela Holy,Mirela Holy,Mirela Holy,Mirela Holy,Mirela Holy,,Mirela Holy,,https://upload.wikimedia.org/wikipedia/commons/b/b0/M_holy.jpg,female,1971-12-15,/m/0hrdg6g,Mirela,Mirela Holy,,Мирела Холи,Mirela Holy,,Mirela Holy,,Мирела Холи,,,,,,,,,,,,Mirela Holi,Мирела Холи,305618495,,,,,,,,,,,,,,ミレラ・ホリー,,,,,,,,,,,,,,,,,,,,,,,,,,,,,,,,,,,,,,,,,,,,,,,,,,,,,,,,,,,,,,,,,,,,,Mirela Holy,,,,,,,,,,,,,,,,,,,,,,,,,,,,,,,,,,,Мирела Холи,,,,,,,,,,,,,,,,,,,,,,,,,,,,,,,,,,,,,,,,,,,,,politician,,,,,,,,,,,,,,,,
Q12628147,,Boris Miletić,Boris Miletić,Борис Мілетич,Boris Miletić,Boris Miletić,Boris Miletić,Boris Miletić,Boris Miletić,Boris Miletić,Boris Miletić,Boris Miletić,Boris Miletić,,Boris Miletić,,Boris Miletić,,Boris Miletić,Борис Мілетич,https://upload.wikimedia.org/wikipedia/commons/9/99/Boris_Miletić.JPG,male,1975-09-02,,Boris,Boris Miletić,Boris Miletić,,Boris Miletić,,Boris Miletić,,,,Boris Miletić,博里斯·米萊蒂奇,,博里斯·米萊蒂奇,,,,Boris Miletić,,Boris Miletić,,,,Boris Miletić,,,,Boris Miletić,,,,,,Boris Miletić,Boris Miletić,Boris Miletić,,Boris Miletić,,,Boris Miletić,Boris Miletić,,Boris Miletić,Boris Miletić,,,Boris Miletić,,,,Boris Miletić,,,,,,,,,,,,,,,,,,,,,,,,,,,,,,,,,,,,,,,,,,,Boris Miletić,Boris Miletić,Boris Miletić,Boris Miletić,Boris Miletić,Boris Miletić,Boris Miletić,Boris Miletić,Boris Miletić,Boris Miletić,Boris Miletić,Boris Miletić,Boris Miletić,Boris Miletić,Boris Miletić,Boris Miletić,Boris Miletić,Boris Miletić,Boris Miletić,Boris Miletić,Boris Miletić,Boris Miletić,Boris Miletić,Boris Miletić,Boris Miletić,Boris Miletić,Boris Miletić,Boris Miletić,Boris Miletić,Boris Miletić,,,,,,,,,,,,,,,,,Boris Miletić,,,,,,,,,,,,,,,,,,,,,,,,,,,,,,,,,,,,,,,,,,,,,politician,,,,,,,,,,,,,,,,
Q12629972,,,Domagoj Ivan Milošević,,Domagoj Ivan Milošević,,,,,,,,Domagoj Ivan Milošević,,,,Domagoj Ivan Milošević,,,,,male,1970-01-05,,,Domagoj Ivan Milošević,,Домагој Иван Милошевић,,,Domagoj Ivan Milošević,,Домагој Иван Милошевић,,,,,,,,,,,,,,,,,,,,,,,,,,,,,,,,,,,,,,,,,,,,,,,,,,,,,,,,,,,,,,,,,,,,,,,,,,Milošević,,,,,,,,,,,,,,,,,,,,,,,,,,,,,,,,,,,,,,,,,,,,,,,,,,,,,,,,,,Домагој Иван Милошевић,,,,,,,,,,,,,,,,,,,,,,,,,,,,,,,,,,,,,,,,,,,,,economist,,,,,,,,,,,,,,,,
Q12631651,,Gordan Maras,Gordan Maras,,Gordan Maras,Gordan Maras,Gordan Maras,,,,,,Gordan Maras,,Gordan Maras,Gordan Maras,Gordan Maras,,,,https://upload.wikimedia.org/wikipedia/commons/9/93/G_maras.jpg,male,1974-06-13,,Gordan,Gordan Maras,,Гордан Марас,Gordan Maras,,Gordan Maras,,Гордан Марас,,,,,,,,,,,,,,,,,,,,,,,,,Gordan Maras,,,,,,,,,,,,,,,,,,,,,,,,,,,,,,,,,,,,,,,,,,,,,,,,,,,,,,,,,,,,,,,,,,,,,,,,Gordan Maras,,,,,,,,,,,,Gordan Maras,,,,,,,,,,,,,,,,,,,,,,,Gordan Maras,,,,,,,,,,,,,,,,,,,,,,,,,,,,,,,,,,,,,,,,,,,,,politician,,,,,,,,,,,,,,,,
Q12645873,,Zvonimir Mršić,Zvonimir Mršić,,Zvonimir Mršić,Zvonimir Mršić,,Zvonimir Mršić,,,,,Zvonimir Mršić,,Zvonimir Mršić,,Zvonimir Mršić,,Zvonimir Mršić,,,male,1966-01-09,,,,,,,,,,,,,,,,,,,,,,,,,,,,,,,,,,,,,,,,,,,,,,,,,,,,,,,,,,,,,,,,,,,,,,,,,,,,,,,,,,,,,,,,,,,,,,,,,,,,,,,,,,,Zvonimir Mršić,,,,,,,,,,,,,,,,,,,,,,,,,,,,,,,,,,,Zvonimir Mršić,,,,,,,,,,,,,,,,,,,,,,,,,,,,,,,,,,,,,,,,,,,,,,,,,,,,,,,,,,,,,
Q1271876,Иван Грубишич,Ivan Grubišić,Ivan Grubišić,,Ivan Grubišić,Ivan Grubišić,Ivan Grubišić,Ivan Grubišić,,,,,Ivan Grubišić,,Ivan Grubišić,Ivan Grubišić,Ivan Grubišić,,Ivan Grubišić,,https://upload.wikimedia.org/wikipedia/commons/5/5c/Grubisic_ivan.jpg,male,1936-06-20,/m/0hn8mcx,Ivan,Ivan Grubišić,,Иван Грубишић,,,Ivan Grubišić,,Иван Грубишић,2017-03-19,,,,,,,,,,,Ivan Grubišić,Иван Грубишић,21422280,,,,,,,,,,,,,,,,,,,,,,,,,,,,,,,,,,,,,,,,,,,,,,,,,,,,,,,,,,,,,,0000 0000 3517 7974,n97048447,,,,,,,,,,,,,,,,,,,,,,,,,,,,,,,,,,,,,,,,,,,,,,,,,Ivan Grubišić,,,,,,Иван Грубишић,,,,,,,,,,,,,,,,,,,,,,,,,,,,,,,,,,,,,,,,,,,,,politician,,,,,,,,,000013668,,,,,,,
Q1274378,,Josip Leko,Josip Leko,Йосип Леко,Josip Leko,Josip Leko,Josip Leko,Josip Leko,Josip Leko,Josip Leko,Josip Leko,Josip Leko,Josip Leko,,Josip Leko,,Josip Leko,,Josip Leko,Йосип Леко,https://upload.wikimedia.org/wikipedia/commons/e/e9/Josip_Leko_par_Claude_Truong-Ngoc_juillet_2013.jpg,male,1948-09-19,/m/0n5wbcz,Josip,Josip Leko,Josip Leko,Јосип Леко,Josip Leko,,Josip Leko,,Јосип Леко,,,,,,,,,Josip Leko,,,Josip Leko,Јосип Леко,,,,,,Josip Leko,,,Josip Leko,,Josip Leko,Josip Leko,Josip Leko,Josip Leko,,,,,Josip Leko,Josip Leko,,Josip Leko,Josip Leko,,,Josip Leko,Josip Leko,,,Josip Leko,جوزپ لکو,,,,,,,,,,,,جوزپ لکو,,,,,,,,,,,,,,,,,,Leko,,,,,,,,,,,,Josip Leko,Josip Leko,Josip Leko,Josip Leko,Josip Leko,Josip Leko,Josip Leko,Josip Leko,Josip Leko,Josip Leko,Josip Leko,Josip Leko,,Josip Leko,Josip Leko,,Josip Leko,Josip Leko,Josip Leko,Josip Leko,Josip Leko,Josip Leko,Josip Leko,Josip Leko,Josip Leko,Josip Leko,Josip Leko,Josip Leko,Josip Leko,Josip Leko,Josip Leko,,Josip Leko,,Josip Leko,,,,,,,,,,,,Јосип Леко,,,,,,Josip Leko,Josip Leko,,Josip Leko,,,,,,,,,,,,,,,Josip Leko,Josip Leko,Josip Leko,Josip Leko,Josip Leko,Josip Leko,Josip Leko,Josip Leko,Josip Leko,Josip Leko,Josip Leko,Josip Leko,Josip Leko,Josip Leko,Josip Leko,Josip Leko,Josip Leko,Josip Leko,Josip Leko,Josip Leko,Josip Leko,politician,,,,,,,,,,,,,,,,
Q1274758,"Шекс, Владимир",Vladimir Šeks,Vladimir Šeks,Владимир Шекс,Vladimir Šeks,Vladimir Šeks,Vladimir Šeks,Vladimir Šeks,Vladimir Šeks,Vladimir Šeks,Vladimir Šeks,Vladimir Šeks,Vladimir Šeks,,Vladimir Šeks,,Vladimir Šeks,"Шекс, Владимир",Vladimir Šeks,Владимир Шекс,https://upload.wikimedia.org/wikipedia/commons/6/69/Vladimir_Šeks_2009.JPG,male,1943-01-01,/m/0h7yy_,Vladimir,Vladimir Šeks,Vladimir Šeks,Владимир Шекс,Vladimir Šeks,Vladimir Šeks,Vladimir Šeks,,Владимир Шекс,,Vladimir Šeks,,,,,,,Vladimir Šeks,,,Vladimir Šeks,Владимир Шекс,33111292,Vladimir Šeks,,,,Vladimir Šeks,,,,,,Vladimir Šeks,Vladimir Šeks,Vladimir Šeks,,Vladimir Šeks,,,Vladimir Šeks,Vladimir Šeks,,Vladimir Šeks,Vladimir Šeks,,,Vladimir Šeks,,,,Vladimir Šeks,ولادیمیر شکس,,,,,Vladimir Šeks,,,,,,,ولادیمیر شکس,,,,,,,,,,,,,,,,,,,,0000 0000 5526 4485,nr90009959,110019792,,130652733,,,,,Vladimir Šeks,Vladimir Šeks,Vladimir Šeks,Vladimir Šeks,Vladimir Šeks,Vladimir Šeks,Vladimir Šeks,Vladimir Šeks,Vladimir Šeks,Vladimir Šeks,Vladimir Šeks,Vladimir Šeks,Vladimir Šeks,Vladimir Šeks,Vladimir Šeks,Vladimir Šeks,Vladimir Šeks,Vladimir Šeks,Vladimir Šeks,Vladimir Šeks,Vladimir Šeks,Vladimir Šeks,Vladimir Šeks,Vladimir Šeks,Vladimir Šeks,Vladimir Šeks,Vladimir Šeks,Vladimir Šeks,Vladimir Šeks,Vladimir Šeks,Vladimir Šeks,,,,,,,,,,,,,,,,,Владимир Шекс,270725,,,,,,,,,,,,,,,,,,,,,,,,,,,,,,,,,,,,,,,,,,,,politician,,,,,,,,,,,,,,,,
Q12752142,,,Ivan Pernar,,Ivan Pernar,,Ivan Pernar,Ivan Pernar,,,,,Ivan Pernar,,Ivan Pernar (Croatian politician),,Ivan Pernar (1985.),,Ivan Pernar (hrvatski političar),,,male,1985-10-14,,,,,Иван Пернар,,,,,Иван Пернар (1985),,,,,,,,,,,,,,305773893,,,,,,,,,,,,,,,,,,,,,,,,,,,,,,,,,,,,,,,,,,,,,,,,,,,,,,,,,,,,,,,,,,,,,,,,,,,,,,,,,,,,,,,,,,,,,,,,,,,,,,,,,,,,,,,,,,,,,,Ivan Pernar (Croatian politician),,,,,,,,,,,,,,,,,,,,,,,nm7392892,,,,,,,,,,,,,,,,,,,,,,politician,,,,,,,/g/1hl3fsp5g,,000587956,6457624,,,,,,
Q1279604,,Jasen Mesić,Jasen Mesić,,Jasen Mesić,Jasen Mesić,Jasen Mesić,Jasen Mesić,Jasen Mesić,Jasen Mesić,Jasen Mesić,Jasen Mesić,Jasen Mesić,Jasen Mesić,Jasen Mesić,Jasen Mesić,Jasen Mesić,,Jasen Mesić,,,male,1972-06-11,/m/05syt1f,,Jasen Mesić,,,Jasen Mesić,,Jasen Mesić,,,,,,,,,,,,,,,,310508744,,,,,,,,,,,Jasen Mesić,,,,,,,,,,,,,,,,,,,,,,,,,,,,,,,,,,,Jasen Mesić,,,,,,,,,,,,,,,,,,,,105494573X,,,,,,,,,,,,,,,,,Jasen Mesić,,,,,,,,,,,,,,,,,,,,,,,,,,,,,,,,,,,Jasen Mesić,,,,,,,,,,,,,,,,,,,,,,,,,,,,,,,,,,,,,,,,,,,,,politician,,,,,,,,,,,,,,,,
Q1279988,,Vesna Škare-Ožbolt,Vesna Škare-Ožbolt,,Vesna Škare-Ožbolt,,Vesna Škare-Ožbolt,Vesna Škare-Ožbolt,,,,,Vesna Škare-Ožbolt,,Vesna Škare-Ožbolt,,Vesna Škare-Ožbolt,,Vesna Škare-Ožbolt,,https://upload.wikimedia.org/wikipedia/commons/d/da/Vesna_Škare-Ožbolt.jpg,female,1961-06-20,/m/04m_tf1,Vesna,Vesna Škare-Ožbolt,,,,,Vesna Škare-Ožbolt,,,,Vesna Škare-Ožbolt,,Vesna Škare-Ožbolt,,,,,,,,,,,Vesna Škare-Ožbolt,,,,,,,,,,,,,ヴェスナ・シュカレ＝オジュボルト,,,,,,,,,,,,,,,,,,,,,,,,,,,,,,,,,ヴェスナ・シュカレ＝オジュボルト,,,,,,,,,,,,,,,,,,,,,,,,Vesna Škare-Ožbolt,,,,,,,,,,,,,,,,,,,,,,,,,,,,,,,,,,,,,,,,,,,,,,,Vesna Škare-Ožbolt,,,,,,,,,,,,,,,,,,,,,,,,,,,,,,,,,,,,,,,,,,,,,politician,,,,,,,,,,,,,,,,
Q1285099,"Чачич, Радимир",Radimir Čačić,Radimir Čačić,Радимир Чачич,Radimir Čačić,Radimir Čačić,Radimir Čačić,Radimir Čačić,Radimir Čačić,Radimir Čačić,Radimir Čačić,Radimir Čačić,Radimir Čačić,Radimir Čačić,Radimir Čačić,Radimir Čačić,Radimir Čačić,"Чачич, Радимир",Radimir Čačić,Радимир Чачич,https://upload.wikimedia.org/wikipedia/commons/4/41/R_cacic.jpg,male,1949-05-11,/m/068zlv,,Radimir Čačić,,,Radimir Čačić,,Radimir Čačić,,,,,,,,,Radimir Čačić,,,,Radimir Čačić,,,305564397,,,,,,,,,,,Radimir Čačić,,,,,,,,,,,,,,,,,,,,,,,,,,,,,,,,,,,Radimir Čačić,,,,,,,,,,,,,,,,,,,,,,,,,,,,,,,,,,,,,Radimir Čačić,,,,,,,,,,,,,,,,,,,,,,,,,,,,,,,,,,,Radimir Čačić,,,,,,,,,,,,,,,,,,,,,,,,,,,,,,,,,,,,,,,,,,,,,politician,,,,,,,,,,,,,,,,
Q12956737,,Davor Ivo Stier,Davor Ivo Stier,Давор Іво Штір,Davor Stier,Davor Stier,Davor Ivo Stier,Davor Ivo Stier,,,,Davor Ivo Stier,Davor Stier,Davor Stier,Davor Ivo Stier,Davor Ivo Stier,Davor Ivo Stier,,Davor Ivo Stier,Давор Іво Штір,https://upload.wikimedia.org/wikipedia/commons/8/84/Davor_Ivo_Stier_February_2017_(32903349825).jpg,male,1972-01-06,,Davor,Davor Stier,,,,,Davor Ivo Stier,,,,,,,,Davor Ivo Stier,Davor Ivo Stier,119435,,,Davor Ivo Stier,,,,,,,,,,,,,Davor Stier,Davor Ivo Stier,,,,,,,,,,,,,Davor Ivo Stier,,,,,,,,,,,,,,,,,,,,Davor Stier,,Davor Ivo Stier,,,,Davor Ivo Stier,,,,,,,,,,,,,,,,,,,Category:Davor Ivo Stier,,,,,,,,,,,,,,,,,,,,,,,,,,,,,,,,,,,,,,,,,,,,,,,,,Davor Ivo Stier,,,,,,,,,,,,,,,,,,,,,,,,,,,,,,,,,,,,,,,,,,,,,politician,,,,,,,,,,,,,,,,
Q12958427,,Mihael Zmajlović,Mihael Zmajlović,,,,Mihael Zmajlović,Mihael Zmajlović,,,,,Mihael Zmajlović,,Mihael Zmajlović,Mihael Zmajlović,,,Mihael Zmajlović,,https://upload.wikimedia.org/wikipedia/commons/3/37/Zmajlovic.jpg,male,1978-01-19,,Mihael,Mihael Zmajlović,,Михаел Змајловић,,,Mihael Zmajlović,,Михаел Змајловић,,,,,,,,,,,,,,,,,,,,,,,,,,,,,,,,,,,,,,,,,,,,,,,,,,,,,,,,,,,,,,,,,,,,,,,,,,,,,,,,,,,,,,,,,,,,,,,,,,,,,,,,,,,,,,,,,,,,,,,,,,,,,,,,,,,,Михаел Змајловић,,,,,,,,,,,,,,,,,,,,,,,,,,,,,,,,,,,,,,,,,,,,,politician,,,,,,,,,,,,,,,,
Q1337804,"Яндрокович, Гордан",Gordan Jandroković,Gordan Jandroković,Гордан Яндрокович,Gordan Jandroković,Gordan Jandroković,Gordan Jandroković,Gordan Jandroković,,,,Gordan Jandroković,Gordan Jandroković,Gordan Jandroković,Gordan Jandroković,Gordan Jandroković,Gordan Jandroković,"Яндрокович, Гордан",Gordan Jandroković,Гордан Яндрокович,https://upload.wikimedia.org/wikipedia/commons/d/d4/Gordan_Jandroković_25-06-09.jpg,male,1967-08-02,/m/03hn5q9,Gordan,Gordan Jandroković,,,,,Gordan Jandroković,,,,,戈爾丹·揚德羅科維奇,,,,,,Gordan Jandroković,Gordan Jandroković,Gordan Jandroković,,,,,,,,,,,,,,,,,ゴルダン・ヤンドロコヴィッチ,,,,,,,,,,,,,,,,,,,,,,,,,,,,,,,,,,,,,,,,,,,,,,,,,,,,,,,,,,,,,,,,,,,,,,,,,,,,,,,,,,,,,,,,,,,,,,,,,,,,,,,,Gordan Jandroković,,,,,,,,,,,,,,,,,,,,7238,,,,,,,,,,,,,,,,,,,,,,,,,diplomat,,,,,,,,,,,,,,,,
Q13566355,,Vojislav Stanimirović,Vojislav Stanimirović,,Vojislav Stanimirović,Vojislav Stanimirović,Vojislav Stanimirović,,Vojislav Stanimirović,Vojislav Stanimirović,Vojislav Stanimirović,Vojislav Stanimirović,Vojislav Stanimirović,,Vojislav Stanimirović (politician),,Vojislav Stanimirović,,,,https://upload.wikimedia.org/wikipedia/commons/6/67/Stanimirovic.jpg,male,1953-08-19,,Vojislav,Vojislav Stanimirović,Vojislav Stanimirović,Војислав Станимировић,Vojislav Stanimirović,,,,Војислав Станимировић,,Vojislav Stanimirović,,,,,,,Vojislav Stanimirović,,,,,,Vojislav Stanimirović,,,,Vojislav Stanimirović,,,,,,Vojislav Stanimirović,Vojislav Stanimirović,Vojislav Stanimirović,ヴォイスラヴ・スタニミロヴィッチ,Vojislav Stanimirović,,,Vojislav Stanimirović,Vojislav Stanimirović,,Vojislav Stanimirović,Vojislav Stanimirović,,,Vojislav Stanimirović,,,,Vojislav Stanimirović,,,,,,,,,,,,,,,,,,,,,,,,,,,,,,,,,,,,,,,,,,,Vojislav Stanimirović,Vojislav Stanimirović,Vojislav Stanimirović,Vojislav Stanimirović,Vojislav Stanimirović,Vojislav Stanimirović,Vojislav Stanimirović,Vojislav Stanimirović,Vojislav Stanimirović,Vojislav Stanimirović,Vojislav Stanimirović,Vojislav Stanimirović,Vojislav Stanimirović,Vojislav Stanimirović,Vojislav Stanimirović,Vojislav Stanimirović,Vojislav Stanimirović,Vojislav Stanimirović,Vojislav Stanimirović,Vojislav Stanimirović,Vojislav Stanimirović,Vojislav Stanimirović,Vojislav Stanimirović,Vojislav Stanimirović,Vojislav Stanimirović,Vojislav Stanimirović,Vojislav Stanimirović,Vojislav Stanimirović,Vojislav Stanimirović,Vojislav Stanimirović,,,,,,,,,,,,,,,,,Војислав Станимировић,,,,,,,,,,,,,,,,,,,,,,,,,,,,,,,,,,,,,,,,,,,,,,,,,,,,,,,,,,,,,
Q1560823,,Božidar Kalmeta,Božidar Kalmeta,Божидар Калмета,Božidar Kalmeta,Božidar Kalmeta,Božidar Kalmeta,Božidar Kalmeta,,,,,Božidar Kalmeta,,Božidar Kalmeta,,Božidar Kalmeta,,Božidar Kalmeta,Божидар Калмета,https://upload.wikimedia.org/wikipedia/commons/d/d8/Božidar_Kalmeta.jpg,male,1958-01-15,,Božidar,,,,,,,,,,,,,,,,,,,,,,,,,,,,,,,,,,,,,Bozhidar Kallmeta,,,,,,,,,,,,,,,,,,,,,,,,,,,,,,,,,,,,,,,,,Bozhidar Kallmeta,,,,,,,,,,,,,,,,,,,,,,,,,,,,,,,,,,,,,,,,,,,,,,,,,,,,,,,,,,,,,,Božidar Kalmeta,,,,,,,,,,,,,,,,,,,,,,,,,,,,,,,,,,,,,,,,,,,,,politician,,,,,,,,,,,,,,,,
Q1565019,,Krešimir Bubalo,Krešimir Bubalo,,Krešimir Bubalo,Krešimir Bubalo,Krešimir Bubalo,Krešimir Bubalo,,,,,Krešimir Bubalo,,Krešimir Bubalo,,Krešimir Bubalo,,Krešimir Bubalo,,,male,1973-11-05,,Krešimir,,,,,,,,,,,,,,,,,,,,,,,,,,,,,,,,,,,,,,,,,,,,,,,,,,,,,,,,,,,,,,,,,,,,,,,,,,,,,,,,,,,,,,,,,,,,,,,,,,,,,,,,,,,,,,,,,,,,,,,,,,,,,,,,,,,,,,,,,,,,Krešimir Bubalo,,,,,,,,,,,,,,,,,,,,,,,,,,,,,,,,,,,,,,,,,,,,,politician,,,,,,,,,,,,,,,,
Q16111501,,Anka Mrak Taritaš,Anka Mrak Taritaš,,Anka Mrak Taritaš,Anka Mrak Taritaš,,Anka Mrak Taritaš,,,,,Anka Mrak Taritaš,,Anka Mrak-Taritaš,,Anka Mrak Taritaš,,Anka Mrak Taritaš,,https://upload.wikimedia.org/wikipedia/commons/0/0d/Anka_Mrak_Taritaš_(cropped).jpg,female,1959-11-24,,Anka,Anka Mrak-Taritaš,,,,,Anka Mrak-Taritaš,,,,,,,,,,,,,,,,,,,,,,,,,,,,,,,,,,,,,,,,,,,,,,,,,,,,,,,,,,,,,,,,,,,,,,,,,,,,,,,,,,,,,,,,,,,,,,,,,,,,,,,,,,,,,,,,,,,,,,,,,,,,,,,,,,,,,,Anka Mrak Taritaš,,,,,,,,,,,,,,,,,,,,,,,,,,,,,,,,,,,,,,,,,,,,,architect,,,,Anka Mrak Taritaš,,,,,,,,,,,,
Q16114858,Божо Петров,Božo Petrov,Božo Petrov,Божо Петров,Božo Petrov,,Božo Petrov,Božo Petrov,,,,Božo Petrov,Božo Petrov,,Božo Petrov,Božo Petrov,Božo Petrov,,Božo Petrov,Божо Петров,https://upload.wikimedia.org/wikipedia/commons/6/66/PetrovBožo.png,male,1979-10-16,,Božo,Božo Petrov,,,,,Božo Petrov,,,,,波佐·佩特羅夫,,波佐·佩特羅夫,,,,,,Božo Petrov,,,,,,,,,,,,,Božo Petrov,Božo Petrov,,,,,,,,,,,,,,,,,,,,,,,,,,,,,,,,,Božo Petrov,,Božo Petrov,,,,,,,,,,,,,,,,,,,,,,,,,,,,,,,,,,,,,,,,,,,,,,,,,,,,,,,,,,,,,,,,,,,,,,,,Božo Petrov,,,,,,,,,,,,,,,,,,,,,,,,,,,,,,,,,,,,,,,,,,,,,politician,,,,,,,,,,,,,,,,
Q16115028,,,Ingrid Antičević-Marinović,,Ingrid Antičević-Marinović,,,Ingrid Antičević-Marinović,,,,,Ingrid Antičević-Marinović,,Ingrid Antičević-Marinović,,Ingrid Antičević-Marinović,,Ingrid Antičević-Marinović,,https://upload.wikimedia.org/wikipedia/commons/c/c0/Ingrid_Antičević_Marinović.jpg,female,1957-10-04,,Ingrid,,,,,,,,,,,,,,,,,,,,,,,,,,,,,,,,,,,,,,,,,,,,,,,,,,,,,,,,,,,,,,,,,,,,,,,,,,,,,,,,,,,,,,,,,,,,,,,,,,,,,,,,,,,,,,,,,,,,,,,,,,,,,,,,,,,,,,,,,,,,Ingrid Antičević-Marinović,,,,,,,,,,,,,,,,,,,,,,,,,,,,,,,,,,,,,,,,,,,,,,,,,,,,,,,,,,,,,
Q16115922,,,Krešo Beljak,,Krešo Beljak,,,,,,,,Krešo Beljak,,Krešo Beljak,,Krešo Beljak,,,,https://upload.wikimedia.org/wikipedia/commons/a/a0/Krešo_Beljak.jpg,male,1971-08-22,,Krešo,Krešo Beljak,,,,,Krešo Beljak,,,,,,,,,,,,,,,,,,,,,,,,,,,,,,,,,,,,,,,,,,,,,,,,,,,,,,,,,,,,,,,,,,,,,,,,,,,,,,,,,,,,,,,,,,,,,,,,,,,,,,,,,,,,,,,,,,,,,,,,,,,,,,,,,,,,,,Krešo Beljak,,,,,,,,,,,,,,,,,,,,,,,,,,,,,,,,,,,,,,,,,,,,,,,,,,,,,,,,,,,,,
Q16186424,,Stipe Petrina,Stipe Petrina,,,Stipe Petrina,,Stipe Petrina,,,,,Stipe Petrina,,Stipe Petrina,,,,Stipe Petrina,,,male,1954-10-05,,Stipe,,,,,,,,,,,,,,,,,,,,,,,,,,,,,,,,,Stipe Petrina,,,,,,,,,,,,,,,,,,,,,,,,,,,,,,,,,,,,,,,,,,,,,,,,,,,,,,,,,,,,,,,,,,,,,,,,,,,,,,,,,,,,,,,,,,,,,,,,,,,,,,,,,,,Stipe Petrina,,,,,,,,,,,,,,,,,,,,,,,,,,,,,,,,,,,,,,,,,,,,,,,,,,,,,,,,,,,,,
Q16324522,,Ivan Vrdoljak,Ivan Vrdoljak,,Ivan Vrdoljak,Ivan Vrdoljak,Ivan Vrdoljak,Ivan Vrdoljak,,,,,Ivan Vrdoljak,,Ivan Vrdoljak,Ivan Vrdoljak,Ivan Vrdoljak,,Ivan Vrdoljak,,https://upload.wikimedia.org/wikipedia/commons/e/ee/I_vrdoljak.jpg,male,1972-06-22,,Ivan,Ivan Vrdoljak,,,,,Ivan Vrdoljak,,,,,,,,,,,,,,,,,,,,,,,,,,,,,,,,,,,,,,,,,,,,,,,,,,,,,,,,,,,,,,,,,,,,,,,,,,,,,,,,,,,,,,,,,,,,,,,,,,,,,,,,,,,,,,,,,,,,,,,,,,,,,,,,,,,,,,Ivan Vrdoljak,,Ivan Vrdoljak,,,,,,,,,,,,,,,,,,,,,,,,,,,,,,,,,,,,,,,,,,,politician,,,,,,,,,,,,,,,,
Q165463,,Branko Grčić,Branko Grčić,Бранко Грчич,Branko Grčić,Branko Grčić,Branko Grčić,Branko Grčić,,,,,Branko Grčić,Branko Grčić,Branko Grčić,Branko Grčić,Branko Grčić,,Branko Grčić,Бранко Грчич,https://upload.wikimedia.org/wikipedia/commons/0/0d/B_grcic.jpg,male,1964-04-16,/m/0hr1g4t,Branko,Branko Grčić,,Бранко Грчић,Branko Grčić,,Branko Grčić,,Бранко Грчић,,,,,,,,,,,,,,197294679,,,,,,,,,,,,,,,,,,,,,Branko Grčić,,,,,,,,,,,,,,,,,,,,,,,,,,,,,,,,,,,,,,,,,,,,,171608119,,,,,,,,,,,,,,,,,Branko Grčić,,,,,,,,,,,,,,,,,,,,,,,,,,,,,,,,,,,Бранко Грчић,,,,,,,,,,,,,,,,,,,,,,,,,,,,,,,,,,,,,,,,,,,,,economist,,,,,,,,,,,,,,,,
Q16633707,,,Nevenka Bečić,,,,,Nevenka Bečić,,,,,Nevenka Bečić,,Nevenka Bečić,,,,Nevenka Bečić,,,female,1958-03-05,,,,,,,,,,,,,,,,,,,,,,,,,,,,,,,,,,,,,,,,,,,,,,,,,,,,,,,,,,,,,,,,,,,,,,,,,,,,,,,,,,,,,,,,,,,,,,,,,,,,,,,,,,,,,,,,,,,,,,,,,,,,,,,,,,,,,,,,,,,,,,Nevenka Bečić,,,,,,,,,,,,,,,,,,,,,,,,,,,,,,,,,,,,,,,,,,,,,,,,,,,,,,,,,,,,,
Q16676927,,Siniša Hajdaš Dončić,Siniša Hajdaš Dončić,,,Siniša Hajdaš Dončić,Siniša Hajdaš Dončić,,,,,,Siniša Hajdaš Dončić,,Siniša Hajdaš Dončić,Siniša Hajdaš Dončić,,,,,,male,1974-06-29,,Siniša,Siniša Hajdaš Dončić,,,,,Siniša Hajdaš Dončić,,,,,,,,,,,,,,,,,,,,,,,,,,,,,,,,,,,,,,,,,,,,,,,,,,,,,,,,,,,,,,,,,,,,,,,,,,,,,,,,,,,,,,,,,,,,,,,,,,,Siniša Hajdaš Dončić,,,,,,,,,,,,Siniša Hajdaš Dončić,,,,,,,,,,,,,,,,,,,,,,,Siniša Hajdaš Dončić,,,,,,,,,,,,,,,,,,,,,,,,,,,,,,,,,,,,,,,,,,,,,politician,,,,,,,,,,,,,,,,
Q17275529,,,Silvano Hrelja,,Silvano Hrelja,,,Silvano Hrelja,,,,,Silvano Hrelja,,Silvano Hrelja,,Silvano Hrelja,,Silvano Hrelja,,https://upload.wikimedia.org/wikipedia/commons/0/03/Silvano_Hrelja_20130325.jpg,male,1958-03-14,,Silvano,Silvano Hrelja,,,,,Silvano Hrelja,,,,,,,,,,,,,,,,,,,,,,,,,,,,,,,,,,,,,,,,,,,,,,,,,,,,,,,,,,,,,,,,,,,,,,,,,,,,,,,,,,,,,,,,,,,,,,,,,,,,,,,,,,,,,,,,,,,,,,,,,,,,,,,,,,,,,,Silvano Hrelja,,,,,,,,,,,,,,,,,,,,,,,,,,,,,,,,,,,,,,,,,,,,,,,,,,,,,,,,,,,,,
Q18668688,Иван Вилибор Синчич,Ivan Vilibor Sinčić,Ivan Vilibor Sinčić,,Ivan Vilibor Sinčić,Ivan Vilibor Sinčić,Ivan Vilibor Sinčić,Ivan Vilibor Sinčić,,,,,Ivan Vilibor Sinčić,Ivan Vilibor Sinčić,Ivan Vilibor Sinčić,Ivan Vilibor Sinčić,Ivan Vilibor Sinčić,,Ivan Vilibor Sinčić,,https://upload.wikimedia.org/wikipedia/commons/7/75/Sinčić.jpg,male,1990,,Ivan,Ivan Vilibor Sinčić,,,,,Ivan Vilibor Sinčić,,,,,,,,,,,,,,,,,,,,,,,,,,,,,,,,,,,,,,,,,,,,,,,,,,,,,,,,,,,,,,,,,,,,,,,,,,,,,,,,,,,,,,,,,,,,,,,,,,,,,,,,,,,,,,,,,,,,,,,,,,,,,,,,,,,,,,Ivan Vilibor Sinčić,,,,,,,,,,,,,,,,,,,,,,,,,,,,,,,,,,,,,,,,,,,,,political activist,,,,,,,,,,,,,,,,
Q20525090,,,Drago Prgomet,,Drago Prgomet,,Drago Prgomet,Drago Prgomet,,,,,Drago Prgomet,,Drago Prgomet,,Drago Prgomet,,Drago Prgomet,,,male,1965-05-23,,,Drago Prgomet,,Драго Пргомет,,,Drago Prgomet,,Драго Пргомет,,,,,,,,,,,,,,,,,,,,,,,,,,,,,,,,,,,,,,,,,,,,,,,,,,,,,,,,,,,,,,,,,,,,,,,,,,,,,,,,,,,,,,,,,,,,,,,,,,,,,,,,,,,,,,,,,,,,,,,,,,,,,,,,,,,,Drago Prgomet,,,,,,,,,,,,,,,,,,,,,,,,,,,,,,,,,,,,,,,,,,,,,physician,,,,,,,,,,,,,,,,
Q20525506,,Siniša Varga,Siniša Varga,,Siniša Varga,Siniša Varga,Siniša Varga,,,,,,Siniša Varga,,Siniša Varga,Siniša Varga,Siniša Varga,,,,https://upload.wikimedia.org/wikipedia/commons/c/cb/Siniša_Varga.jpg,male,1965-08-24,,Siniša,Siniša Varga,,,,,Siniša Varga,,,,,,,,,,,,,,,,,,,,,,,,,,,,,,,,,,,,,,,,,,,,,,,,,,,,,,,,,,,,,,,,,,,,,,,,,,,,,,,,,,,,,,,,,,,,,,,,,,,Siniša Varga,,,,,,,,,,,,Siniša Varga,,,,,,,,,,,,,,,,,,,,,,,Siniša Varga,,,,,,,,,,,,,,,,,,,,,,,,,,,,,,,,,,,,,,,,,,,,,dentist,,,,,,,,,,,,,,,,
Q20525725,,Zlatko Hasanbegović,Zlatko Hasanbegović,Златко Гасанбегович,Zlatko Hasanbegović,Zlatko Hasanbegović,Zlatko Hasanbegović,Zlatko Hasanbegović,,,,,Zlatko Hasanbegović,Zlatko Hasanbegović,Zlatko Hasanbegović,Zlatko Hasanbegović,Zlatko Hasanbegović,,Zlatko Hasanbegović,Златко Гасанбегович,https://upload.wikimedia.org/wikipedia/commons/7/7b/ZlatkoHasanbegovic_final.jpg,male,1973-06-14,,Zlatko,Zlatko Hasanbegović,,Златко Хасанбеговић,,,Zlatko Hasanbegović,,Златко Хасанбеговић,,,,,,,,,,,,,,7162442,,,,,,,,,,Zlatko Hasanbegović,,,,,,,,,Zlatko Hasanbegović,,,,,,Zlatko Hasanbegović,Zlatko Hasanbegović,,,,,,,,,,,,,,,,,,Zlatko Hasanbegović,Zlatko Hasanbegović,,,,,,,,,,,,,,,,,0000 0000 6665 1958,no2007023300,120276593,,,,,Category:Zlatko Hasanbegović,,,,,,,,,,,,,,,,,,,,,,,,,,,,,,,,,,,,,,,,,,,,,,,,,Zlatko Hasanbegović,,,,Zlatko Hasanbegović,Zlatko Hasanbegović,,,,,,,,,,,,,,,,,,,,,,,,,,,,,,,,,,,,,,,,historian,159215651,js2015884894,A3235762X,,,,,,,,,,,,,
Q21064401,,,Nansi Tireli,,,,Nansi Tireli,,,,,,Nansi Tireli,,Nansi Tireli,,,,,,https://upload.wikimedia.org/wikipedia/commons/8/80/Nansi_Tireli.jpg,female,1965-02-26,,,Nansi Tireli,,,,,Nansi Tireli,,,,,,,,,,,,,,,,,,,,,,,,,,,,,,,,,,,,,,,,,,,,,,,,,,,,,,,,,,,,,,,,,,,,,,,,,,,,,,,,,,,,,,,,,,,,,,,,,,,,,,,,,,,,,,,,,,,,,,,,,,,,,,,,,,,,,,Nansi Tireli,,,,,,,,,,,,,,,,,,,,,,,,,,,,,,,,,,,,,,,,,,,,,,,,,,,,,,,,,,,,,
Q22160025,,Miro Kovač,Miro Kovač,Міро Ковач,Miro Kovač,Miro Kovač,Miro Kovač,Miro Kovač,,,,Miro Kovač,Miro Kovač,Miro Kovač,Miro Kovač,Miro Kovač,Miro Kovač,,Miro Kovač,Міро Ковач,https://upload.wikimedia.org/wikipedia/commons/8/8a/Miro_Kovač.JPG,male,1968-09-20,,,Miro Kovač,Miro Kovač,,Miro Kovač,,Miro Kovač,,,,,,,,,,,,,Miro Kovač,,,7619139,,,Miro Kovač,,,,,,,Miro Kovač,Miro Kovač,,,,,,,,,,,,,Miro Kovač,,,,,,,,,,,,,,,,,,,,Miro Kovač,,Miro Kovač,,,,Miro Kovač,,,,,,,,,,,,,n2001153021,,,,,Miro Kovač,Category:Miro Kovač,Miro Kovač,,,,,,,,,,,,,,,,,,,,,,,,,,,,,,,,,,,,,,,,,,,,,,,,Miro Kovač,,,,,,,,,,,,,,,,,,,,,,,,,,,,,,,,,,,,,,,,,,,,,diplomat,,,,,,,,,,,,,,,,
Q22713351,,Slaven Dobrović,,Славен Добрович,Slaven Dobrović,,Slaven Dobrović,Slaven Dobrović,,,,,Slaven Dobrović,,,Slaven Dobrović,Slaven Dobrović,,Slaven Dobrović,Славен Добрович,https://upload.wikimedia.org/wikipedia/commons/2/2a/SlavenDobrovic.jpg,male,1967-08-29,,Slaven,Slaven Dobrović,,,,,Slaven Dobrović,,,,,,,,,,,,,,,,,,,,,,,,,,,,,,,,,,,,,,,,,,,,,,,,,,,,,,,,,,,,,,,,,,,,,,,,,,,,,,,,,,,,,,,,,,,,,,,,,,,,,,,,,,,,,,,,,,,,,,,,,,,,,,,,,,,,,,,,,,,,,,,,,,,,,,,,,,,,,,,,,,,,,,,,,,,,,,,,,,,politician,,,,,,,,,,,,,,,,
Q22916435,,Robert Podolnjak,Robert Podolnjak,,,,Robert Podolnjak,Robert Podolnjak,,,,,Robert Podolnjak,,Robert Podolnjak,,,,Robert Podolnjak,,https://upload.wikimedia.org/wikipedia/commons/0/08/Robert_Podolnjak.JPG,male,1958-06-03,,Robert,,,,,,,,,,,,,,,,,,,,,,,,,,,,,,,,,,,,,,,,,,,,,,,,,,,,,,,,,,,,,,,,,,,,,,,,,,,,,,,,,,,,,,,,,,,,,,,,,,,,,,,,,,,,,,,,,,,,,,,,,,,,,,,,,,,,,,,,,,,,Robert Podolnjak,,,,,,,,,,,,,,,,,,,,,,,,,,,,,,,,,,,,,,,,,,,,,lawyer,,,,,,,,,,,,,,,,
Q2351745,Арсен Баук,Arsen Bauk,Arsen Bauk,Арсен Баук,Arsen Bauk,Arsen Bauk,Arsen Bauk,,,,,,Arsen Bauk,,Arsen Bauk,,,"Баук, Арсен",,Арсен Баук,https://upload.wikimedia.org/wikipedia/commons/8/80/Arsen_Bauk.jpg,male,1973-02-07,/m/0hrhwzp,Arsen,Arsen Bauk,,Арсен Баук,Arsen Bauk,,Arsen Bauk,,Арсен Баук,,,,,,,,,,,,Arsen Bauk,Арсен Баук,,,,,,,,,,,,,,,,,,,,,,,,,,,,,,,,,,,,,,,,,,,,,,,,,,,,,,,,,,,,,,,,,,,,,,,,,,,,,,,,,,,,Arsen Bauk,,,,,,,,,,,,,,,,,,,,,,,,,,,,,,,,,,,Арсен Баук,,,,,,,,,,,,,,,,,,,,,,,,,,,,,,,,,,,,,,,,,,,,,politician,,,,,,,,,,,,,,,,
Q23659045,,Vlaho Orepić,Vlaho Orepić,Влахо Орепич,,,Vlaho Orepić,,,,,,Vlaho Orepić,,,Vlaho Orepić,,,,Влахо Орепич,https://upload.wikimedia.org/wikipedia/commons/f/f6/VlahoOrepic_final.jpg,male,1968-11-16,,,Vlaho Orepić,,,,,Vlaho Orepić,,,,,,,,,,,,,,,,,,,,,,,,,,,,,,,,,,,,,,,,,,,,,,,,,,,,,,,,,,,,,,,,,,,,,,,,,,,,,,,,,,,,,,,,,,,,,,,,,,,,,,,,,,,,,,,,,,,,,,,,,,,,,,,,,,,,,,,,,,,,,,,,,,,,,,,,,,,,,,,,,,,,,,,,,,,,,,,,,,,politician,,,,,,,,,,,,,,,,
Q23908896,,,Đuro Popijač,,,,Đuro Popijač,,,,,,Đuro Popijač,,Đuro Popijač,,,,,,,male,1959-04-23,,,,,,,,,,,,,,,,,,,,,,,,305582749,,,,,,,,,,,,,,,,,,,,,,,,,,,,,,,,,,,,,,,,,,,,,,,,,,,,,,,,,,,,,,,,,,,,,,,,,,,,,,,,,,,,,,,,,,,,,,,,,,,,,,,,,,,,,,,,,,,,,,Đuro Popijač,,,,,,,,,,,,,,,,,,,,,,,,,,,,,,,,,,,,,,,,,,,,,,,,,,,,,,,,,,,,,
Q24055475,,,Peđa Grbin,,,,Peđa Grbin,,,,,,Peđa Grbin,,Peđa Grbin,,,,,,,male,1979-05-24,,,,,,,,,,,,,,,,,,,,,,,,,,,,,,,,,,,,,,,,,,,,,,,,,,,,,,,,,,,,,,,,,,,,,,,,,,,,,,,,,,,,,,,,,,,,,,,,,,,,,,,,,,,,,,,,,,,,,,,,,,,,,,,,,,,,,,,,,,,,,,Peđa Grbin,,,,,,,,,,,,,,,,,,,,,,,,,,,,,,,,,,,,,,,,,,,,,,,,,,,,,,,,,,,,,
Q25043794,,,Srđan Gjurković,,,,Srđan Gjurković,,,,,,Srđan Gjurković,,Srđan Gjurković,,,,,,,male,1964-09-25,,Srđan,,,,,,,,,,,,,,,,,,,,,,,,,,,,,,,,,,,,,,,,,,,,,,,,,,,,,,,,,,,,,,,,,,,,,,,,,,,,,,,,,,,,,,,,,,,,,,,,,,,,,,,,,,,,,,,,,,,,,,,,,,,,,,,,,,,,,,,,,,,,Srđan Gjurković,,,,,,,,,,,,,,,,,,,,,,,,,,,,,,,,,,,,,,,,,,,,,politician,,,,,,,,,,,,,,,,
Q25497953,,,Boris Lalovac,,Boris Lalovac,,Boris Lalovac,Boris Lalovac,,,,,Boris Lalovac,,Boris Lalovac,,Boris Lalovac,,Boris Lalovac,,https://upload.wikimedia.org/wikipedia/commons/6/6f/Boris_Lalovac.jpg,male,1976-11-16,,,Boris Lalovac,,,,,Boris Lalovac,,,,,,,,,,,,,,,,,,,,,,,,,,,,,,,,,,,,,,,,,,,,,,,,,,,,,,,,,,,,,,,,,,,,,,,,,,,,,,,,,,,,,,,,,,,,,,,,,,,,,,,,,,,,,,,,,,,,,,,,,,,,,,,,,,,,,,Boris Lalovac,,,,,,,,,,,,,,,,,,,,,,,,,,,,,,,,,,,,,,,,,,,,,,,,,,,,,,,,,,,,,
Q2590916,Милорад Пуповац,Milorad Pupovac,Milorad Pupovac,,Milorad Pupovac,,Milorad Pupovac,Milorad Pupovac,,,,,Milorad Pupovac,,Milorad Pupovac,,Milorad Pupovac,"Пуповац, Милорад",Milorad Pupovac,,https://upload.wikimedia.org/wikipedia/commons/d/dd/Pupovac.jpg,male,1955-11-05,/m/0h1bsb9,Milorad,Milorad Pupovac,,Милорад Пуповац,Milorad Pupovac,,Milorad Pupovac,,Милорад Пуповац,,,,,,,,,,,,Milorad Pupovac,Милорад Пуповац,65546297,,,,,,,,,,,,,,,,,,,,,,,,,,,,,,,,,,,,,,,,,,,,,,,,,,,,,,,,,,,,Pupovac,Милорад Пуповац,0000 0000 2750 2810,n88020375,072861274,n2012146507,,,,,,,,,,,,,,,,,,Milorad Pupovac,,,,,,,,,,,,,,,,,,,,,,,,,,,,,,,,,,,Милорад Пуповац,1483826,,,,,,,,,,,,,,,Dr-Milorad-Pupovac-284379738398650,,,,,,,nm1301801,,,,,,,,,,,,,,,,,,,,,,politician,,,,,,,,,,,,,,,,
Q2617559,"Пицула, Тонино",Tonino Picula,Tonino Picula,Тоніно Піцула,Tonino Picula,Tonino Picula,Tonino Picula,Tonino Picula,Tonino Picula,Tonino Picula,Tonino Picula,Tonino Picula,Tonino Picula,Tonino Picula,Tonino Picula,Tonino Picula,Tonino Picula,"Пицула, Тонино",Tonino Picula,Тоніно Піцула,https://upload.wikimedia.org/wikipedia/commons/e/e8/Tonino_picula.jpg,male,1961-08-31,/m/02rrjqh,Tonino,Tonino Picula,,,Tonino Picula,,Tonino Picula,,,,,,,,,,112744,Tonino Picula,Tonino Picula,Tonino Picula,,,305532359,,,,,,,Таніна Піцула,,,,,,,トニノ・ピツラ,,,,,,,,,,,,,,,,,,,Таніна Піцула,,,,,,,,,,,,,,,,,,,,,,,,,,,,,,,,,,,,,,,,,,,,,,,,,,Tonino Picula,,,,,,,,,,,,,,,,,,,,,,,,,,,,,,,,,,,Tonino Picula,,,,,,,,,,,,,,,,,,,,,,,,,,,,,,,,,,,,,,,,,,,,,politician,,,,,,,,,,,,,,,,
Q2618434,"Фришчич, Иосип",Josip Friščić,Josip Friščić,Йосип Фрішчич,Josip Friščić,Josip Friščić,Josip Friščić,Josip Friščić,,,,,Josip Friščić,,Josip Friščić,Josip Friščić,Josip Friščić,"Фришчич, Иосип",Josip Friščić,Йосип Фрішчич,https://upload.wikimedia.org/wikipedia/commons/d/da/Josip_Friščić_25-06-09.jpg,male,1949-08-15,/m/04lfc59,Josip,Josip Friščić,,,Josip Friščić,,Josip Friščić,,,2016-01-23,,,,,,,,,,,,,,,,,,,,,,,,Josip Friščić,,,,,,,,,,Josip Friscic,,,,,,,,,,,,,,,,,,,,,,,,,,,,,,,,,,,,Josip Friscic,,,,,,,,,,,,Category:Josip Friščić,,,,,,,,,,,,,,Josip Friščić,,,,,,,,,,,,,,,,,,,,,,,,,,,,,Josip Friščić,,,,,,Josip Friščić,,,,,,,,,,,,,,,,,,,,,,,,,,,,,,,,,,,,,,,,,,,,,politician,,,,,,,,,,,,,,,,
Q2618680,"Остоич, Ранко",Ranko Ostojić,Ranko Ostojić,Ранко Остоїч,Ranko Ostojić,Ranko Ostojić,Ranko Ostojić,Ranko Ostojić,,,,,Ranko Ostojić,,Ranko Ostojić,Ranko Ostojić,Ranko Ostojić,"Остоич, Ранко",Ranko Ostojić,Ранко Остоїч,https://upload.wikimedia.org/wikipedia/commons/a/a4/R_ostojic.jpg,male,1962-10-03,/m/05zn5cf,,Ranko Ostojić,,,,,Ranko Ostojić,,,,,,,,,,,,,,,,,,,,,,,,,,,,,Ranko Ostojić,,,,,,,,,,,,Ranko Ostojić,,,,,,,,,,,Ranko Ostojić,,,,Ranko Ostojić,,,,,,,,,,,,,,,,,,,,,,,,,,,,,,,,,,,,,,,,,,,,,,,,,,,,,,,,,,,,,,,,,,,,,,,,,,,,,,Ranko Ostojić,,,,,,,,,,,,,,,,,,,,,,,,,,,,,,,,,,,,,,,,,,,,,politician,,,,,,,,,,,,,,,,
Q2619574,Давор Божинович,Davor Božinović,Davor Božinović,Давор Божинович,Davor Božinović,,Davor Božinović,,,,,,Davor Božinović,,Davor Božinović,Davor Božinović,Davor Božinović,"Божинович, Давор",,Давор Божинович,https://upload.wikimedia.org/wikipedia/commons/0/04/20_obljetnica_osnivanja_OS_RH_Davor_Bozinovic_26052011_2.jpg,male,1961-12-27,/m/0g5r9th,Davor,Davor Božinović,,,,,Davor Božinović,,,,,,,,,,,,,,,,,,,,,,,,,,,,,,ダヴォル・ボジノヴィッチ,,,,,,,,,,,,,,,,,,,,,,,,,,,,,,,,,,,,,,,,,,,,,,,,,,,,,,,Category:Davor Božinović,,,,,,,,,,,,,,,,,,,,,,,,,,,,,,,,,,,,,,,,,,,,,,,,,Davor Božinović,,,,,,,,,,,,,,,,,,,,,,,,,,,,,,,,,,,,,,,,,,,,,politician,,,,,,,,,,,,,,,,
Q2620544,Дражен Бошнякович,Dražen Bošnjaković,Dražen Bošnjaković,Дражен Бошнякович,Dražen Bošnjaković,,Dražen Bošnjaković,Dražen Bošnjaković,,,,,Dražen Bošnjaković,,Dražen Bošnjaković,,Dražen Bošnjaković,"Бошнякович, Дражен",Dražen Bošnjaković,Дражен Бошнякович,,male,1961-01-06,/m/0cmd7zc,Dražen,Dražen Bošnjaković,,,,,Dražen Bošnjaković,,,,Dražen Bošnjaković,,Dražen Bošnjaković,,,,,,,,,,,,,,,,,,,,,,,,,,,,,,,,,,,,,,,,,,,,,,,,,,,,,,,,,,,,,,,,,,,,,,,,,,,,,,,,,,,,,,,,,,,,,,,,,,,,,,,,,,,,,,,,,,,,,,,,,,,,,,,,,,,,,,,,,,,,,,,,,,,,,,,,,,,,,,,,,,,,,,,,,,,,,politician,,,,,,,,,,,,,,,,
Q266812,,Ivan Šuker,Ivan Šuker,Іван Шукер,Ivan Šuker,Ivan Šuker,Ivan Šuker,Ivan Šuker,,,,,Ivan Šuker,Ivan Šuker,Ivan Šuker,Ivan Šuker,Ivan Šuker,,Ivan Šuker,Іван Шукер,https://upload.wikimedia.org/wikipedia/commons/d/df/Ivan_Šuker.jpg,male,1957-11-12,/m/04zvrbp,Ivan,Ivan Šuker,,,Ivan Šuker,,Ivan Šuker,,,,Ivan Šuker,,Ivan Šuker,,,,,,,,,,,Ivan Šuker,Ivan Šuker,Ivan Šuker,,,,,,,,,,,,,,,,,,,,,,,,,,,,,,,,,,,,,,,,,,,,,,,,,,,,,,,,,,,,,,,,,,,,,,,,,,,,,,,,,,,,,,,,,,,,,,,,,,,,,,,,,,,,,,,,,,,Ivan Šuker,,,,,,,,,,,,,,,,,,,,,,,,,,,,,,,,,,,,,,,,,,,,,economist,,,,,,,,,,,,,,,,
Q27537248,,,Ivan Kovačić,Іван Ковачич,,,Ivan Kovačić,,,,,,Ivan Kovačić,,Ivan Kovačić,,,,,Іван Ковачич,,male,1974-04-25,,,Ivan Kovačić,,,,,Ivan Kovačić,,,,,,,,,,,,,,,,,,,,,,,,,,,,,,,,,,,,,,,,,,,,,,,,,,,,,,,,,,,,,,,,,,,,,,,,,,,,,,,,,,,,,,,,,,,,,,,,,,,,,,,,,,,,,,,,,,,,,,,,,,,,,,,,,,,,,,Ivan Kovačić,,,,,,,,,,,,,,,,,,,,,,,,,,,,,,,,,,,,,,,,,,,,,politician,,,,,,,,,,,,,,,,
Q2986845,"Опачич, Миланка",Milanka Opačić,Milanka Opačić,Міланка Опачич,Milanka Opačić,Milanka Opačić,Milanka Opačić,Milanka Opačić,,,,,Milanka Opačić,,Milanka Opačić,Milanka Opačić,Milanka Opačić,"Опачич, Миланка",Milanka Opačić,Міланка Опачич,https://upload.wikimedia.org/wikipedia/commons/9/9b/M_opacic.jpg,female,1968-04-17,/m/0cp0b_2,,Milanka Opačić,,Миланка Опачић,,,Milanka Opačić,,Миланка Опачић,,,,,,,,,,,,Milanka Opačić,Миланка Опачић,,,,,,,,,,,,,,,,,,,,,,,,,,,,,,,,,,,,,,,,,,,,,,,,,,,,,,,,,,,,,,,,,,,,,,,,,,,,,,,,,,,,,,,,,,,,,,,,,,,,,,,,,,,,,,,,,,,,,,,Миланка Опачић,,,,,,,,,,,,,,,,,,,,,,,,,,,,,,,,,,,,,,,,,,,,,politician,,,,,,,,,,,,,,,,
Q3109021,,Ivan Jakovčić,Ivan Jakovčić,,Ivan Jakovčić,Ivan Jakovčić,Ivan Jakovčić,Ivan Jakovčić,,,,Ivan Jakovčić,Ivan Jakovčić,Ivan Jakovčić,Ivan Jakovčić,Ivan Jakovčić,Ivan Jakovčić,,Ivan Jakovčić,,https://upload.wikimedia.org/wikipedia/commons/f/f0/16_obljetnica_vojnoredarstvene_operacije_Oluja_04082011_Ivan_Jakovcic_863.jpg,male,1957-11-15,/m/0b76zm_,Ivan,Ivan Jakovčić,,Иван Јаковчић,,,Ivan Jakovčić,,Иван Јаковчић,,,,,,,,124754,,,Ivan Jakovčić,,,,,,,,,,,,,,,,,,,,,,,,,Ivan Jakovcic,,,,,,,,,,,,,Ivan Jakovcic,,,,,,,,,,,,,,,,,,,,,,,,,,,,,,,,,,Category:Ivan Jakovčić,,,,,,,,,,,,,,,,,,,,,,,,,,,,,,,,,,,,,,,,,,,,,,,,,Иван Јаковчић,,,,,,,,,,,,,,,,,,,,,,,,,,,,,,,,,,,,,,,,,,,,,politician,,,,,,,,,,,,,,,,
Q3441723,,Jozo Radoš,Jozo Radoš,,Jozo Radoš,Jozo Radoš,Jozo Radoš,Jozo Radoš,,,,,Jozo Radoš,Jozo Radoš,Jozo Radoš,Jozo Radoš,Jozo Radoš,,Jozo Radoš,,https://upload.wikimedia.org/wikipedia/commons/7/78/Jozo_Rados_Svecanost_podizanja_NATOve_zastave_Zagreb_13.jpg,male,1956-11-03,/m/02rw0f_,,Jozo Radoš,,,,,Jozo Radoš,,,,Jozo Radoš,,Jozo Radoš,,,,112753,,,,,,,,,,,,,,,,,,,,,,,,,,,,,,,,,,,,,,,,,,,,,,,,,,,,,,,,,,,,,,,,,,,,,,,,,,,,,,,,,,,,,,,,,,,,,,,,,,,,,,,,,,,,,,,,,,,,,,,,,,,,Jozo Radoš,,,,,,,,,,,,,,,,,,,,4028,,,,,,,,,,,,,,,,,,,,,,,,,politician,,,,,,,,,,,,,,,,
Q3443168,"Мимица, Невен",Neven Mimica,Neven Mimica,Невен Міміка,Neven Mimica,Neven Mimica,Neven Mimica,Neven Mimica,Neven Mimica,Neven Mimica,Neven Mimica,Neven Mimica,Neven Mimica,Neven Mimica,Neven Mimica,Neven Mimica,Neven Mimica,"Мимица, Невен",Neven Mimica,Невен Міміца,https://upload.wikimedia.org/wikipedia/commons/e/ee/N_mimica.jpg,male,1953-10-12,/m/0b75g41,Neven,Neven Mimica,,Невен Мимица,Neven Mimica,Neven Mimica,Neven Mimica,,Невен Мимица,,,聶文·米米卡,,,,,,,,Neven Mimica,Neven Mimica,Невен Мимица,,,,Neven Mimica,,,,,,,,Neven Mimica,,Neven Mimica,ネヴェン・ミミツァ,,,,,,,,,,,Neven Mimica,,Невен Мимица,,,,,,,Невен Мимица,,Neven Mimica,,,,Neven Mimica,,,,,,Neven Mimica,,,,,,,Neven Mimica,,,,,,,,,,,,,,http://ec.europa.eu/commission_2010-2014/mimica/index_en.htm,,Category:Neven Mimica,,,,,,,,,,,,,,Neven Mimica,,,,,,,,,,,,,,,,,,,,,,,,,,,,,,,,,vja7bf4bx5ng,,Невен Мимица,,,,,,,,,,,,,,,,,,,,,,,,,,,,,,,,,,,,,,,,,,,,,politician,,,,,,,,,,,,Neven-Mimica,,,,
Q3446032,,Željko Jovanović,Željko Jovanović,,Željko Jovanović,Željko Jovanović,Željko Jovanović,Željko Jovanović,,,,,Željko Jovanović,Željko Jovanović,Željko Jovanović,Željko Jovanović,Željko Jovanović,,Željko Jovanović,,https://upload.wikimedia.org/wikipedia/commons/2/25/Z_jovanovic.jpg,male,1965-11-26,/m/0hr7l4f,Željko,Željko Jovanović,,Жељко Јовановић,,,Željko Jovanović,,Жељко Јовановић,,,,,,,Željko Jovanović,,,,,Željko Jovanović,Жељко Јовановић,305570498,,,,,,,,,,,,,,,,,,,,,,,,,,,,,,,,,,,,,,,,,,,,,,,,,,,,,,,,,,,,Jovanović,,,,,,,,,,,,,,,,,,,,,,,,,,,,,,,,,,,,,,,,,,,,,,,,,,,,,,,Autor:Željko Jovanović,,,Жељко Јовановић,,,,,,,,,,,,,,,,,,,,,,,,,,,,,,,,,,,,,,,,,,,,,politician,,,,,,,,,,,,,,,,
Q393673,,Željko Kerum,Željko Kerum,,Željko Kerum,Željko Kerum,Željko Kerum,Željko Kerum,Željko Kerum,Željko Kerum,Željko Kerum,Željko Kerum,Željko Kerum,Željko Kerum,Željko Kerum,,Željko Kerum,,Željko Kerum,,,male,1960-09-25,/m/05z_rnk,Željko,Željko Kerum,Željko Kerum,,Željko Kerum,,Željko Kerum,,,,Željko Kerum,,,,,,,Željko Kerum,,,,,308697860,Željko Kerum,,,,Željko Kerum,,,,,,Željko Kerum,Željko Kerum,Željko Kerum,,Željko Kerum,,,Željko Kerum,Željko Kerum,,Željko Kerum,Željko Kerum,,,Željko Kerum,,,,Željko Kerum,,,,,,,,,,,,,,,,,,,,,,,,,,,,,,,,,,,,,,,,,,,Željko Kerum,Željko Kerum,Željko Kerum,Željko Kerum,Željko Kerum,Željko Kerum,Željko Kerum,Željko Kerum,Željko Kerum,Željko Kerum,Željko Kerum,Željko Kerum,Željko Kerum,Željko Kerum,Željko Kerum,Željko Kerum,Željko Kerum,Željko Kerum,Željko Kerum,Željko Kerum,Željko Kerum,Željko Kerum,Željko Kerum,Željko Kerum,Željko Kerum,Željko Kerum,Željko Kerum,Željko Kerum,Željko Kerum,Željko Kerum,,,,,,,,,,,,,,,,,Željko Kerum,,,,,,,,,,,,,,,,,,,,,,,,,,,,,,,,,,,,,,,,,,,,,entrepreneur,,,,,,,,,,,,,,,,
Q4846291,,Željko Reiner,Željko Reiner,Желько Райнер,Željko Reiner,Željko Reiner,Željko Reiner,Željko Reiner,,,,,Željko Reiner,Željko Reiner,Željko Reiner,Željko Reiner,Željko Reiner,,Željko Reiner,Желько Райнер,https://upload.wikimedia.org/wikipedia/commons/5/58/Reiner_zeljko.jpg,male,1953-05-28,,Željko,Željko Reiner,,,,,Željko Reiner,,,,Željko Reiner,澤利科·雷伊奈爾,Željko Reiner,,,,,,,,,,176552772,,,,,,,,,,Željko Reiner,,,,,,,,,,,,,,,,,,,,,,,,,,,,,,,,,,Željko Reiner,,,,,,,,,,,,,,,,,,,n2015007596,,,,,Željko Reiner,,Željko Reiner,,,,,,,,,,,,,,,,,,,,,,,,,,,,,,,,,,,,,,,,,,,,,,,,Željko Reiner,,,,Željko Reiner,Željko Reiner,,,,,,,,,,,,,,,,,,,,,,,,,,,,,,,,,,,,,,,,politician,,,,,,,,,,,14611043,,,,,
Q4953093,,Božo Ljubić,Božo Ljubić,,Božo Ljubić,Božo Ljubić,Božo Ljubić,,,,,,Božo Ljubić,,Božo Ljubić,,Božo Ljubić,,,,https://upload.wikimedia.org/wikipedia/commons/e/e8/Ljubić_Božo_2.jpg,male,1949-09-30,,Božo,,,,,,,,,,,,,,,Božo Ljubić,,,,,,,,,,,,,,,,,,,,,,,,,,,,,,,,,,,,,,,,,,,,,,,,,,,,,,,,,,,,,,,,,,,,,,,,,,,,,,,,,,,,,,,,,,,,,,,,,,,,,,,,,,,,,,,,,,,,,,,,,,,,,Božo Ljubić,,,,,,,,,,,,,,,,,,,,,,,,,,,,,,,,,,,,,,,,,,,,,politician,,,,,,,,,,,,,,,,
Q4957466,,Branko Hrg,Branko Hrg,Бранко Хрг,Branko Hrg,Branko Hrg,Branko Hrg,Branko Hrg,,,,,Branko Hrg,,Branko Hrg,,Branko Hrg,,Branko Hrg,Бранко Хрг,,male,1961-09-26,/m/0j24ndb,Branko,Branko Hrg,,,,,Branko Hrg,,,,,,,,,,,,,,,,,,,,,,,,,,,,,,,,,,,,,,,,,,,,,,,,,,,,,,,,,,,,,,,,,,,,,,,,,,,,,,,,,,,http://brankohrg.com/,,,,,,,,,,,,,,,,,,,,,,,,,,,,,,,,,,,,,,,,,,,,,,,,,,,Branko Hrg,,,,,,,,,,,,,,,,,,,,,,,,,,,,,,,,,,,,,,,,,,,,,politician,,,,,,,,,,,,,,,,
Q5222809,,Darinko Kosor,Darinko Kosor,,Darinko Kosor,Darinko Kosor,Darinko Kosor,Darinko Kosor,,,,,Darinko Kosor,Darinko Kosor,Darinko Kosor,,Darinko Kosor,,Darinko Kosor,,,male,1965,,,Darinko Kosor,,,,,Darinko Kosor,,,,,,,,,,,,,,,,,,,,,,,,,,,Darinko Kosor,,,,,,,,,,,,,,,,,,,,,,,,,,,,,,,,,,,,,,,,,,,,,,,,,,,,,,,,,,,,,,,,,,,,,,,,,,,,,,,,,,,,,,,,,,,,,,,,,,,,,,,,,,,Darinko Kosor,,,,,,,,,,,,,,,,,,,,,,,,,,,,,,,,,,,,,,,,,,,,,politician,,,,,,,,,,,,,,,,
Q5223754,,Darko Milinović,Darko Milinović,,Darko Milinović,,Darko Milinović,Darko Milinović,,,,,Darko Milinović,,Darko Milinović,,Darko Milinović,,Darko Milinović,,https://upload.wikimedia.org/wikipedia/commons/e/e4/Darko_Milinović_25-06-09.jpg,male,1963-04-25,,Darko,Darko Milinović,,,,,Darko Milinović,,,,,,,,,,,,,,,,,,,,,,,,,,,,,,,,,,,,,,,,,,,,,,,,,,,,,,,,,,,,,,,,,,,,,,,,,,,,,,,,,,,,,,,,,,,,,,,,,,,,,,,,,,,,,,,,,,,,,,,,,,,,,,,,,,,,,,Darko Milinović,,,,,,,,,,,,,,,,,,,,,,,,,,,,,,,,,,,,,,,,,,,,,politician,,,,,,,,,,,,,,,,
Q5242086,,Davor Bernardić,Davor Bernardić,,Davor Bernardić,Davor Bernardić,Davor Bernardić,Davor Bernardić,,,,Davor Bernardić,Davor Bernardić,,Davor Bernardić,,Davor Bernardić,,Davor Bernardić,,https://upload.wikimedia.org/wikipedia/commons/b/b6/Davor_Bernardić.png,male,1980-01-05,,Davor,Davor Bernardić,,Davor Bernardić,,,Davor Bernardić,,Davor Bernardić,,,,,,,,,,,Davor Bernardić,,,,,,,,,,,,,,,,,,,,,,,,,,,,,,,,,,,,,,,,,,,,,,,,,,,,,,,,,,,,,,,,,,,,,,,,,,,,,,,,,,,,,,,,,,,,,,,,,,,,,,,,,,,,,,,,,,,,,,,,,Davor Bernardić,,,,,,,,,,,,,,,,,,,,,,,,,,,,,,,,,,,,,,,,,,,,,politician,,,,,,,,,,,,,,,,
Q571574,"Котроманович, Анте",Ante Kotromanović,Ante Kotromanović,Анте Котроманович,Ante Kotromanović,Ante Kotromanović,Ante Kotromanović,Ante Kotromanović,Ante Kotromanović,Ante Kotromanović,Ante Kotromanović,Ante Kotromanović,Ante Kotromanović,Ante Kotromanović,Ante Kotromanović,Ante Kotromanović,Ante Kotromanović,"Котроманович, Анте",Ante Kotromanović,Анте Котроманович,https://upload.wikimedia.org/wikipedia/commons/5/50/A_kotromanovic.jpg,male,1968-05-08,/m/0j7jddr,Ante,Ante Kotromanović,,,,,Ante Kotromanović,,,,,,,,,,,,,,,,,,,,,,,,,,,,,,,,,,,,,Ante Kotromanović,,,,,,,,,,,,,,,,,,,,,,,,,,,,,,,,,,,,,,,,,,,,,,,,,,,,,,,,,,,,,,Ante Kotromanović,,,,,,,,,,,,,,,,,,,,,,,,,,,,,,,,,,,Ante Kotromanović,,,,,,,,,,,,,,,,,,,,,,,,,,,,,,,,,,,,,,,,,,,,,politician,,,,,,,,,,,,,,,,
Q57611,"Косор, Ядранка",Jadranka Kosor,Jadranka Kosor,Ядранка Косор,Jadranka Kosor,Jadranka Kosor,Jadranka Kosor,Jadranka Kosor,Jadranka Kosor,Jadranka Kosor,Jadranka Kosor,Jadranka Kosor,Jadranka Kosor,Jadranka Kosor,Jadranka Kosor,Jadranka Kosor,Jadranka Kosor,"Косор, Ядранка",Jadranka Kosor,Ядранка Косор,https://upload.wikimedia.org/wikipedia/commons/e/ed/Jadranka_Kosor_2009.jpg,female,1953-07-01,/m/04ng76,Jadranka,Jadranka Kosor,Jadranka Kosor,Јадранка Косор,Jadranka Kosor,Jadranka Kosor,Jadranka Kosor,Jadranka Kosor,Јадранка Косор,,Jadranka Kosor,亚德兰卡·科索尔,Jadranka Kosor,亚德兰卡·科索尔,,,,Jadranka Kosor,Jadranka Kosor,Jadranka Kosor,,,,,,Jadranka Kosor,Jadranka Kosor,Jadranka Kosor,야드란카 코소르,Ядранка Косар,Jadranka Kosor,Jadranka Kosor,Jadranka Kosor,Jadranka Kosor,Jadranka Kosor,Jadranka Kosor,ヤドランカ・コソル,Jadranka Kosor,Γιάντρανκα Κόσορ,يادرانكا كوسور,Jadranka Kosor,Jadranka Kosorová,Ядранка Косор,Jadranka Kosor,Jadranka Kosor,Ядранка Косар,Hadriana Kosor,Jadranka Kosorová,Jadranka Kosor,Ядранка Косор,იადრანკა კოსორი,Jadranka Kosor,یادرانکا کوسور,يادرانكا كوسور,Ядранка Косар,Ядранка Косар,Ядранка Косор,Jadranka Kosor,Jadranka Kosorová,Jadranka Kosor,Γιάντρανκα Κόσορ,Jadranka Kosor,Jadranka Kosor,Jadranka Kosor,یادرانکا کوسور,Jadranka Kosor,Jadranka Kosor,Jadranka Kosor,Jadranka Kosor,ヤドランカ・コソル,იადრანკა კოსორი,야드란카 코소르,Hadriana Kosor,Jadranka Kosor,Ядранка Косор,Jadranka Kosor,Jadranka Kosor,Jadranka Kosorová,Jadranka Kosor,Jadranka Kosor,Jadranka Kosor,Jadranka Kosor,,,,,,,,,,,,,,,,,,,,,,,,Jadranka Kosor,,,,,,,,,,,,,,,,,,,,ידרנקה קוסור,,Յադրանկա Կոսոր,,,ידרנקה קוסור,Յադրանկա Կոսոր,,,,,,,,,Јадранка Косор,,,biography/Jadranka-Kosor,,,,,,,,,,,,,,,,,,,Јадранка Косор,,,,,,,,,,,,,,,,,,,,,,,journalist,,,,,,,,Категорија:Јадранка Косор,,,36714851,,,,,
Q57687,Зоран Миланович,Zoran Milanović,Zoran Milanović,Зоран Міланович,Zoran Milanović,Zoran Milanović,Zoran Milanović,Zoran Milanović,Zoran Milanović,Zoran Milanović,Zoran Milanović,Zoran Milanović,Zoran Milanović,Zoran Milanović,Zoran Milanović,Zoran Milanović,Zoran Milanović,"Миланович, Зоран",Zoran Milanović,Зоран Міланович,https://upload.wikimedia.org/wikipedia/commons/a/aa/16_obljetnica_vojnoredarstvene_operacije_Oluja_04082011_Zoran_Milanovic_38.jpg,male,1966-10-30,/m/02rj3p1,Zoran,Zoran Milanović,Zoran Milanović,Зоран Милановић,Zoran Milanović,Zoran Milanović,Zoran Milanović,Zoran Milanović,Зоран Милановић (политичар),,,佐兰·米拉诺维奇,,佐兰·米拉诺维奇,,Zoran Milanović,,Zoran Milanović,Zoran Milanović,Zoran Milanović,,,277708121,,,,,Zoran Milanović,조란 밀라노비치,Зоран Міланавіч,Zoran Milanović,,Zoran Milanović,Zoran Milanović,,Zoran Milanović,ゾラン・ミラノヴィッチ,,Ζόραν Μιλάνοβιτς,زوران ميلانوفيتش,Zoran Milanović,,,Zoran Milanović,Zoran Milanović,,Zoran Milanović,Zoran Milanović,,,,,زوران میلانوویچ,زوران ميلانوفيتش,,Зоран Міланавіч,,,Zoran Milanović,,Ζόραν Μιλάνοβιτς,Zoran Milanović,Zoran Milanović,,زوران میلانوویچ,,Zoran Milanović,,Zoran Milanović,,,조란 밀라노비치,Zoran Milanović,Zoran Milanović,,Zoran Milanović,,,,Zoran Milanović,,,Milanović,,0000 0003 8476 5141,nb2012019791,,,1027200524,,,Category:Zoran Milanović,,,,,,,,,,,,,,Zoran Milanović,,,,Zoran Milanović,,,,,,,,,,,,,,,Zoran Milanović,זוראן מילנוביץ',Zoran Milanović,Զորան Միլանովիչ,Zoran Milanović,Zoran Milanović,זוראן מילנוביץ',Զորան Միլանովիչ,Zoran Milanović,Zoran Milanović,Zoran Milanović,Zoran Milanović,00000028994,,vjd5kwyig7ww,Zoran Milanović,Зоран Милановић (политичар),,,,,,,,,,,,,,,,,,,,,,,,,,,,,,,,,,,,,,,,,,,,,politician,,,,,,,,Категорија:Зоран Милановић,,,,,,,,
Q58191,"Пусич, Весна",Vesna Pusić,Vesna Pusić,Весна Пусич,Vesna Pusić,Vesna Pusić,Vesna Pusić,Vesna Pusić,,,,Vesna Pusić,Vesna Pusić,Vesna Pusić,Vesna Pusić,Vesna Pusić,Vesna Pusić,"Пусич, Весна",Vesna Pusić,Весна Пусич,https://upload.wikimedia.org/wikipedia/commons/2/2d/20_obljetnica_osnivanja_OS_RH_Vesna_Pusic_26052011_2.jpg,female,1953-03-25,/m/050x_l,Vesna,Vesna Pusić,,Весна Пусић,Vesna Pusić,Vesna Pusić,Vesna Pusić,,Весна Пусић,,,,,,,,,,,Vesna Pusić,,,66032720,Vesna Pusić,,Vesna Pusić,,,베스나 푸시치,,Vesna Pusić,,Vesna Pusić,Vesna Pusić,,,,,,فيسنا بوسيتش,,,,,Vesna Pusić,,Vesna Pusić,,,Весна Пусич,ვესნა პუსიჩი,,,فيسنا بوسيتش,,,Весна Пусич,Vesna Pusić,,,,,,,,,Vesna Pusić,,Vesna Pusić,,ვესნა პუსიჩი,베스나 푸시치,Vesna Pusić,,,,,,,,,,,,,no91010322,,,,http://vesna-pusic.hns.hr/,,Category:Vesna Pusić,,Vesna Pusić,,,,,,,,,,,,Vesna Pusić,,,,,,,,,,,,,,,,,,,,,,,,,,,,,,,,,,,Весна Пусић,,,,,,,,,,,,,,,,,,韋斯娜·皮習克,韦斯娜·皮习克,4373,,,,,,,,,,,,,,,,,,,,,,,,,politician,,,,,,,,Категорија:Весна Пусић,,,,Vesna-Pusić,,,,
Q6290886,,,Josip Kregar,,,Josip Kregar,Josip Kregar,,,,,,Josip Kregar,,Josip Kregar,,,,,,,male,1953-01-01,,Josip,,,,,,,,,,,,,,,,,,,,,,,,,,,,,,,,,,,,,,,,,,,,,,,,,,,,,,,,,,,,,,,,,,,,,,,,,,,,,,,,,,,,,,,,,,,,,,,,,,,,,,,,,,,,,,,,,,,,,,,,,,,,,,,,,,,,,,,,,,,,Josip Kregar,,,,,,,,,,,,,,,,,,,,,,,,,,,,,,,,,,,,,,,,,,,,,lawyer,,,,,,,,,,,,,,,,
Q6379,Сандра Перкович,Sandra Perković,Sandra Perković,Сандра Перкович,Sandra Perković,Sandra Perković,Sandra Perković,Sandra Perković,Sandra Perković,Sandra Perković,Sandra Perković,Sandra Perković,Sandra Perković,Sandra Perković,Sandra Perković,Sandra Perković,Sandra Perković,"Перкович, Сандра",Sandra Perković,Сандра Перкович,https://upload.wikimedia.org/wikipedia/commons/a/ab/Sandra_Perković_Doha_2015.jpg,female,1990-06-21,/m/07kgp60,Sandra,Sandra Perković,Sandra Perković,Сандра Перковић,Sandra Perković,Sandra Perković,Sandra Perković,Sandra Perković,Сандра Перковић,,Sandra Perković,桑德拉·佩尔科维奇,Sandra Perković,桑德拉·佩尔科维奇,,,,Sandra Perković,Sandra Perković,Sandra Perković,,,,Sandra Perković,Sandra Perković,Sandra Perković,,,,,Sandra Perković,,,Sandra Perković,Sandra Perković,Sandra Perković,サンドラ・ペルコビッチ,,Σάντρα Πέρκοβιτς,,,,Сандра Перкович,Sandra Perković,Sandra Perković,,,Sandra Perkovićová,,Сандра Перкович,,,ساندرا پرکویچ,,,,Сандра Перкович,,Sandra Perkovićová,,Σάντρα Πέρκοβιτς,,Sandra Perković,,ساندرا پرکویچ,,,,Sandra Perković,サンドラ・ペルコビッチ,,,,,Сандра Перкович,Sandra Perković,,,,Sandra Perković,,,,,,,,,,,,Category:Sandra Perković,,,,Sandra Perković,Sandra Perković,,,,,,,,,,,,,,Sandra Perković,,,,,,,,,,,,,,Sandra Perković,סנדרה פרקוביץ',,,Sandra Perković,,סנדרה פרקוביץ',,,,,,,,,,Sandra Perković,,,,,,Sandra Perković,Sandra Perković,সান্দ্রা পার্কোভিচ,Sandra Perkoviča,সান্দ্রা পার্কোভিচ,Sandra Perković,Sandra Perkoviča,Sandra Perković,226369,perkovicsandra,sandraperkovicfanpage,,,,,Сандра Перковиќ,Сандра Перковиќ,,,,,,,,,,,,,,,,,,,,,,,athletics competitor,,,,,,,,,,,,,స్యాండ్రా పెర్కొవిష్,Sandra Perković,sandra-perkovic,236819
Q7104130,,Orsat Miljenić,Orsat Miljenić,,,Orsat Miljenić,Orsat Miljenić,,,,,,Orsat Miljenić,,Orsat Miljenić,Orsat Miljenić,,,,,https://upload.wikimedia.org/wikipedia/commons/e/e3/O_miljanic.jpg,male,1968-09-15,,,Orsat Miljenić,,Орсат Миљенић,,,Orsat Miljenić,,Орсат Миљенић,,,,,,,,,,,,,,,,,,,,,,,,,,,,,,,,,,,,,,,,,,,,,,,,,,,,,,,,,,,,,,,,,,,,,,,,,,,,,,,,,,,,,,,,,,,,,,,,,,,,,,,,,,,,,,,,,,,,,,,,,,,,,,,,,,,,Orsat Miljenić,,,,,,,,,,,,,,,,,,,,,,,,,,,,,,,,,,,,,,,,,,,,,politician,,,,,,,,Категорија:Орсат Миљенић,,,,,,,,
Q7286273,,Rajko Ostojić,Rajko Ostojić,,Rajko Ostojić,Rajko Ostojić,Rajko Ostojić,Rajko Ostojić,,,,,Rajko Ostojić,,Rajko Ostojić,Rajko Ostojić,Rajko Ostojić,,Rajko Ostojić,,https://upload.wikimedia.org/wikipedia/commons/5/55/Rajko_Ostojic.jpg,male,1962-02-19,,Rajko,,,,,,,,,,,,,,,,,,,,,,,,,,,,,,,,,,,,,,,,,,,,,,,,,,,,,,,,,,,,,,,,,,,,,,,,,,,,,,,,,,,,,,,,,,,,,,,,,,,,,,,,,,,,,,,,,,,,,,,,,,,,,,,,,,,,,,,,,,,,Rajko Ostojić,,,,,,,,,,,,,,,,,,,,,,,,,,,,,,,,,,,,,,,,,,,,,politician,,,,,,,,,,,,,,,,
Q7938757,,Vladimir Šišljagić,Vladimir Šišljagić,,Vladimir Šišljagić,Vladimir Šišljagić,Vladimir Šišljagić,Vladimir Šišljagić,,,,,Vladimir Šišljagić,,Vladimir Šišljagić,,Vladimir Šišljagić,,Vladimir Šišljagić,,,male,1957,,Vladimir,,,,,,,,,,,,,,,,,,,,,,,,,,,,,,,,,,,,,,,,,,,,,,,,,,,,,,,,,,,,,,,,,,,,,,,,,,,,,,,,,,,,,,,,,,,,,,,,,,,,,,,,,,,,,,,,,,,,,,,,,,,,,,,,,,,,,,,,,,,,Vladimir Šišljagić,,,,,,,,,,,,,,,,,,,,,,,,,,,,,,,,,,,,,,,,,,,,,politician,,,,,,,,,,,,,,,,
Q893812,"Шпрем, Борис",Boris Šprem,Boris Šprem,Борис Шпрем,Boris Šprem,Boris Šprem,Boris Šprem,Boris Šprem,,,,,Boris Šprem,Boris Šprem,Boris Šprem,,Boris Šprem,"Шпрем, Борис",Boris Šprem,Борис Шпрем,https://upload.wikimedia.org/wikipedia/commons/2/2b/Boris_Sprem_Zagreb_15012012_2.jpg,male,1956-04-14,/m/0hrh0y6,Boris,Boris Šprem,Boris Šprem,Борис Шпрем,Boris Šprem,Boris Šprem,Boris Šprem,Boris Šprem,Борис Шпрем,2012-09-30,,,,,,,,,,,,,,,,,,,,,,,,,,,,,,,,,,,,,,,,,,,,,,,,,,,,,,,,,,,,,,,,,,,,,,,,,,,,,,,,,,,,,,,,,,,,,,,,Boris Šprem,,,,,,,,,,,,,,,,,,,,,,,,,,,,,,,,,,,Борис Шпрем,,,,,,,,,,,,,,,,,,,,,,,,,,,,,,,,,,,,,,,,,,,,,politician,,,,,,,,,,,,,,,,
Q898543,,Branimir Glavaš,Branimir Glavaš,Бранимир Главаш,Branimir Glavaš,Branimir Glavaš,Branimir Glavaš,Branimir Glavaš,,,,,Branimir Glavaš,Branimir Glavaš,Branimir Glavaš,Branimir Glavaš,Branimir Glavaš,,Branimir Glavaš,Бранимир Главаш,https://upload.wikimedia.org/wikipedia/commons/5/57/Branimir_Glavaš.jpg,male,1956-09-23,/m/06krmc,Branimir,Branimir Glavaš,,Бранимир Главаш,Branimir Glavaš,,Branimir Glavaš,,Бранимир Главаш,,Branimir Glavaš,,Branimir Glavaš,,,,,,,,,,266906757,,,,,,,,,,,,,,ブラニミル・グラヴァシュ,,,,,,,,,,,,,,,,,,,,,,,,,,,,,,,,,,,,,,,,,,,,,,,,,n94054302,,,1013538781,,,,,,,,,,,,,,,,,Branimir Glavaš,,,,,,,,,,,,,,,,,,,,,,,,,,,,,,,,,,,Branimir Glavaš,,,,,,,,,,,,,,,,,,,,,,,,,,,,,,,,,,,,,,,,,,,,,politician,,,,,,,,,,,,,,,,
Q898723,Бранко Вукелич,Branko Vukelić,Branko Vukelić,Бранко Вукелич,Branko Vukelić,Branko Vukelić,Branko Vukelić,Branko Vukelić,Branko Vukelić,Branko Vukelić,Branko Vukelić,Branko Vukelić,Branko Vukelić,Branko Vukelić,Branko Vukelić,Branko Vukelić,Branko Vukelić (ministar),"Вукелич, Бранко",Branko Vukelić,Бранко Вукелич,https://upload.wikimedia.org/wikipedia/commons/6/6c/Svecanost_podizanja_NATOve_zastave_Zagreb_63.jpg,male,1958-03-09,/m/04f1fp_,Branko,Branko Vukelić,,Бранко Вукелић,Branko Vukelić,Branko Vukelić,Branko Vukelić,,,2013-05-03,Branko Vukelić,布兰科·武凯利奇,Branko Vukelić,布兰科·武凯利奇,,,,,,,,,,,,,,,,,,,,,,,,,,,,,,,,,,,,,,,برانکو ووکلیچ,,,,,,,,,,,,برانکو ووکلیچ,,,,,,,,,,,,,,,,,,,,,,,,,,,,,,,,,,,,Branko Vukelić,,,,,Branko Vukelić,,,,,,,,,,,,,,,,,,,,,,,,,,,,,,,,,,,Branko Vukelić,,,,,,,,,,,,,,,,,,,,,,,,,,,,,,,,,,,,,,,,,,,,,politician,,,,,,,,,,,,,,,,
Q928356,Мирослав Туджман,Miroslav Tuđman,Miroslav Tuđman,,Miroslav Tuđman,Miroslav Tuđman,Miroslav Tuđman,Miroslav Tuđman,Miroslav Tuđman,,,,Miroslav Tuđman,Miroslav Tuđman,Miroslav Tuđman,,Miroslav Tuđman,,Miroslav Tuđman,,,male,1946-05-25,/m/09gpd40,Miroslav,Miroslav Tuđman,,,Miroslav Tuđman,,Miroslav Tuđman,,,,,,,,,,,,,,,,21016543,,,,,,,,,,,,,,,,,,,Miroslav Tuđman,,,,,,Miroslav Tuđman,,,,,,,,,,,,,,,,,,,,,,,,,,,,,,,,,,,,,,n82002292,077286677,,1046981528,http://www.miroslav-tudjman.com/,,,,,,,,,,,,,,,,,,,,,,,,,,,,,,,,,,,,,,,,,,,,,,,,,,,Miroslav Tuđman,1451181,,,,,,,,,,,,,,,,,,,,,,,,,,,,,,,,,,,,,,,,,,,,sociologist,,,,,,,,,,,,,,,,
Q933740,"Карамарко, Томислав",Tomislav Karamarko,Tomislav Karamarko,Томіслав Карамарко,Tomislav Karamarko,Tomislav Karamarko,Tomislav Karamarko,Tomislav Karamarko,Tomislav Karamarko,Tomislav Karamarko,Tomislav Karamarko,Tomislav Karamarko,Tomislav Karamarko,Tomislav Karamarko,Tomislav Karamarko,Tomislav Karamarko,Tomislav Karamarko,"Карамарко, Томислав",Tomislav Karamarko,Томіслав Карамарко,https://upload.wikimedia.org/wikipedia/commons/9/9c/Tomislav_Karamarko_2009.JPG,male,1959-05-25,/m/0bm8hqx,Tomislav,Tomislav Karamarko,,Томислав Карамарко,Tomislav Karamarko,,Tomislav Karamarko,,Томислав Карамарко,,Tomislav Karamarko,托米斯拉夫·卡拉馬爾科,Tomislav Karamarko,托米斯拉夫·卡拉馬爾科,,,,,,Tomislav Karamarko,Tomislav Karamarko,Томислав Карамарко,277919982,,,,,,,,,,Tomislav Karamarko,Tomislav Karamarko,,,トミスラヴ・カラマルコ,,,,,,,,,,,,,,,,,,,,,,,,,,,,,,Tomislav Karamarko,,Tomislav Karamarko,,,,,,,,,,,,,,,,,,,,1027207340,http://www.tomislavkaramarko.hr/,Tomislav Karamarko,Category:Tomislav Karamarko,Tomislav Karamarko,,,,,,,,,,,,,Tomislav Karamarko,,,,,,,,,,,,,,,,,,,,,,,,,,,,,,,,,,,Томислав Карамарко,,,,,,,,,,,,,,,,,,,,,,,,,,,,,,,,,,,,,,,,,,,,,politician,,,,,,,,,,,,,,,,
