id,name,sort_name,email,twitter,facebook,group,group_id,area_id,area,chamber,term,start_date,end_date,image,gender,wikidata,wikidata_group,wikidata_area
aa33a9ba-515c-49d6-ad79-0867638e1889,ADRIANA ANASTASOV,ADRIANA ANASTASOV,,adrianastasov,adriana.anastasov,Serbian Progressive Party,serbian_progressive_party,,,National Assembly,10,,,,,,,
691a0a72-b575-4049-948d-37503f8a06e0,AIDA COROVIC,AIDA COROVIC,,,,Democratic Party,democratic_party,,,National Assembly,10,,,,,,,
020d655c-4deb-4d73-b073-b8be07a4b8df,ALEKSANDAR COTRIC,ALEKSANDAR COTRIC,,,www.Facebook.com/aleksandar.cotric.1,Serbian Renewal Movement – Demo-Christian Party of Serbia,serbian_renewal_movement_–_demo-christian_party_of_serbia,,,National Assembly,10,,,,male,Q29246665,,
d49670b3-67ec-4b1e-b4c5-130585adc3c9,ALEKSANDAR JOVICIC,ALEKSANDAR JOVICIC,,,,Serbian Progressive Party,serbian_progressive_party,,,National Assembly,10,,,,,,,
eabf8c75-bd2b-49a3-992b-5faf79d7c239,ALEKSANDAR JUGOVIC,ALEKSANDAR JUGOVIC,,,,Serbian Renewal Movement – Demo-Christian Party of Serbia,serbian_renewal_movement_–_demo-christian_party_of_serbia,,,National Assembly,10,,,,male,Q15710913,,
316987af-b577-4979-8259-b215d714f497,ALEKSANDAR MARKOVIC,ALEKSANDAR MARKOVIC,,aleksmark81,aleksandar.markovic.96592,Serbian Progressive Party,serbian_progressive_party,,,National Assembly,10,,,,,,,
e7e5d6af-a33c-46d9-8c17-f779169e77c4,ALEKSANDAR MARTINOVIC,ALEKSANDAR Dr MARTINOVIC,,,,Serbian Progressive Party,serbian_progressive_party,,,National Assembly,10,,,,,,,
abe87dbf-8943-49d9-8f81-c23f71408c0f,ALEKSANDAR PAJOVIC,ALEKSANDAR Dr PAJOVIC,,,,Serbian Progressive Party,serbian_progressive_party,,,National Assembly,10,,,,,,,
064a5c41-312b-4656-afa7-96d8fb6fd4c2,ALEKSANDAR PERANOVIC,ALEKSANDAR Dr PERANOVIC,,,,Serbian Progressive Party,serbian_progressive_party,,,National Assembly,10,,,,,,,
cd269f3b-493b-4778-8d7f-d46a71a8178b,ALEKSANDAR RADOJEVIC,ALEKSANDAR Dr RADOJEVIC,,,,Serbian Progressive Party,serbian_progressive_party,,,National Assembly,10,,,,,,,
6ac96b9c-46d7-48ee-967f-8cdfd007b7cd,ALEKSANDAR SENIC,ALEKSANDAR SENIC,,AlexandarSenic,,"Boris Tadic – Social Democratic Party, Together for Serbia","boris_tadic_–_social_democratic_party,_together_for_serbia",,,National Assembly,10,,,,,,,
bba8b464-55c1-4a39-bec7-7ebcdc6b6f2e,ALEKSANDRA DJUROVIC,ALEKSANDRA DJUROVIC,,,,Serbian Progressive Party,serbian_progressive_party,,,National Assembly,10,,,,female,Q29475815,,
d066cb15-9a36-4cf9-8a91-dbde35aed7dc,ALEKSANDRA MA JERKOV,ALEKSANDRA MA JERKOV,,,,Democratic Party,democratic_party,,,National Assembly,10,,,https://upload.wikimedia.org/wikipedia/commons/c/ca/Aleksandra_Jerkov.jpg,female,Q12748249,,
9df73e68-e314-4699-851b-f8e123dca791,ALEKSANDRA MALETIC,ALEKSANDRA MALETIC,,,,Serbian Progressive Party,serbian_progressive_party,,,National Assembly,10,,,,,,,
ef8fdf94-5706-4b18-9121-6f5df059cb4c,ALEKSANDRA TOMIC,ALEKSANDRA Dr TOMIC,,BgdSaska,aleksandra.tomicbgd,Serbian Progressive Party,serbian_progressive_party,,,National Assembly,10,,,,,,,
9d2f359e-9c87-4d77-a18d-365a96a0d16b,ANA FILIPOVIC,ANA FILIPOVIC,,,,Serbian Progressive Party,serbian_progressive_party,,,National Assembly,10,2014-11-08,,,,,,
54294977-4923-49fa-a79c-f7f2a7b5d6e5,ANNAMÁRIA VICSEK,ANNAMÁRIA VICSEK,,,,Alliance of Vojvodina Hungarians,alliance_of_vojvodina_hungarians,,,National Assembly,10,,,,,,,
dc3e026b-8648-4c1b-810b-52107772ddf9,BALSA BOZOVIC,BALSA BOZOVIC,,Balshone,balshone,Democratic Party,democratic_party,,,National Assembly,10,,,,male,Q4853233,,
466be582-ad8d-4291-bbc6-f9c22e105225,BILJANA ILIC STOSIC,BILJANA ILIC STOSIC,,,,Serbian Progressive Party,serbian_progressive_party,,,National Assembly,10,,,,,,,
34d07e93-2b3a-4a7f-a693-2ba07e3916a5,BILJANA PANTIC PILJA,BILJANA PANTIC PILJA,,,biljana.pantic,Serbian Progressive Party,serbian_progressive_party,,,National Assembly,10,,,,,,,
23a5c30c-23c7-459a-9a70-f1d18d0b3bdb,BILjANA HASANOVIC KORAC,BILjANA HASANOVIC KORAC,,,,"Boris Tadic – Social Democratic Party, Together for Serbia","boris_tadic_–_social_democratic_party,_together_for_serbia",,,National Assembly,10,,,,,,,
778f07e0-1ea3-424f-a6e3-44fb1b004dc0,BILjANA SAVOVIC,BILjANA SAVOVIC,,,,Serbian Progressive Party,serbian_progressive_party,,,National Assembly,10,,,,,,,
dd18a624-fadf-417a-b9d7-94247c931fb5,BLAGOJE M.Sci Dr.med.dent BRADIC,BLAGOJE M.Sci Dr.med.dent BRADIC,,,,"Boris Tadic – Social Democratic Party, Together for Serbia","boris_tadic_–_social_democratic_party,_together_for_serbia",,,National Assembly,10,,,,,,,
a0343e82-a5c1-45e5-ac37-f49f6ddc03cc,BOBAN BIRMANCEVIC,BOBAN Dr BIRMANCEVIC,,,,Serbian Progressive Party,serbian_progressive_party,,,National Assembly,10,,,,,,,
ca9f9b8f-bf99-4be8-8029-6977ea5ac8b5,BOJAN KOSTRES,BOJAN KOSTRES,,,,League of Social Democrats of Vojvodina,league_of_social_democrats_of_vojvodina,,,National Assembly,10,,,https://upload.wikimedia.org/wikipedia/commons/6/62/Bojan_Kostreš_Crop.jpg,male,Q2909140,,
e72f7e68-7a11-4286-92f2-5453430bb555,BORISAV KOVACEVIC,BORISAV KOVACEVIC,,,,Party of United Pensioners of Serbia,party_of_united_pensioners_of_serbia,,,National Assembly,10,,,,,,,
4758daec-aea1-45fc-998a-9bf7084d20d7,BORISLAV STEFANOVIC,BORISLAV STEFANOVIC,,,,unknown,unknown,,,National Assembly,10,,,https://upload.wikimedia.org/wikipedia/commons/1/11/Borko_Stefanovic_Crop.jpg,male,Q537821,,
6cd16079-bbd2-4058-9f75-7c858a40b25b,BRANIMIR Prim. RANCIC,BRANIMIR Prim. Dr RANCIC,,,,Serbian Progressive Party,serbian_progressive_party,,,National Assembly,10,2015-01-30,,,,,,
6be8353d-82f2-4b8d-a562-8e58cb88def2,BRANISLAV BLAZIC,BRANISLAV Dr BLAZIC,,,,Serbian Progressive Party,serbian_progressive_party,,,National Assembly,10,,,,male,Q28911753,,
479c1129-b42d-449f-b460-6e7d85a99107,BRANKA BOSNjAK,BRANKA BOSNjAK,,,,Social Democratic Party of Serbia,social_democratic_party_of_serbia,,,National Assembly,10,,,,,,,
ee95b632-1f88-499c-9516-50c8f9f1d85d,BRANKA JANKOVIC,BRANKA JANKOVIC,,,,Serbian Progressive Party,serbian_progressive_party,,,National Assembly,10,2014-10-03,,,,,,
d967a511-c335-4793-8e02-942feb27c107,BRANKA KARAVIDIC,BRANKA KARAVIDIC,,,,"Boris Tadic – Social Democratic Party, Together for Serbia","boris_tadic_–_social_democratic_party,_together_for_serbia",,,National Assembly,10,,,,,,,
e8290136-da32-4584-b2b6-50b45ec09a95,BRANKO DJUROVIC,BRANKO prof. Dr DJUROVIC,,,,Social Democratic Party of Serbia,social_democratic_party_of_serbia,,,National Assembly,10,,,,,,,
fb0488af-5bfc-4a4f-aa1f-b0064d458325,BRANKO RUZIC,BRANKO RUZIC,,brankoruzicsps,ruzicbranko,Socialist Party of Serbia,socialist_party_of_serbia,,,National Assembly,10,,,,male,Q12749330,,
ad1e85a7-133f-4f08-9663-e0d3c036dde5,BRATIMIR VASILjEVIC,BRATIMIR VASILjEVIC,,,bratimir.vasiljevic,Serbian Progressive Party,serbian_progressive_party,,,National Assembly,10,,,,,,,
cd37cb2b-0ab7-4a11-b64c-4ca4b921711e,BÁLINT PÁSZTOR,BÁLINT PÁSZTOR,,pasztorbalint,Facebook.com/pasztorbalint,Alliance of Vojvodina Hungarians,alliance_of_vojvodina_hungarians,,,National Assembly,10,,,,,,,
b3277c27-169e-4391-a04a-94cfaa7ae4b3,DALIBOR RADICEVIC,DALIBOR RADICEVIC,,,,Serbian Progressive Party,serbian_progressive_party,,,National Assembly,10,,,,,,,
b5188cae-8206-4ff8-b9b6-6f09ace7b0dc,DARKO MD - PhD LAKETIC,DARKO MD - PhD LAKETIC,,,,Serbian Progressive Party,serbian_progressive_party,,,National Assembly,10,,,,,,,
13b3f304-ee4e-4842-a629-43fc37e13610,DEJAN KOVACEVIC,DEJAN KOVACEVIC,,,,Serbian Progressive Party,serbian_progressive_party,,,National Assembly,10,,,,,,,
dc97a31e-d007-4fd0-9023-1c0a60111f1c,DEJAN MA CAPO,DEJAN MA CAPO,,,,League of Social Democrats of Vojvodina,league_of_social_democrats_of_vojvodina,,,National Assembly,10,,,,,,,
c54c81fa-7e40-4e76-b453-1987708ca419,DEJAN MA RADENKOVIC,DEJAN MA RADENKOVIC,,RadenkovicDejan,,Socialist Party of Serbia,socialist_party_of_serbia,,,National Assembly,10,,,,,,,
4b291fc9-28a5-446b-844e-b2e7b98d437c,DEJAN NEKTARIJEVIC,DEJAN Dr NEKTARIJEVIC,,,,Serbian Progressive Party,serbian_progressive_party,,,National Assembly,10,,,,,,,
73edad21-2758-46d0-bbbf-b24951c6b1a0,DEJAN NIKOLIC,DEJAN NIKOLIC,,DejanNikolic,dejan.nikolic.3745,Democratic Party,democratic_party,,,National Assembly,10,,,,,,,
d6bbb8ed-0a06-40ea-b07b-df30916b4d8e,DIJANA VUKOMANOVIC,DIJANA Dr VUKOMANOVIC,,vukomand,vukomanovicdijana,Socialist Party of Serbia,socialist_party_of_serbia,,,National Assembly,10,,,,,,,
4b81d75f-2c7d-4f45-bf7b-792ca6bb5986,DJORDJE CABARKAPA,DJORDJE CABARKAPA,,,,Socialist Party of Serbia,socialist_party_of_serbia,,,National Assembly,10,2014-07-31,,,,,,
3b845d44-e623-4052-b51f-3fd8522a8350,DJORDJE KOSANIC,DJORDJE KOSANIC,,,,United Serbia,united_serbia,,,National Assembly,10,,,,,,,
d70b54a0-e048-4779-84a9-836f9757b46b,DJORDJE MILICEVIC,DJORDJE MILICEVIC,,,,Socialist Party of Serbia,socialist_party_of_serbia,,,National Assembly,10,,,,,,,
a8b6e3b4-8f58-45a2-b77c-3ce529503a3a,DJORDJE STOJSIC,DJORDJE STOJSIC,,,,League of Social Democrats of Vojvodina,league_of_social_democrats_of_vojvodina,,,National Assembly,10,,,,,,,
a69c51e2-49d4-47f5-be6d-5f6c981f2927,DRAGAN ALEKSIC,DRAGAN ALEKSIC,,,,Serbian Progressive Party,serbian_progressive_party,,,National Assembly,10,,,,male,Q16442061,,
8c4c94d2-5079-4b82-840a-b390e9e18ecd,DRAGAN JOVANOVIC,DRAGAN JOVANOVIC,,,,New Serbia,new_serbia,,,National Assembly,10,,,,,,,
9036af45-72bd-4e5a-9d98-8cef75f20c5c,DRAGAN MARKOVIC,DRAGAN MARKOVIC,,,,United Serbia,united_serbia,,,National Assembly,10,,,https://upload.wikimedia.org/wikipedia/commons/5/55/Dragan_Marković_Palma_&_Boris_Tadić.jpg,male,Q1252153,,
61acbbf8-b39e-4109-871b-62fc87ec5350,DRAGAN NIKOLIC,DRAGAN NIKOLIC,,,,Serbian Progressive Party,serbian_progressive_party,,,National Assembly,10,,,,,,,
de55bb9a-704f-4922-880d-944506548ee8,DRAGAN PAUNOVIC,DRAGAN PAUNOVIC,,,,Serbian Progressive Party,serbian_progressive_party,,,National Assembly,10,,,,,,,
8d011e3c-9c08-4590-ad58-c277a948797c,DRAGAN POLOVINA,DRAGAN POLOVINA,,,,Serbian Progressive Party,serbian_progressive_party,,,National Assembly,10,2014-10-03,,,,,,
636ac3ca-5dd8-4c90-9f9e-9f51bdf2bee8,DRAGAN SORMAZ,DRAGAN SORMAZ,,dragansormaz,,Serbian Progressive Party,serbian_progressive_party,,,National Assembly,10,,,,,,,
5f341a07-da50-45c9-ba56-f3ad2f540cdc,DRAGAN SUTANOVAC,DRAGAN SUTANOVAC,,SutanovacDragan,dragan.sutanovac.7,Democratic Party,democratic_party,,,National Assembly,10,,,https://upload.wikimedia.org/wikipedia/commons/c/c5/Dragan_Šutanovac_091201-D-9880W-025.jpg,male,Q1254664,,
cce24986-a38b-4f32-ba8a-9e6fd81b473b,DRAGAN TODOROVIC,DRAGAN TODOROVIC,,,,Serbian Progressive Party,serbian_progressive_party,,,National Assembly,10,,,,,,,
7f92387d-a24d-4f6c-b00c-83f8b141fcdc,DRAGANA BARISIC,DRAGANA Dr BARISIC,,Dragana_Barisic,dragana.micic.barisic,Serbian Progressive Party,serbian_progressive_party,,,National Assembly,10,,,,female,Q28861412,,
b852232c-5422-4234-933e-f696da495d74,DRAGOLjUB MICUNOVIC,DRAGOLjUB Prof. Dr MICUNOVIC,,,,Democratic Party,democratic_party,,,National Assembly,10,,,https://upload.wikimedia.org/wikipedia/commons/1/1b/Dragoljub_Mićunović_profile_photo.jpg,male,Q1254775,,
50fea2c0-79a3-489e-9b6f-fc1e7959755b,DRAGOLjUB ZINDOVIC,DRAGOLjUB ZINDOVIC,,,,Serbian Progressive Party,serbian_progressive_party,,,National Assembly,10,,,,,,,
278ffb5a-bae5-43fc-a687-ba48143d5b15,DRAGOMIR KARIC,DRAGOMIR KARIC,,dragomirkaric,dragomir.karic,Serbian Progressive Party,serbian_progressive_party,,,National Assembly,10,,,,male,Q37973221,,
e53c976a-cc45-4400-bf05-e4b8cce1c220,DUBRAVKA FILIPOVSKI,DUBRAVKA FILIPOVSKI,,DubravkaFilipov,dubravka.filipovski,New Serbia,new_serbia,,,National Assembly,10,,,,female,Q16630186,,
69827db8-01b0-4fa0-b45f-aa070f53b7f9,DUSAN BAJATOVIC,DUSAN BAJATOVIC,,,,Socialist Party of Serbia,socialist_party_of_serbia,,,National Assembly,10,,,,male,Q28853717,,
2e1c215c-8fbf-4688-90a2-e15dbec735de,DUSAN JANKOVIC,DUSAN JANKOVIC,,,,Serbian Progressive Party,serbian_progressive_party,,,National Assembly,10,2014-06-27,,,,,,
8d75f567-42fa-4347-b559-61a4db4571ec,DUSAN MILISAVLJEVIC,DUSAN Prof. Dr MILISAVLJEVIC,,,,Democratic Party,democratic_party,,,National Assembly,10,,,,,,,
9a38c6d2-9c43-47cd-991d-5a1ba2e9ae89,DUSAN PETROVIC,DUSAN PETROVIC,,,,"Boris Tadic – Social Democratic Party, Together for Serbia","boris_tadic_–_social_democratic_party,_together_for_serbia",,,National Assembly,10,,,https://upload.wikimedia.org/wikipedia/commons/3/33/Dušan_Petrović_crop.jpg,male,Q741215,,
c7132054-18d6-4018-a567-9729764e4157,DUSAN STUPAR,DUSAN STUPAR,,,,Serbian Progressive Party,serbian_progressive_party,,,National Assembly,10,,,,,,,
77922577-95a2-4839-92d8-db349cbca005,DUSICA NIKOLIC,DUSICA NIKOLIC,,,,Serbian Progressive Party,serbian_progressive_party,,,National Assembly,10,,,,,,,
fb34fe74-2f06-4b1e-a218-593862567487,DUSICA STOJKOVIC,DUSICA STOJKOVIC,,Duca_Stojkovic,dusica.stojkovic.35,Serbian Progressive Party,serbian_progressive_party,,,National Assembly,10,,,,,,,
b0c332db-850b-4aef-8754-12a4d1af45bb,ELVIRA KOVÁCS,ELVIRA KOVÁCS,,,elvira.kovacs.313,Alliance of Vojvodina Hungarians,alliance_of_vojvodina_hungarians,,,National Assembly,10,,,,,,,
462a8c40-37e0-49e2-8318-eda4a4c8a143,ENIS IMAMOVIC,ENIS IMAMOVIC,,EnisImamovic,enis.imamovic,SDA Sandzak – Party of Democratic Action,sda_sandzak_–_party_of_democratic_action,,,National Assembly,10,,,,male,Q31791746,,
216b78a9-8be5-4ee7-a477-2d78a058576e,GORAN BOGDANOVIC,GORAN BOGDANOVIC,,,,"Boris Tadic – Social Democratic Party, Together for Serbia","boris_tadic_–_social_democratic_party,_together_for_serbia",,,National Assembly,10,,,https://upload.wikimedia.org/wikipedia/commons/1/12/Goran_Bogdanovic_2.jpg,male,Q3110801,,
200fef7f-5452-475d-9458-73940d9fc94a,GORAN CIRIC,GORAN CIRIC,,,,Democratic Party,democratic_party,,,National Assembly,10,,,,male,Q29053364,,
71d903b0-5476-414d-a3e2-7e95533d79be,GORAN KOVACEVIC,GORAN KOVACEVIC,,,,Serbian Progressive Party,serbian_progressive_party,,,National Assembly,10,,,,,,,
b4e7f4cd-2900-4153-8a29-ab2cd1196346,GORAN MLADENOVIC,GORAN MLADENOVIC,,,,Serbian Progressive Party,serbian_progressive_party,,,National Assembly,10,2014-10-03,,,,,,
11168361-6f15-488e-af57-4572a269eb74,GORAN VUKADINOVIC,GORAN VUKADINOVIC,,,,Serbian Progressive Party,serbian_progressive_party,,,National Assembly,10,,,,,,,
31ca516f-15d5-41fc-8c8c-3667b7ae3106,GORDANA COMIC,GORDANA COMIC,,gordanacom,1002511807,Democratic Party,democratic_party,,,National Assembly,10,,,https://upload.wikimedia.org/wikipedia/commons/d/d7/Gordana_Čomić_-_May_2015_(cropped).jpg,female,Q16269542,,
b7449a6d-afc1-45da-97d8-e22279306933,GORDANA TOPIC,GORDANA TOPIC,,,,Socialist Party of Serbia,socialist_party_of_serbia,,,National Assembly,10,2014-07-31,,,,,,
d69ce588-164c-441b-988f-11d483f20e68,GORDANA ZORIC,GORDANA Dr ZORIC,,,,Serbian Progressive Party,serbian_progressive_party,,,National Assembly,10,,,,,,,
29bde815-be82-49fb-ad63-b2eca0571808,GORJANA MARINKOVIC,GORJANA MARINKOVIC,,,,Serbian Progressive Party,serbian_progressive_party,,,National Assembly,10,2014-12-17,,,,,,
f10b6e92-ad26-4259-b166-57b74f919df5,GROZDANA BANAC,GROZDANA BANAC,,,,Party of United Pensioners of Serbia,party_of_united_pensioners_of_serbia,,,National Assembly,10,,,,,,,
669374f4-8da4-4f17-9e7f-582f4ff5f167,HAJI MILORAD STOSIC,HAJI MILORAD STOSIC,,,,Party of United Pensioners of Serbia,party_of_united_pensioners_of_serbia,,,National Assembly,10,,,,,,,
ea8e9385-274b-4814-b484-8d0eae456345,IGOR MA BECIC,IGOR MA BECIC,,,,Serbian Progressive Party,serbian_progressive_party,,,National Assembly,10,,,,male,Q28861629,,
de92280d-7e43-4ebd-830f-cb4a51393ca4,IRENA ALEKSIC,IRENA ALEKSIC,,,,Serbian Progressive Party,serbian_progressive_party,,,National Assembly,10,,,,,,,
1ca38fe6-06fb-4ec4-ae4f-3481a220c38c,IVAN BAUER,IVAN Dr BAUER,,bauerivan,ivan.bauer.127,Social Democratic Party of Serbia,social_democratic_party_of_serbia,,,National Assembly,10,,,,male,Q28861533,,
33ff8e42-efd9-42d2-9b69-c2e5b972dee3,IVAN JOVANOVIC,IVAN JOVANOVIC,,IvoJovanovic,ds.ivanjovanovic,unknown,unknown,,,National Assembly,10,2014-10-27,,,,,,
cf77dcb1-b502-4a77-98b7-592b3ca312f7,IVAN KARIC,IVAN KARIC,,ZeleniPoslanik,ivan.karic.773,Socialist Party of Serbia,socialist_party_of_serbia,,,National Assembly,10,,,,male,Q15733587,,
a6e41db9-3aa4-4ebb-8242-e5146e43f8d7,IVANA DINIC,IVANA DINIC,,,,Socialist Party of Serbia,socialist_party_of_serbia,,,National Assembly,10,,,,,,,
68a63206-2a94-48a7-b65a-751d6330b341,IVANA STOJILjKOVIĆ,IVANA STOJILjKOVIĆ,,,PoslanickaKancelarijaUzice,Serbian Progressive Party,serbian_progressive_party,,,National Assembly,10,,,,,,,
f5fc19ba-892a-41ee-9a58-c72fefd0e386,IVICA JEVTIC,IVICA JEVTIC,,,,Serbian Progressive Party,serbian_progressive_party,,,National Assembly,10,,,,,,,
cc993d2f-c81b-4433-8bdb-e82c52a52bc2,JANKO VESELINOVIC,JANKO Dr VESELINOVIC,,,,unknown,unknown,,,National Assembly,10,,,https://upload.wikimedia.org/wikipedia/commons/0/08/Janko_2.jpg,male,Q6154858,,
1e1fdfe7-8ffe-499f-93de-c794024ed389,JASMINA OBRADOVIC,JASMINA OBRADOVIC,,,,Serbian Progressive Party,serbian_progressive_party,,,National Assembly,10,,,,,,,
ea55fb5e-f0e0-4519-8876-ce3ae5a6ffc2,JELENA MIJATOVIC,JELENA MIJATOVIC,,,,Serbian Progressive Party,serbian_progressive_party,,,National Assembly,10,,,,,,,
98c2f319-5d27-4618-95de-4a8578319ca9,JELISAVETA PRIBOJAC,JELISAVETA PRIBOJAC,,,,Serbian Progressive Party,serbian_progressive_party,,,National Assembly,10,,,,,,,
35263afa-414c-46ce-9db1-d7eeb69deb9b,JELISAVETA VELjKOVIC,JELISAVETA VELjKOVIC,,,,Party of United Pensioners of Serbia,party_of_united_pensioners_of_serbia,,,National Assembly,10,,,,,,,
e10d1c74-5dd7-4e9d-b8c5-5df2856c51b9,JEZDIMIR VUCETIC,JEZDIMIR Dr VUCETIC,,,,Serbian Progressive Party,serbian_progressive_party,,,National Assembly,10,,,,,,,
30a0e9c3-7479-46ec-977a-f1026f4431b4,JOVAN MARKOVIC,JOVAN MARKOVIC,,,,Democratic Party,democratic_party,,,National Assembly,10,,,,,,,
912ba055-db0d-4a6f-bfd9-c11252a4e870,JOVANA JOVANOVIC,JOVANA JOVANOVIC,,jjovanoviceva,jovana.j88,Democratic Party,democratic_party,,,National Assembly,10,,,,,,,
02dc2b28-e237-464a-9c80-6d1502a21a2a,JOVICA JEVTIC,JOVICA JEVTIC,,,,Serbian Progressive Party,serbian_progressive_party,,,National Assembly,10,,,,male,Q33133790,,
e0fea657-09fe-44f1-94aa-7926bc4e3758,KATARINA RAKIC,KATARINA RAKIC,,RakicKatarina,Katarina-Rakic-560006640812374,Serbian Progressive Party,serbian_progressive_party,,,National Assembly,10,,,,,,,
de1210b0-19ab-4572-a1cc-efac303c3322,KATARINA SUSNjAR,KATARINA SUSNjAR,,,,Serbian Progressive Party,serbian_progressive_party,,,National Assembly,10,,,,,,,
139fe2e0-c6a1-4ba2-81b7-f90bb497f144,KONSTANTIN ARSENOVIC,KONSTANTIN ARSENOVIC,,,,Party of United Pensioners of Serbia,party_of_united_pensioners_of_serbia,,,National Assembly,10,,,,male,Q16027876,,
466350c0-55b6-4c14-87ff-a84d6e2cca74,KRSTIMIR PANTIC,KRSTIMIR PANTIC,,,,Serbian Progressive Party,serbian_progressive_party,,,National Assembly,10,,,,,,,
01f37449-8ae5-426c-9cfd-d9a6747e9669,LJILJANA NESTOROVIC,LJILJANA NESTOROVIC,,,,Social Democratic Party of Serbia,social_democratic_party_of_serbia,,,National Assembly,10,,,,,,,
dbfc85ab-a5ab-448c-a374-2c43cfd7df58,LJUBICA MRDAKOVIC TODOROVIC,LJUBICA Dr MRDAKOVIC TODOROVIC,,,,Serbian Progressive Party,serbian_progressive_party,,,National Assembly,10,,,,,,,
de6a4135-4408-4768-bb91-1c0dc4f33afd,LJUBISA STOJMIROVIC,LJUBISA prof. Dr STOJMIROVIC,,,,Serbian Progressive Party,serbian_progressive_party,,,National Assembly,10,,,,,,,
76a27393-1566-4c37-b781-e5136c98bda8,LjIBUSKA LAKATOS,LjIBUSKA LAKATOS,,,,Serbian Progressive Party,serbian_progressive_party,,,National Assembly,10,,,,,,,
b8dda415-aad3-4045-bb31-5f0d20bc98bc,LjILjANA BERONjA,LjILjANA Dr BERONjA,,,,Serbian Progressive Party,serbian_progressive_party,,,National Assembly,10,,,,,,,
923b1dc6-c661-4b95-a913-7e9d361729dd,LjILjANA KOSORIC,LjILjANA KOSORIC,,,,Serbian Renewal Movement – Demo-Christian Party of Serbia,serbian_renewal_movement_–_demo-christian_party_of_serbia,,,National Assembly,10,,,,,,,
e86d5354-65f9-4eee-b98d-122eda967cbb,LjILjANA MALUSIC,LjILjANA MALUSIC,,,,Serbian Progressive Party,serbian_progressive_party,,,National Assembly,10,,,,,,,
33aae2fe-a880-4f34-b135-09c3084afab1,LÁSZLÓ VARGA,LÁSZLÓ VARGA,,,,Alliance of Vojvodina Hungarians,alliance_of_vojvodina_hungarians,,,National Assembly,10,,,,,,,
efabdf37-1e80-46cd-8d7b-9a41ae6496d4,MAJA GOJKOVIC,MAJA GOJKOVIC,,,,Serbian Progressive Party,serbian_progressive_party,,,National Assembly,10,,,https://upload.wikimedia.org/wikipedia/commons/0/0d/Maja_Gojković.jpg,female,Q1280390,,
fc36af8a-be72-45f1-9d09-009de06c0495,MARIJA JEVDJIĆ,MARIJA JEVDJIĆ,,,,United Serbia,united_serbia,,,National Assembly,10,,,,female,Q33128806,,
e40e9289-7559-4c64-9a4c-a532b421059f,MARIJA OBRADOVIC,MARIJA OBRADOVIC,,marijatvkv,marija.obradovicbgd,Serbian Progressive Party,serbian_progressive_party,,,National Assembly,10,,,,,,,
223b0432-79f3-4084-81d4-00a86334772a,MARIJAN RISTICEVIC,MARIJAN RISTICEVIC,,MarijanRistievi,,Serbian Progressive Party,serbian_progressive_party,,,National Assembly,10,,,https://upload.wikimedia.org/wikipedia/commons/3/36/Marijan_Rističević.jpg,male,Q1252375,,
74258df3-2653-4cf6-b652-66d43fe7a972,MARJANA MARAS,MARJANA MARAS,,,,Socialist Party of Serbia,socialist_party_of_serbia,,,National Assembly,10,,,,,,,
8b103c82-f8a3-476e-b567-d2a2216b64d7,MARKO ATLAGIC,MARKO Prof. Dr ATLAGIC,,,,Serbian Progressive Party,serbian_progressive_party,,,National Assembly,10,,,https://upload.wikimedia.org/wikipedia/commons/1/1c/Marko_Atlagić.jpg,male,Q6771114,,
ad7d3ffb-b708-4100-9fc1-73a8c0a02b0a,MARKO DJURISIC,MARKO DJURISIC,,,,"Boris Tadic – Social Democratic Party, Together for Serbia","boris_tadic_–_social_democratic_party,_together_for_serbia",,,National Assembly,10,,,,,,,
1ca61d02-c034-4238-a3ca-974b5d30ffea,MEHO OMEROVIC,MEHO OMEROVIC,,,,Social Democratic Party of Serbia,social_democratic_party_of_serbia,,,National Assembly,10,,,,,,,
44d075f1-157e-4169-b0be-c1b3bcc38e32,MILAN DJURICA,MILAN DJURICA,,,,Serbian Progressive Party,serbian_progressive_party,,,National Assembly,10,,,,,,,
f582dd34-4d5a-464c-8acb-211cff1551fb,MILAN KNEZEVIC,MILAN Prof. Dr KNEZEVIC,,,,Serbian Progressive Party,serbian_progressive_party,,,National Assembly,10,,,,male,,,
a0007e8e-a741-48a0-a76f-dc0e7a4d01d4,MILAN KORAC,MILAN KORAC,,,,Party of United Pensioners of Serbia,party_of_united_pensioners_of_serbia,,,National Assembly,10,,,,,,,
78f2be19-4f85-4ecc-9771-1cfa222c7c4a,MILAN KOVACEVIC,MILAN KOVACEVIC,,,,Serbian Progressive Party,serbian_progressive_party,,,National Assembly,10,,,,,,,
3395afc0-39f9-41ae-96c6-b4b7ff2440aa,MILAN KRKOBABIC,MILAN KRKOBABIC,,,,Party of United Pensioners of Serbia,party_of_united_pensioners_of_serbia,,,National Assembly,10,,,,,,,
0e537eb1-d449-4ab1-b2d3-85e297037d6f,MILAN LATKOVIC,MILAN Dr LATKOVIC,,,milan.latkovic.10,Socialist Party of Serbia,socialist_party_of_serbia,,,National Assembly,10,,,,,,,
27c01b3a-7fd2-41b4-b704-f33304c6a5e7,MILAN NOVAKOVIC,MILAN NOVAKOVIC,,,,Serbian Progressive Party,serbian_progressive_party,,,National Assembly,10,,,,,,,
e778cdf8-3317-4ee2-ba33-256469ac8344,MILAN PETRIC,MILAN PETRIC,,,,unknown,unknown,,,National Assembly,10,,,,,,,
76f3d211-0502-492e-b2da-95ad1485f965,MILAN STEVANOVIC,MILAN STEVANOVIC,,milanpixel,milan.stevanovic.1420,Serbian Progressive Party,serbian_progressive_party,,,National Assembly,10,,,,,,,
a6a7a01b-c11d-4f5d-b4c9-019b4d0e2644,MILANKA JEVTOVIC VUKOJICIC,MILANKA JEVTOVIC VUKOJICIC,,,,Serbian Progressive Party,serbian_progressive_party,,,National Assembly,10,,,,female,Q33358100,,
12a0485d-d9de-4890-a139-6a1c3ecdecb2,MILANKA KARIC,MILANKA KARIC,,milankakaric,milanka.karic,Serbian Progressive Party,serbian_progressive_party,,,National Assembly,10,,,,,,,
bc5c69f1-5623-4039-850f-fe6c49bb407f,MILENA BICANIN,MILENA BICANIN,,,,Social Democratic Party of Serbia,social_democratic_party_of_serbia,,,National Assembly,10,,,,female,Q28869043,,
30c0ed08-5479-491d-8e1b-5a79dc330d75,MILENA CORILIC,MILENA CORILIC,,,,Party of United Pensioners of Serbia,party_of_united_pensioners_of_serbia,,,National Assembly,10,,,,female,Q29231268,,
6844db8b-29a8-499f-84e1-ddb229ac47e6,MILENA TURK,MILENA TURK,,,milena.nedeljkovic.716,Serbian Progressive Party,serbian_progressive_party,,,National Assembly,10,,,,,,,
332e3aeb-aa6b-4b01-8ed9-6137c4177c64,MILETA POSKURICA,MILETA POSKURICA,,,,Serbian Progressive Party,serbian_progressive_party,,,National Assembly,10,,,,,,,
c9d4455e-ff47-4bff-9bd5-0d65591e9230,MILETIC MIHAJLOVIC,MILETIC MIHAJLOVIC,,,,Socialist Party of Serbia,socialist_party_of_serbia,,,National Assembly,10,,,,,,,
bb7ba8de-38c3-4f7b-b349-33c04d657775,MILIJA MILETIC,MILIJA MILETIC,,MilijaMiletic,mileticmilija,Serbian Progressive Party,serbian_progressive_party,,,National Assembly,10,,,,male,Q21485032,,
4161e20d-6d3e-4f7f-95cd-d0ed025ba646,MILINKO ZIVKOVIC,MILINKO ZIVKOVIC,,,,Serbian Progressive Party,serbian_progressive_party,,,National Assembly,10,,,,,,,
782b2327-a2e8-49be-a0f7-14d726c8fede,MILISAV PETRONIJEVIC,MILISAV PETRONIJEVIC,,,,Socialist Party of Serbia,socialist_party_of_serbia,,,National Assembly,10,,,,,,,
ddb1acaf-faf2-46df-832d-c152c6fd30ca,MILORAD CVETANOVIC,MILORAD CVETANOVIC,,,,Serbian Progressive Party,serbian_progressive_party,,,National Assembly,10,,,,,,,
09ed0c3e-e4a3-4754-b634-19f1b9138433,MILORAD MIJATOVIC,MILORAD Dr MIJATOVIC,,,milorad.mijatovic.3,Social Democratic Party of Serbia,social_democratic_party_of_serbia,,,National Assembly,10,,,,,,,
8d2f04a9-8a9d-4f2f-a82b-2a48b74e7c1a,MILOS TOSANIC,MILOS TOSANIC,,,,Serbian Progressive Party,serbian_progressive_party,,,National Assembly,10,,,,,,,
42859f10-660b-41b0-a38b-d2c0fee4fd93,MILOSAV MILOJEVIC,MILOSAV MILOJEVIC,,,,Serbian Progressive Party,serbian_progressive_party,,,National Assembly,10,,,,,,,
5069ea47-4780-4747-82cf-37fbb326dac1,MILOVAN DRECUN,MILOVAN DRECUN,,,,Serbian Progressive Party,serbian_progressive_party,,,National Assembly,10,,,,male,Q6860560,,
c1287d8a-4abb-4aed-add3-be400c2660a5,MILUTIN MRKONЈIC,MILUTIN MRKONЈIC,,mrkapreroka,,Socialist Party of Serbia,socialist_party_of_serbia,,,National Assembly,10,,,https://upload.wikimedia.org/wikipedia/commons/e/ef/Milutin_Mrkonjić_Crop.jpg,male,Q3314557,,
a44ad647-fdea-48fb-866a-62cd43063a8a,MILjANA NIKOLIC,MILjANA NIKOLIC,,,,Serbian Progressive Party,serbian_progressive_party,,,National Assembly,10,,,,,,,
7f4fc7fa-b89a-4ef5-9046-426e7dc42561,MIODRAG LINTA,MIODRAG LINTA,,MiodragLinta,,Serbian Progressive Party,serbian_progressive_party,,,National Assembly,10,,,,,,,
b9784444-5665-4ccf-84e7-5a99d8140464,MIODRAG NIKOLIC,MIODRAG NIKOLIC,,,,Serbian Progressive Party,serbian_progressive_party,,,National Assembly,10,,,,,,,
3d369312-0641-411e-98a5-40000fe4b7eb,MIRA PETROVIC,MIRA PETROVIC,,,,Party of United Pensioners of Serbia,party_of_united_pensioners_of_serbia,,,National Assembly,10,,,,,,,
17deb795-1d5c-4afc-910d-559768d7eb2f,MIRJANA ANDRIC,MIRJANA ANDRIC,,,,Serbian Progressive Party,serbian_progressive_party,,,National Assembly,10,,,,,,,
c7070917-8f11-4963-82ba-266912d2690d,MIRJANA DJOKOVIC,MIRJANA DJOKOVIC,,,mirjana.djokovic.129,Serbian Progressive Party,serbian_progressive_party,,,National Assembly,10,,,,,,,
d98c08ba-9e3d-4767-b5c9-f2bd853ddbda,MIRJANA DRAGAS,MIRJANA DRAGAS,,,,Socialist Party of Serbia,socialist_party_of_serbia,,,National Assembly,10,,,,,,,
1b441a69-0d7f-48b6-be2f-1121364ccfed,MIRJANA MARJANOVIC,MIRJANA MARJANOVIC,,,,Serbian Progressive Party,serbian_progressive_party,,,National Assembly,10,,,,,,,
bc8bb5f7-ebd9-4195-a5c9-9f2dcd388ca1,MIRKO CIKIRIZ,MIRKO CIKIRIZ,,CikirizSPO,mirko.cikiriz,Serbian Renewal Movement – Demo-Christian Party of Serbia,serbian_renewal_movement_–_demo-christian_party_of_serbia,,,National Assembly,10,,,,,,,
eadcceb8-8dc6-4b67-a5d4-74805af508b1,MIRKO KRLIC,MIRKO KRLIC,,,,Serbian Progressive Party,serbian_progressive_party,,,National Assembly,10,,,,male,,,
1186b611-b3d9-4627-88c4-b982b11b7d04,MIROLjUB STANKOVIC,MIROLjUB STANKOVIC,,,,Party of United Pensioners of Serbia,party_of_united_pensioners_of_serbia,,,National Assembly,10,,,,,,,
eae3bc7b-0a76-44bd-a4ce-2cc736448e23,MIROSLAV MARINKOVIC,MIROSLAV MARINKOVIC,,,,"Boris Tadic – Social Democratic Party, Together for Serbia","boris_tadic_–_social_democratic_party,_together_for_serbia",,,National Assembly,10,2015-10-22,,,,,,
03d42442-249c-40d4-a463-0ad4e414d65c,MIROSLAV MARKICEVIC,MIROSLAV MARKICEVIC,,,,New Serbia,new_serbia,,,National Assembly,10,,,,male,,,
ac8c820b-6b63-4137-9bc7-adeb80190e31,MLADEN GRUJIC,MLADEN GRUJIC,,,,New Serbia,new_serbia,,,National Assembly,10,,,,male,Q30122905,,
1221b585-6a0d-4e99-a519-e2f72b302ecf,MLADEN LUKIC,MLADEN LUKIC,,,,Serbian Progressive Party,serbian_progressive_party,,,National Assembly,10,,,,,,,
2f946a0e-7b8f-41ee-a64a-6ddbb5748808,MOMIR STOJANOVIC,MOMIR STOJANOVIC,,,,Serbian Progressive Party,serbian_progressive_party,,,National Assembly,10,,,,,,,
71dc3784-5396-4116-97fa-017835dd149b,MOMO COLAKOVIC,MOMO COLAKOVIC,,,,Party of United Pensioners of Serbia,party_of_united_pensioners_of_serbia,,,National Assembly,10,,,,male,Q16266666,,
b8cbc367-0b85-4c52-bf74-9f529caf8323,MUAMER BACEVAC,MUAMER Dr BACEVAC,,mbacevac,,Social Democratic Party of Serbia,social_democratic_party_of_serbia,,,National Assembly,10,,,,male,Q28839999,,
41447b0c-65bf-474b-9ae3-98328f07bdd1,MUJO MUKOVIC,MUJO MUKOVIC,,,,Serbian Progressive Party,serbian_progressive_party,,,National Assembly,10,,,,,,,
6ec81776-75f7-465a-8548-c68593386cd9,NADA LAZIC,NADA LAZIC,,,,League of Social Democrats of Vojvodina,league_of_social_democrats_of_vojvodina,,,National Assembly,10,,,,,,,
8b1666f9-618b-4c2c-872a-d3f70a9ad65c,NADICA NIKOLIC TANASIJEVIC,NADICA NIKOLIC TANASIJEVIC,,,,Serbian Progressive Party,serbian_progressive_party,,,National Assembly,10,,,,,,,
90481214-373f-440a-bf7c-6253342dedf3,NATASA VUCKOVIC,NATASA VUCKOVIC,,,,Democratic Party,democratic_party,,,National Assembly,10,,,,,,,
6c9f4393-61a1-4bde-9aa0-f2406eaccd1f,NEBOJSA BERIC,NEBOJSA BERIC,,,,Serbian Progressive Party,serbian_progressive_party,,,National Assembly,10,,,,,,,
964292d1-bec8-46ad-8c1c-2f4babf51a94,NEBOJSA PETROVIC,NEBOJSA Prof Dr PETROVIC,,,,Serbian Progressive Party,serbian_progressive_party,,,National Assembly,10,,,,,,,
1745c524-bb6b-411b-a2ef-8e1dc746db8a,NEBOJSA TATOMIR,NEBOJSA TATOMIR,,,,Serbian Progressive Party,serbian_progressive_party,,,National Assembly,10,,,,,,,
b14afed3-4ab1-4f72-9136-607707c5c052,NEDJO JOVANOVIC,NEDJO JOVANOVIC,,,,Socialist Party of Serbia,socialist_party_of_serbia,,,National Assembly,10,,,,,,,
9f7f48d2-03af-4cf8-8b40-75a2fea63bd5,NENAD CANAK,NENAD CANAK,,XXLTulip,,League of Social Democrats of Vojvodina,league_of_social_democrats_of_vojvodina,,,National Assembly,10,,,https://upload.wikimedia.org/wikipedia/commons/8/84/Nenad_Canak_crop.jpg,male,Q1288930,,
612361f3-f29f-40c7-ba22-9e00ef615610,NENAD MILOSAVLjEVIC,NENAD MILOSAVLjEVIC,,,,Socialist Party of Serbia,socialist_party_of_serbia,,,National Assembly,10,,,https://upload.wikimedia.org/wikipedia/commons/f/f6/Nesagalija.jpg,male,Q6563562,,
e47e7eca-13d5-4e96-b2f5-94279c961333,NENAD MITROVIC,NENAD MITROVIC,,,,Serbian Progressive Party,serbian_progressive_party,,,National Assembly,10,,,,,,,
2b1271a3-19c5-4468-a19d-106ea7daa8de,NENAD NIKOLIC,NENAD NIKOLIC,,nenadnikolic,nikolic.nenad,Serbian Progressive Party,serbian_progressive_party,,,National Assembly,10,,,,,,,
b8f7d4f8-c040-4130-9003-6ffeec409e11,NEVENA STOJANOVIC,NEVENA STOJANOVIC,,,,United Serbia,united_serbia,,,National Assembly,10,,,,,,,
3e9a6420-78ae-4c43-a0f1-a2e73a304e0f,NEVENKA MILOSEVIC,NEVENKA MILOSEVIC,,,,Serbian Progressive Party,serbian_progressive_party,,,National Assembly,10,,,,,,,
66da22f4-81b5-47a8-b8b8-57435bf897af,NIKOLA JOLOVIC,NIKOLA JOLOVIC,,,,Serbian Progressive Party,serbian_progressive_party,,,National Assembly,10,,,,,,,
e98ec0a1-7b7b-4456-a754-7ad158380326,NINOSLAV GIRIC,NINOSLAV Dr GIRIC,,,,Serbian Progressive Party,serbian_progressive_party,,,National Assembly,10,,,,,,,
5379cf03-d44f-4a23-8a29-a582cc4dc7f5,NINOSLAV STOJADINOVIC,NINOSLAV Dr STOJADINOVIC,,,,"Boris Tadic – Social Democratic Party, Together for Serbia","boris_tadic_–_social_democratic_party,_together_for_serbia",,,National Assembly,10,,,,,,,
b33cd637-9704-45f2-b957-8252d46b4ed8,NOVICA TONCEV,NOVICA TONCEV,,,,Socialist Party of Serbia,socialist_party_of_serbia,,,National Assembly,10,,,,,,,
01e99082-8cdb-4166-8799-47946410532c,OBRAD ISAILOVIC,OBRAD Dr ISAILOVIC,,,,Serbian Progressive Party,serbian_progressive_party,,,National Assembly,10,,,,,,,
878bafef-3b05-4985-9b4e-2287396e3385,OLENA PAPUGA,OLENA PAPUGA,,,olena.papuga,League of Social Democrats of Vojvodina,league_of_social_democrats_of_vojvodina,,,National Assembly,10,,,,,,,
b24a6a98-8c53-4d0e-a8e6-bcac7a5a4ea8,OLGICA BATIC,OLGICA BATIC,,,,Serbian Renewal Movement – Demo-Christian Party of Serbia,serbian_renewal_movement_–_demo-christian_party_of_serbia,,,National Assembly,10,,,https://upload.wikimedia.org/wikipedia/commons/1/10/Olgica_Batic_2012-mc.rs.jpg,female,Q15699759,,
8a7a1991-07c2-48a1-ae59-13416329be4c,OLIVERA PAULjESKIC,OLIVERA PAULjESKIC,,,olivera.pauljeskic,Serbian Progressive Party,serbian_progressive_party,,,National Assembly,10,,,,,,,
aa5affa1-cc48-4285-9906-0659cb460627,OLIVERA PESIC,OLIVERA PESIC,,,olja.pesic,Serbian Progressive Party,serbian_progressive_party,,,National Assembly,10,,,,,,,
b1ba6288-38e3-40d1-9106-09ffd0565d1a,PETAR PETROVIC,PETAR PETROVIC,,,,United Serbia,united_serbia,,,National Assembly,10,,,,male,,,
44ab0e48-1287-49f7-a332-3c8354d3373f,PREDRAG MIJATOVIC,PREDRAG Dr MIJATOVIC,,,,Serbian Progressive Party,serbian_progressive_party,,,National Assembly,10,,,,,,,
38f5bc54-60a8-4c20-a6b7-eb4b02e54f43,RADMILO KOSTIC,RADMILO KOSTIC,,,,Serbian Progressive Party,serbian_progressive_party,,,National Assembly,10,,,,,,,
c434ac7c-5e7e-404c-b9fb-fcf8c44c6102,RADOSLAV JOVIC,RADOSLAV Dr JOVIC,,,,Serbian Progressive Party,serbian_progressive_party,,,National Assembly,10,,,,,,,
b9509e7b-bbfd-4f13-abdb-676e71e62b99,RIZA HALIMI,RIZA HALIMI,,,,SDA Sandzak – Party of Democratic Action,sda_sandzak_–_party_of_democratic_action,,,National Assembly,10,,,,,,,
4f3fc90d-c361-4b74-8c27-8f0fc5550f33,SABINA DAZDAREVIC,SABINA DAZDAREVIC,,,,SDA Sandzak – Party of Democratic Action,sda_sandzak_–_party_of_democratic_action,,,National Assembly,10,,,,,,,
297368f7-cc4c-45a0-834a-272283a114be,SAIP KAMBERI,SAIP KAMBERI,,,,SDA Sandzak – Party of Democratic Action,sda_sandzak_–_party_of_democratic_action,,,National Assembly,10,,,,,,,
3627405e-ab7c-418f-8173-4ea80a5fe8b5,SANjA NIKOLIC,SANjA NIKOLIC,,sanjanpakao,,Serbian Progressive Party,serbian_progressive_party,,,National Assembly,10,,,,,,,
ad0340dd-3ec2-4afd-8ff1-3d0ff6615595,SASA MAKSIMOVIC,SASA MAKSIMOVIC,,,,Serbian Progressive Party,serbian_progressive_party,,,National Assembly,10,,,,,,,
75f64698-48a3-424b-a4a1-68ff9e3b267e,SASA MIRKOVIC,SASA MIRKOVIC,,,,unknown,unknown,,,National Assembly,10,,,,,,,
b5da4735-823f-4a21-8e37-28e7d762303e,SINISA MAKSIMOVIC,SINISA MAKSIMOVIC,,,,Socialist Party of Serbia,socialist_party_of_serbia,,,National Assembly,10,,,,,,,
a7d39108-ff97-4f64-b505-10abf7b05e26,SLAVICA DJUKIC DEJANOVIC,SLAVICA Prof. Dr DJUKIC DEJANOVIC,,predsednicaNSRS,,Socialist Party of Serbia,socialist_party_of_serbia,,,National Assembly,10,,,https://upload.wikimedia.org/wikipedia/commons/c/c0/Slavica_Djukic_Dejanovic_(1).jpg,female,Q1192059,,
88f9fe46-5058-46fa-b98e-a6fd1306de15,SLOBODAN GVOZDENOVIC,SLOBODAN Dr GVOZDENOVIC,,,,Serbian Progressive Party,serbian_progressive_party,,,National Assembly,10,,,,,,,
5ebfd2c2-1416-4ef3-b008-f5a39650c6ba,SLOBODAN HOMEN,SLOBODAN HOMEN,,,,"Boris Tadic – Social Democratic Party, Together for Serbia","boris_tadic_–_social_democratic_party,_together_for_serbia",,,National Assembly,10,2014-06-05,,,,,,
4a1f698f-8c92-412d-8774-8d16aac62e5b,SLOBODAN PERIC,SLOBODAN PERIC,,,,Serbian Progressive Party,serbian_progressive_party,,,National Assembly,10,,,,,,,
f7d145fa-7133-4762-bf9c-ee69ea54df7d,SLOBODAN VELICKOVIC,SLOBODAN VELICKOVIC,,,,Party of United Pensioners of Serbia,party_of_united_pensioners_of_serbia,,,National Assembly,10,2016-02-01,,,,,,
94e54c47-c67f-443d-ba59-d9166b52e2dd,SNEZANA MALOVIC,SNEZANA MALOVIC,,,,"Boris Tadic – Social Democratic Party, Together for Serbia, Greens of Serbia","boris_tadic_–_social_democratic_party,_together_for_serbia,_greens_of_serbia",,,National Assembly,10,,,https://upload.wikimedia.org/wikipedia/commons/c/c9/Snezana_Malovic.jpg,female,Q468319,,
f285524f-afb1-4072-b13d-7b1b742c28a7,SONjA VLAHOVIC,SONjA VLAHOVIC,,Sonja_Vlahovic,,Serbian Progressive Party,serbian_progressive_party,,,National Assembly,10,,,,,,,
9393981e-be29-48ce-9a46-56742fff280f,SRDJAN DRAGOJEVIC,SRDJAN DRAGOJEVIC,,,,Socialist Party of Serbia,socialist_party_of_serbia,,,National Assembly,10,,,https://upload.wikimedia.org/wikipedia/commons/1/10/SRDJAN_DRAGOJEVIC-PHOTO1.jpg,male,Q385312,,
4951585a-a6dc-4b07-af53-d25e0e50216e,SRDJAN KRUZEVIC,SRDJAN KRUZEVIC,,,,United Serbia,united_serbia,,,National Assembly,10,,,,,,,
ab0d636e-84d8-4d6f-8631-c51f674d2dff,STEFANA MILADINOVIC,STEFANA MILADINOVIC,,just_Stefana,,Socialist Party of Serbia,socialist_party_of_serbia,,,National Assembly,10,,,,,,,
801ca565-a5f0-423c-b9bc-9150c22685d0,SULEJMAN UGLjANIN,SULEJMAN Dr UGLjANIN,,,,SDA Sandzak – Party of Democratic Action,sda_sandzak_–_party_of_democratic_action,,,National Assembly,10,,,https://upload.wikimedia.org/wikipedia/commons/c/c6/Sulejman_Ugljanin_MC.jpg,male,Q1290169,,
edf12ded-f517-4d28-a5c5-5e0d20a648f8,SUZANA SARAC,SUZANA SARAC,,,,Serbian Progressive Party,serbian_progressive_party,,,National Assembly,10,,,,,,,
68883eab-f073-41e3-9452-fda17406e7cb,SUZANA SPASOJEVIC,SUZANA SPASOJEVIC,,,,Socialist Party of Serbia,socialist_party_of_serbia,,,National Assembly,10,,,,,,,
6501456a-d115-4a0b-9692-d32846a10078,SVETISLAV VUKMIRICA,SVETISLAV VUKMIRICA,,,,Serbian Progressive Party,serbian_progressive_party,,,National Assembly,10,,,,,,,
9de74f59-1566-4621-a580-7ef984140857,TANJA TOMASEVIC DAMNJANOVIC,TANJA TOMASEVIC DAMNJANOVIC,,,tanja.tomasevic.31,Serbian Progressive Party,serbian_progressive_party,,,National Assembly,10,,,,female,,,
3797f88e-dc76-4110-9e1c-87bcf610cb50,VANjA VUKIC,VANjA VUKIC,,,,Socialist Party of Serbia,socialist_party_of_serbia,,,National Assembly,10,,,,,,,
a3e7a579-4e38-471c-9af2-8ba11e35846a,VELIBOR STOJKOVIC,VELIBOR STOJKOVIC,,,veliborstojkoviclibe,Serbian Progressive Party,serbian_progressive_party,,,National Assembly,10,,,,,,,
c9ad3724-af06-4774-87b7-62e25129b910,VELIMIR STANOJEVIC,VELIMIR STANOJEVIC,,,,New Serbia,new_serbia,,,National Assembly,10,,,,,,,
96a7fbd5-2dc4-4369-a0b1-c54440889da6,VELINKA TOSIC,VELINKA TOSIC,,,,Serbian Progressive Party,serbian_progressive_party,,,National Assembly,10,,,,,,,
96e822b8-f63f-435a-b1e2-820b10791cd0,VERA PAUNOVIC,VERA PAUNOVIC,,,,Party of United Pensioners of Serbia,party_of_united_pensioners_of_serbia,,,National Assembly,10,,,,,,,
12650b61-1c3a-4ec5-ab22-04c45e032916,VEROLJUB ARSIC,VEROLJUB ARSIC,,,,Serbian Progressive Party,serbian_progressive_party,,,National Assembly,10,,,,male,Q16027877,,
03062845-a266-415b-88f5-abf6429c2223,VEROLjUB MATIC,VEROLjUB MATIC,,,,Serbian Progressive Party,serbian_progressive_party,,,National Assembly,10,,,,,,,
9a64cc2f-fb39-4a6e-8083-4d49ab3a7905,VESNA BESAROVIC,VESNA Prof. Dr BESAROVIC,,,,Social Democratic Party of Serbia,social_democratic_party_of_serbia,,,National Assembly,10,,,,,,,
75e0e9a8-82ee-4442-8d6f-659404bd2a0d,VESNA MARJANOVIC,VESNA MARJANOVIC,,marjanovic_v,vesna.marjanovic,Democratic Party,democratic_party,,,National Assembly,10,,,,,,,
8226d04e-c332-4449-be0b-0655daad6003,VESNA MARKOVIC,VESNA MARKOVIC,,,,Serbian Progressive Party,serbian_progressive_party,,,National Assembly,10,,,,,,,
f3c4eb72-3b5f-4904-86cc-86949e95272c,VESNA MARTINOVIĆ,VESNA MARTINOVIĆ,,,,Democratic Party,democratic_party,,,National Assembly,10,,,,,,,
dd58d4a2-79cd-484b-bd08-5afc59a94ff8,VESNA RAKONJAC,VESNA Dr RAKONJAC,,,,Serbian Progressive Party,serbian_progressive_party,,,National Assembly,10,,,,,,,
8557e27f-fe43-4be8-841a-4ce230e07aac,VESNA SIMIĆ,VESNA Dr SIMIĆ,,,,Serbian Progressive Party,serbian_progressive_party,,,National Assembly,10,,,,,,,
3e92281b-6ec6-4f3c-9568-d0804c9969f7,VIOLETA LUTOVAC,VIOLETA LUTOVAC,,,lutovac,Serbian Progressive Party,serbian_progressive_party,,,National Assembly,10,,,,,,,
e1276ee5-5d3c-444a-bc2d-965eaa58e044,VLADAN MILOSEVIC,VLADAN MILOSEVIC,,,,Serbian Progressive Party,serbian_progressive_party,,,National Assembly,10,,,,,,,
17803a75-7f0a-4ff1-85bd-423e56d48d2c,VLADICA DIMITROV,VLADICA DIMITROV,,,,Serbian Progressive Party,serbian_progressive_party,,,National Assembly,10,,,,,,,
e7b4408d-11d9-4cca-ab6f-059b370b95b7,VLADIMIR DJUKANOVIC,VLADIMIR DJUKANOVIC,,djuka_sns,vladimir.djukanovic.5,Serbian Progressive Party,serbian_progressive_party,,,National Assembly,10,,,,male,Q29372037,,
ab5332a6-d342-4294-91e1-ac8dd1bbc48b,VLADIMIR MARINKOVIC,VLADIMIR Prof. Dr MARINKOVIC,,vmarinkovic99,Kancelarijapotpredsednika,Social Democratic Party of Serbia,social_democratic_party_of_serbia,,,National Assembly,10,,,,,,,
c6f149d2-e3cc-40ef-bc1b-ef68aa0f6053,VLADIMIR ORLIC,VLADIMIR Dr ORLIC,,Vladimir_Orlic,dr.Vladimir.Orlic,Serbian Progressive Party,serbian_progressive_party,,,National Assembly,10,,,,,,,
a67eddc5-eb32-4e27-bd1e-d8df3786186e,VLADIMIR PAVICEVIC,VLADIMIR PAVICEVIC,,vpavicevic,vladimir.pavicevic,unknown,unknown,,,National Assembly,10,,,,,,,
43ab6bb3-89b2-4538-a262-056f00c88aa4,VLADIMIR PETKOVIC,VLADIMIR PETKOVIC,,,,Serbian Progressive Party,serbian_progressive_party,,,National Assembly,10,,,,,,,
2837ee78-4f41-4878-92b6-6fe973d17793,VLADO BABIC,VLADO BABIC,,,,Serbian Progressive Party,serbian_progressive_party,,,National Assembly,10,,,,male,Q28835129,,
3761f91c-ccdb-485a-a6b2-a608f736f1c8,VOJISLAV VUJIC,VOJISLAV VUJIC,,,,United Serbia,united_serbia,,,National Assembly,10,,,,,,,
061fb50b-b2dd-40b1-9186-181c7f1b4815,VUCETA TOSKOVIC,VUCETA TOSKOVIC,,,,Serbian Progressive Party,serbian_progressive_party,,,National Assembly,10,,,,,,,
70a0cb4f-1065-4143-ad44-c029b6b49a3f,ZARKO BOGATINOVIC,ZARKO BOGATINOVIC,,,,Serbian Progressive Party,serbian_progressive_party,,,National Assembly,10,,,,male,Q28911864,,
85df6840-7a49-44a1-870f-d90c6202b2aa,ZARKO MICIN,ZARKO MICIN,,,,Serbian Progressive Party,serbian_progressive_party,,,National Assembly,10,,,,,,,
591607d9-71b6-475f-82ba-8b1894404e06,ZARKO OBRADOVIC,ZARKO Prof. Dr OBRADOVIC,,,,Socialist Party of Serbia,socialist_party_of_serbia,,,National Assembly,10,,,https://upload.wikimedia.org/wikipedia/commons/6/68/Žarko_Obradović.jpg,male,Q3443084,,
c0d584a1-ffc9-4545-87db-d280ff048b8b,ZELJKO SUSEC,ZELJKO SUSEC,,,,Serbian Progressive Party,serbian_progressive_party,,,National Assembly,10,,,,male,,,
c384d750-087a-4ca0-926f-cb7340fa7c4a,ZIKA GOJKOVIC,ZIKA GOJKOVIC,,,gojkoviczika,Serbian Renewal Movement – Demo-Christian Party of Serbia,serbian_renewal_movement_–_demo-christian_party_of_serbia,,,National Assembly,10,,,,male,Q29888661,,
d2c2f560-c353-4bad-8ec7-877074663805,ZIVAN DJURISIC,ZIVAN DJURISIC,,,,Serbian Progressive Party,serbian_progressive_party,,,National Assembly,10,,,,,,,
90bc0007-4799-4677-8ee4-8bc2f0853aa6,ZLATA DJERIC,ZLATA DJERIC,,,,New Serbia,new_serbia,,,National Assembly,10,,,,,,,
7084b363-25bf-4774-900e-78234b49e510,ZOLTÁN PÉK,ZOLTÁN PÉK,,,zoltan.pek.33,Alliance of Vojvodina Hungarians,alliance_of_vojvodina_hungarians,,,National Assembly,10,,,,male,,,
a2a07ece-309c-4d9a-a2cc-a48e5ccf9892,ZORAN ANTIC,ZORAN ANTIC,,,,Serbian Progressive Party,serbian_progressive_party,,,National Assembly,10,,,,,,,
03ab5ca2-0c66-4a0f-8082-80224023a4ae,ZORAN BABIC,ZORAN BABIC,,,,Serbian Progressive Party,serbian_progressive_party,,,National Assembly,10,,,,,,,
e549b222-5a80-486d-aa93-fac9d90c787c,ZORAN BOJANIC,ZORAN BOJANIC,,,zoranboj89,Serbian Progressive Party,serbian_progressive_party,,,National Assembly,10,,,,male,Q28925118,,
6c92fb7d-ddda-4d58-901e-29745adf23ff,ZORAN JOZIC,ZORAN JOZIC,,,zoran.jozic.94,Serbian Progressive Party,serbian_progressive_party,,,National Assembly,10,,,,,,,
8029e3ed-158b-4367-a74d-50d96a3e2a12,ZORAN MILEKIC,ZORAN MILEKIC,,,,Serbian Progressive Party,serbian_progressive_party,,,National Assembly,10,,,,male,,,
97914800-da86-478c-86a1-9f84fdac47aa,ZORAN PRALICA,ZORAN PRALICA,,,,Serbian Progressive Party,serbian_progressive_party,,,National Assembly,10,,,,,,,
19eccb50-63dc-4044-9270-a54d4f3141ec,ZORAN ZIVKOVIC,ZORAN ZIVKOVIC,,zorandirektno,ZoranZivkovicNovaStranka,unknown,unknown,,,National Assembly,10,,,https://upload.wikimedia.org/wikipedia/commons/5/53/Zoran_Živković.jpg,male,Q226696,,
dc55080c-c899-42ca-a734-df9bad77287f,ZVONIMIR STEVIC,ZVONIMIR STEVIC,,,,Socialist Party of Serbia,socialist_party_of_serbia,,,National Assembly,10,,,,,,,
0c0ee673-9484-4983-ac38-cf50df851aa4,ÁRPÁD FREMOND,ÁRPÁD FREMOND,,,arpad.fremond,Alliance of Vojvodina Hungarians,alliance_of_vojvodina_hungarians,,,National Assembly,10,,,,male,Q29583315,,
